Observation_Day,beta_i_symptomatic,beta_e_asymptomatic,phi_e_prop_asymptomatic,phi_r_recovery,phi_d_mortality,v_vaccination_rate
1.0,0.08155256463375948,0.0018243861730603485,0.07884638674593655,0.06941967062634234,0.003829133413234658,0.0088561653876842
2.0,0.08089032479671567,0.0018151790456538643,0.0784820025792089,0.07005025264330929,0.0038289357230711155,0.008856671164868489
3.0,0.08030402860806415,0.0018087743792044298,0.07815043188181775,0.07068144816060727,0.003827271694739111,0.008855910744753302
4.0,0.07979478675227547,0.0018052152003650746,0.07785288908808218,0.07131248282264296,0.0038240985346044472,0.008853852480374598
5.0,0.07936366277793039,0.0018045504984840715,0.07759056161515282,0.07194261038368473,0.0038193765320970394,0.008850463491059059
6.0,0.079011676361911,0.0018068357047696154,0.07736460230065134,0.07257111665728608,0.003813069557038153,0.00884570962231927
7.0,0.07873980591031696,0.0018121331634034993,0.07717612160450953,0.0731973233596324,0.0038051455560600992,0.00883955542042696
8.0,0.07854899046199931,0.0018205125947852124,0.07702617971436262,0.07382059179571097,0.003795577038948468,0.008831964122986917
9.0,0.07844013086108748,0.0018320515508574624,0.07691577869468946,0.0744403263373416,0.0037843415454463228,0.008822897666904691
10.0,0.07841409016449394,0.0018468358621964896,0.07684585481590019,0.07505597764390201,0.0037714220830465293,0.008812316715209047
11.0,0.0784716932494893,0.001864960076249334,0.07681727119111426,0.07566704558007105,0.003756807526572299,0.008800180704249838
12.0,0.0786137255854221,0.0018865278857706877,0.07683081083602268,0.07627308179004606,0.0037404929709021952,0.008786447912836849
13.0,0.0788409311328772,0.0019116525461574684,0.07688717025171786,0.07687369189434635,0.0037224800290200457,0.008771075554909916
14.0,0.07915400933334801,0.0019404572800030657,0.07698695361255617,0.0774685372832688,0.0037027770686344536,0.008754019897327946
15.0,0.07955361115311285,0.0019730756667982133,0.07713066762186963,0.07805733649005012,0.003681399381880118,0.00873523640432868
16.0,0.08004033414666656,0.002009652015293314,0.07731871707855947,0.07863986613645955,0.0036583692840398015,0.008714679910136107
17.0,0.08061471650793028,0.0020503417156099157,0.07755140117809982,0.07921596145354481,0.00363371613876001,0.008692304821072335
18.0,0.081277230081623,0.002095311567747875,0.07782891055298334,0.07978551639017621,0.003607476308823093,0.008668065348361184
19.0,0.08202827231269598,0.0021447400826809584,0.0781513250407477,0.08034848333151408,0.0035796930331287447,0.008641915772586543
20.0,0.0828681571185957,0.002198817751768294,0.07851861215288401,0.08090487245819579,0.003550416232077406,0.008613810740486817
21.0,0.08379710467733789,0.002257747279734022,0.07893062620545814,0.08145475078458779,0.0035197022449888118,0.008583705594424373
22.0,0.08481523013390367,0.0023217437759844506,0.07938710806233369,0.0819982409206248,0.003487613504488972,0.008551556734464501
23.0,0.08592253123829809,0.002391034898544072,0.0798876854345216,0.08253551960635554,0.0034542181539238145,0.00851732201253167
24.0,0.0871188749407227,0.002465860944402238,0.08043187367432476,0.08306681607122555,0.0034195896147812027,0.008480961157582748
25.0,0.0884039829827231,0.0025464748795766766,0.08101907700045978,0.08359241027128717,0.003383806111807504,0.008442436230150336
26.0,0.08977741653789326,0.002633142301723535,0.08164859009000847,0.0841126310569633,0.003346950163982107,0.008401712103969053
27.0,0.09123855997180506,0.002726141327664392,0.08231959997463603,0.08462785432177643,0.003309108049762711,0.00835875697171032
28.0,0.09278660380832882,0.002825762397766986,0.08303118818174714,0.08513850117871663,0.003270369255044307,0.00831354287112642
29.0,0.09442052700846792,0.0029323079887183597,0.08378233306585608,0.08564503620584124,0.0032308259120998827,0.008266046227153961
30.0,0.09613907868828467,0.0030460922258777833,0.08457191228115925,0.08614796579646503,0.0031905722374118164,0.008216248404765526
31.0,0.09794075942443597,0.0031674403861044332,0.08539870535285733,0.0866478366421432,0.0031497039757847783,0.008164136266603205
32.0,0.09982380231921813,0.0032966882817336415,0.08626139631194013,0.08714523436879101,0.0031083178574816787,0.008109702728700229
33.0,0.10178615402170502,0.0034341815162390447,0.0871585763657013,0.0876407823379539,0.003066511074373842,0.008052947306918771
34.0,0.10382545592733472,0.003580274602078657,0.0880887465839818,0.0881351406166569,0.003024380780275303,0.007993876646129596
35.0,0.1059390258048298,0.0037353299312930274,0.0890503205888798,0.0886290051106275,0.0029820236197684517,0.007932505023658453
36.0,0.10812384012616783,0.003899716589614912,0.09004162724322867,0.08912310684717607,0.0029395352889518838,0.007868854818152785
37.0,0.11037651740187301,0.004073809005171211,0.09106091334039638,0.08961821138581895,0.0028970101306762075,0.007802956934807466
38.0,0.11269330284945597,0.004257985423317919,0.09210634630475759,0.09011511832694669,0.0028545407660017634,0.0077348511778558005
39.0,0.1150700547465267,0.004452626199752286,0.09317601691841372,0.09061466088163475,0.0028122177628315307,0.007664586561404199
40.0,0.11750223284098135,0.004658111904796771,0.09426794209528008,0.09111770545913195,0.002770129341957526,0.007592221550084666
41.0,0.11998488920761433,0.004874821232646379,0.09538006772842386,0.09162515122275441,0.0027283611201200366,0.007517824221630784
42.0,0.1225126619523928,0.005103128710413044,0.09651027164044973,0.09213792955990789,0.0026869958891227344,0.0074414723443556674
43.0,0.12507977217122598,0.0053434022029821915,0.097656366669707,0.09265700340783743,0.002646113429576478,0.007363253363621632
44.0,0.12768002456817268,0.005596000211012662,0.09881610392709743,0.09318336637349721,0.0026057903574604182,0.007283264292728584
45.0,0.13030681212750067,0.005861268960852724,0.09998717625923738,0.09371804158369779,0.002566100001388778,0.007201611505189546
46.0,0.1329531252137965,0.006139539286706497,0.10116722195365947,0.09426208020046467,0.002527112308250312,0.007118410427075831
47.0,0.1356115654435422,0.006431123307059468,0.1023538287206073,0.09481655953637116,0.002488893774739262,0.0070337851299596575
48.0,0.13827436462959924,0.006736310899157569,0.10354453798379462,0.09538258070553275,0.002451507402213714,0.006947867826910114
49.0,0.14093340904648663,0.007055365977230826,0.10473684950928354,0.09596126574801203,0.002415012672291806,0.006860798275953268
50.0,0.14358026919923278,0.0073885225821702025,0.10592822639743311,0.09655375416862998,0.0023794655406194553,0.0067727230973289206
51.0,0.14620623520225456,0.007735980792516907,0.1071161004577287,0.0971611988356427,0.0023449184463069928,0.006683795012703979
52.0,0.14880235778798392,0.008097902468933701,0.10829787798031057,0.09778476119049044,0.002311420334627853,0.006594172016173647
53.0,0.15135949486901068,0.008474406846828242,0.10947094591126685,0.09842560572687244,0.0022790166906929616,0.006504016488340652
54.0,0.1538683634739624,0.008865565994533703,0.11063267843135789,0.09908489370580605,0.0022477495819528625,0.00641349426595858
55.0,0.1563195967681939,0.009271400157471667,0.11178044392993058,0.09976377608311403,0.0022176577075299995,0.006322773680516673
56.0,0.1587038057579529,0.009691873012086055,0.11291161235751276,0.10046338563697116,0.002188776452541241,0.0062320245797003225
57.0,0.161011645163594,0.01012688685710456,0.11402356293211319,0.10118482829573401,0.0021611379457319546,0.006141417345866423
58.0,0.16323388283643278,0.010576277773920239,0.11511369216577863,0.101929173680271,0.002134771118905025,0.006051121925521602
59.0,0.1653614719878046,0.011039810792642199,0.11617942216965903,0.1026974448903472,0.0021097017667896004,0.0059613068832940815
60.0,0.16738562540068488,0.01151717510568697,0.11721820918791219,0.1034906075812427,0.0020859526061544026,0.005872138493068994
61.0,0.16929789070659318,0.012007979376690181,0.11822755230343684,0.10430955839456621,0.002063543333129378,0.005783779877846372
62.0,0.17109022573601923,0.012511747199004681,0.11920500225185911,0.10515511282601529,0.002042490677858126,0.005696390208525257
63.0,0.17275507289160397,0.013027912765069868,0.12014817027460761,0.10602799263240327,0.0020228084557632788,0.005610123970266608
64.0,0.1742854314518179,0.013555816815394105,0.12105473693747269,0.1069288129003385,0.00200450761486959,0.005525130303398944
65.0,0.17567492669059942,0.014094702943636163,0.12192246083791976,0.1078580689191492,0.0019875962787964637,0.005441552424060768
66.0,0.17691787469671924,0.014643714342095517,0.12274918712274824,0.10881612302056522,0.0019720797852045054,0.005359527127980601
67.0,0.17800934179650818,0.015201891079543995,0.1235328557375624,0.10980319156677712,0.0019579607196606704,0.005279184379032498
68.0,0.1789451975257202,0.01576816801041373,0.12427150933101111,0.11081933228622116,0.001945238945073673,0.005200646982520918
69.0,0.17972216016096773,0.016341373420489677,0.12496330073989338,0.11186443217211288,0.0019339116270454687,0.005124030341586021
70.0,0.18033783390835173,0.01692022851898225,0.12560649998598575,0.11293819617167143,0.0019239732556838257,0.005049442293711987
71.0,0.1807907369561381,0.017503347889673036,0.1261995007217693,0.1140401369033839,0.0019154156646227652,0.004976983023092795
72.0,0.18108031972875502,0.018089241014211,0.12674082606999254,0.11516956564479658,0.0019082280481979115,0.004906745043577461
73.0,0.18120697282961323,0.018676314978064608,0.12722913381104692,0.11632558483344865,0.0019023969779173968,0.004838813246089037
74.0,0.1811720243283502,0.019262878463611497,0.12766322088223828,0.1175070823180088,0.001897906419549579,0.004773265003787743
75.0,0.18097772623147362,0.019847147124938257,0.12804202716396693,0.1187127275848687,0.001894737752309245,0.004710170327822397
76.0,0.1806272301707333,0.02042725042478512,0.12836463853929228,0.11994097016697026,0.0018928697917565173,0.004649592066273607
77.0,0.1801245525468393,0.02100123999549469,0.12863028922505063,0.12119004041628263,0.0018922788181189448,0.0045915861388196345
78.0,0.17947452957259835,0.02156709956274835,0.1288383633842866,0.1224579527891223,0.0018929386117996373,0.004536201799732522
79.0,0.17868276286371726,0.02212275644343711,0.1289883960409185,0.1237425117547198,0.001894820497835202,0.004483481922016011
80.0,0.17775555642148713,0.022666094597545875,0.12908007332795884,0.12504132039268254,0.0018978934010106978,0.004433463295806074
81.0,0.17669984603304037,0.02319496917899075,0.12911323210994421,0.12635179169517533,0.001902123913220159,0.0043861769345476965
82.0,0.1755231222755973,0.023707222492708666,0.1290878590282105,0.12767116253593688,0.0019074763744782114,0.004341648382917605
83.0,0.17423334844510907,0.024200701225939814,0.12900408902404223,0.12899651021212866,0.001913912968740857,0.004299898020963088
84.0,0.17283887483163649,0.02467327478172651,0.12886220339933574,0.13032477140814275,0.0019213938353846,0.00426094135945564
85.0,0.17134835082938066,0.025122854503487512,0.12866262747711465,0.13165276337469414,0.0019298771968285727,0.0042247893220013245
86.0,0.1697706363955212,0.025547413542519767,0.12840592792494826,0.1329772070636906,0.001939319502372769,0.004191448509996253
87.0,0.1681147143575295,0.025945007086875773,0.12809280980305834,0.13429475191134974,0.0019496755878785543,0.0041609214470572425
88.0,0.16638960501372824,0.026313792641685086,0.12772411339571316,0.1356020019205855,0.001960898850448875,0.0041332068000885964
89.0,0.16460428437868438,0.02665205002896269,0.1273008108795463,0.13689554266032178,0.0019729414367908016,0.004108299574662749
90.0,0.16276760729731893,0.026958200760446884,0.12682400287588858,0.13817196877536436,0.00198575444347889,0.00408619128289331
91.0,0.16088823649467338,0.02723082643098151,0.12629491492632813,0.13942791158662976,0.0019992881269015337,0.004066870082464287
92.0,0.15897457844852508,0.02746868578308345,0.12571489392180718,0.14066006635837253,0.002013492120280655,0.00405032088595003
93.0,0.1570347267767319,0.027670730105970032,0.1250854045059631,0.14186521881659336,0.0020283156548233454,0.004036525440018916
94.0,0.15507641362791133,0.027836116654482265,0.12440802546348455,0.14304027052067167,0.002043707781805754,0.004025462374562709
95.0,0.1531069693603658,0.02796421980468756,0.12368444609434713,0.14418226271765266,0.0020596175922155645,0.004017107222235449
96.0,0.1511332905971091,0.02805463970278802,0.12291646256527394,0.14528839834441212,0.0020759944304974483,0.004011432409323249
97.0,0.1491618165606985,0.02810720821128287,0.12210597422099738,0.14635606188570333,0.002092788098960126,0.004008407219301192
98.0,0.1471985134254791,0.02812199200981857,0.12125497983017372,0.14738283684427192,0.0021099490495146266,0.004007997730866813
99.0,0.1452488662807161,0.028099292766263866,0.12036557373442214,0.14836652063109274,0.0021274285596183276,0.004010166732671155
100.0,0.14331787817849787,0.02803964435453082,0.11943994186413093,0.14930513673761486,0.002145178889591791,0.004014873617396618
101.0,0.14141007564648267,0.027943807157687014,0.11848035758158709,0.15019694410602996,0.002163153418846585,0.0040220742582529456
102.0,0.1395295199775744,0.02781275955608518,0.11748917731073602,0.15104044366647,0.002181306759000457,0.0040317208713740406
103.0,0.1376798235654077,0.027647686758731287,0.11646883591352197,0.15183438206035038,0.0021995948423483955,0.004043761867992661
104.0,0.135864170534214,0.027449967190178042,0.11542184177527966,0.15257775261566822,0.0022179749846898615,0.004058141700639701
105.0,0.1340853409116943,0.027221156693304067,0.1143507715659588,0.15326979368208066,0.0022364059220689628,0.004074800707950204
106.0,0.13234573761100968,0.026962970849083567,0.1132582646499394,0.15390998447038606,0.0022548478215508767,0.0040936749629489734
107.0,0.13064741551976636,0.026677265746805016,0.11214701712463765,0.1544980385722447,0.002273262266719947,0.004114696129922708
108.0,0.12899211203679134,0.026366017561412557,0.1110197754767857,0.15503389536143783,0.002291612219129506,0.004137791335150687
109.0,0.12738127844854646,0.026031301308300905,0.10987932985491633,0.15551770949772203,0.0023098619574482473,0.0041628830568495
110.0,0.12581611159349,0.025675269149909707,0.10872850696690338,0.15594983876859156,0.002327976996522321,0.004189889039676593
111.0,0.1242975853221528,0.025300128623084315,0.1075701626220774,0.15633083051333158,0.0023459239889969054,0.004218722239021355
112.0,0.12282648132115195,0.02490812114194532,0.10640717394813888,0.15666140687806496,0.002363670612508075,0.00424929080008119
113.0,0.12140341892918302,0.024501501108766626,0.10524243132349168,0.1569424491505193,0.002381185445759106,0.004281498076366013
114.0,0.12002888363099981,0.024082515936150146,0.10407883007541735,0.1571749814194858,0.0023984378370297613,0.004315242691793777
115.0,0.11870325397059864,0.02365338724883664,0.10291926200339743,0.1573601537969034,0.002415397768829274,0.004350418649931254
116.0,0.11742682667672069,0.023216293494151847,0.10176660679460839,0.15749922543067182,0.0024320357224906974,0.0043869154932023235
117.0,0.11619983984200843,0.022773354147767714,0.10062372340491355,0.15759354752413895,0.0024483225465152226,0.004424618514038969
118.0,0.11502249404158672,0.022326615657570475,0.09949344148337132,0.1576445465641452,0.002464229332409101,0.0044634090190020315
119.0,0.1138949713174622,0.02187803922433079,0.0983785529211997,0.15765370794391542,0.002479727301614237,0.004503164645868269
120.0,0.11281745199204074,0.021429490474831336,0.09728180360718491,0.15762256015033005,0.0024947877069179773,0.004543759732591319
121.0,0.11179012930736451,0.02098273104224078,0.09620588547062461,0.15755265966745877,0.002509381751441304,0.004585065735925036
122.0,0.11081322191651004,0.020539412030786037,0.0951534288900516,0.15744557672999604,0.0025234805279520925,0.004626951696380168
123.0,0.10988698428006949,0.020101069307926222,0.09412699554121766,0.15730288204162654,0.002537054980836893,0.004669284745103564
124.0,0.10901171504385573,0.019669120537831385,0.09312907175123225,0.15712613455458194,0.0025500758925982112,0.004711930647258762
125.0,0.10818776349396153,0.019244863845377606,0.0921620624174693,0.15691687038794186,0.002562513896233091,0.004754754375582303
126.0,0.10741553420208855,0.018829477980253233,0.09122828554006998,0.1566765929437446,0.002574339514302946,0.004797620707024418
127.0,0.10669548998762937,0.018424023836117635,0.09032996740580039,0.15640676426188882,0.0025855232249354003,0.004840394834784668
128.0,0.10602815333331161,0.01802944716990007,0.08946923844893838,0.1561087976372886,0.0025960355544187835,0.004882942987645777
129.0,0.10541410639830046,0.017646582360975414,0.08864812980205337,0.15578405150592836,0.002605847195471809,0.004925133048309078
130.0,0.10485398977651553,0.017276157048708805,0.08786857053634377,0.15543382459051436,0.002614929149708567,0.00496683516245094
131.0,0.10434850014861588,0.01691879748925085,0.08713238557793228,0.15505935228144857,0.0026232528922853693,0.005007922330451402
132.0,0.10389838697378756,0.016575034477971286,0.08644129427356685,0.15466180421498937,0.0026307905562242204,0.005048270974184953
133.0,0.1035044483623089,0.016245309691999773,0.08579690956686203,0.1542422829978161,0.002637515133469202,0.005087761471891604
134.0,0.10316752626217149,0.01592998231745949,0.08520073773490743,0.15380182401586684,0.0026434006893572316,0.005126278654939178
135.0,0.10288850108314174,0.015629335837607936,0.08465417862507471,0.15334139625533924,0.0026484225868814363,0.005163712261213393
136.0,0.10266828586998222,0.015343584870751506,0.08415852632346628,0.15286190405519368,0.0026525577168999928,0.005199957340894957
137.0,0.10250782012359244,0.01507288196002961,0.08371497017991453,0.15236418970339508,0.002655784730299168,0.005234914611463333
138.0,0.10240806335508165,0.014817324230574662,0.08332459610994919,0.15184903678349615,0.002658084268057745,0.005268490759865865
139.0,0.1023699884437718,0.014576959842805898,0.08298838809183942,0.15131717417398585,0.002659439185179985,0.0053005986908698614
140.0,0.10239457485635599,0.014351794183422495,0.08270722977674097,0.1507692806000881,0.0026598347645627094,0.005331157721639704
141.0,0.10248280177137067,0.014141795747794537,0.08248190613213972,0.15020598963635579,0.002659258917034257,0.005360093723520596
142.0,0.10263564114119582,0.013946901678732176,0.08231310504309522,0.14962789505841737,0.002657702364042941,0.005387339212841785
143.0,0.10285405071330045,0.013767022936913913,0.0822014188021052,0.1490355564435479,0.0026551587997732675,0.005412833393257995
144.0,0.10313896702365027,0.01360204908748915,0.08214734542652322,0.14842950492228366,0.002651625029822051,0.005436522152718514
145.0,0.10349129836823123,0.013451852695492315,0.08215128975210387,0.1478102489870181,0.002647101083965931,0.005458358018586661
146.0,0.10391191775357309,0.013316293329702772,0.08221356426211074,0.14717828026833446,0.002641590300988573,0.00547830007473133
147.0,0.10440165582393435,0.013195221180473768,0.08233438962316836,0.14653407919565675,0.0026350993840022017,0.005496313844586437
148.0,0.1049612937613286,0.01308848030187416,0.08251389491131579,0.14587812046556264,0.0026276384251858968,0.005512371144236244
149.0,0.10559155615464225,0.012995911492300614,0.0827521175241741,0.1452108782486867,0.002619220899364137,0.005526449909550572
150.0,0.1062931038355043,0.012917354830597097,0.08304900278742712,0.14453283107444018,0.002609863626355058,0.0055385340012815655
151.0,0.10706652668107096,0.012852651886753063,0.08340440327562294,0.14384446634165954,0.002599586702519995,0.005548612991859758
152.0,0.10791233638722728,0.012801647627531453,0.08381807787834368,0.14314628441261398,0.0025884134024353137,0.005556681937409257
153.0,0.10883095921965386,0.012764192038003391,0.08428969065282063,0.14243880225740221,0.002576370052074913,0.005562741138253725
154.0,0.10982272875452798,0.012740141480034765,0.08481880951289815,0.1417225566254618,0.0025634858753280335,0.005566795890920497
155.0,0.11088787862515281,0.012729359808380367,0.08540490481170968,0.14099810673051988,0.002549792816072955,0.005568856234378494
156.0,0.11202653529536993,0.012731719264285329,0.08604734788142626,0.14026603644464128,0.002535325338374598,0.005568936692975228
157.0,0.11323871088510434,0.012747101165460403,0.0867454095978975,0.1395269560058817,0.0025201202076651696,0.005567056018274008
158.0,0.11452429607773218,0.012775396410068598,0.08749825904090106,0.13878150325225394,0.0025042162559959294,0.005563236931737632
159.0,0.11588305314308192,0.012816505811005966,0.08830496232205007,0.13803034440210232,0.0024876541346104827,0.005557505869961472
160.0,0.11731460911375989,0.012870340275344075,0.08916448165220285,0.13727417440740636,0.0024704760571830817,0.005549892733927206
161.0,0.11881844915608478,0.012936820842380967,0.09007567471852365,0.13651371691190622,0.0024527255370893255,0.005540430643528499
162.0,0.12039391018021059,0.013015878592362369,0.09103729443822012,0.13574972385016884,0.0024344471220330275,0.005529155698411428
163.0,0.12204017473697754,0.01310745443662608,0.09204798915150281,0.13498297472677723,0.0024156861292462255,0.0055161067459748555
164.0,0.12375626525161668,0.013211498798713441,0.0931063033105619,0.13421427561671803,0.002396488384315069,0.005501325157189233
165.0,0.12554103864660193,0.013327971194905457,0.09421067871443302,0.13344445792881232,0.002376899966470292,0.005484854610716655
166.0,0.12739318140761516,0.01345683972168736,0.09535945633162694,0.13267437697375326,0.0023569669629259138,0.005466740885651071
167.0,0.12931120514770567,0.013598080456835377,0.09655087874345357,0.13190491037708418,0.0023367352345629007,0.00544703166304584
168.0,0.13129344272518148,0.013751676780151748,0.09778309323120256,0.13113695637540174,0.0023162501949457767,0.005425776336258275
169.0,0.13333804497049526,0.013917618619350095,0.09905415551990737,0.1303714320313391,0.002295556604338798,0.005403025830017549
170.0,0.1354429780762781,0.014095901626206844,0.10036203418047586,0.12960927139961967,0.002274698380063487,0.005378832428015513
171.0,0.1376060217026675,0.014286526287840454,0.10170461568071051,0.12885142367284053,0.002253718424219064,0.005353249608729778
172.0,0.13982476784709394,0.014489496977848279,0.10307971006435712,0.12809885133177148,0.0022326584694786606,0.005326331889115969
173.0,0.14209662052370198,0.014704820952014423,0.10448505722604375,0.12735252832100663,0.0022115589433830073,0.005298134675751229
174.0,0.1444187962925615,0.014932507293388407,0.10591833373901213,0.12661343826688617,0.002190458851283997,0.005268714122974048
175.0,0.1467883256727934,0.015172565811714967,0.10737716018216056,0.12588257275084047,0.002169395677846322,0.005238126997545107
176.0,0.14920205546672463,0.015425005902459508,0.10885910890332266,0.125160929647791,0.0021484053067984798,0.005206430549349245
177.0,0.15165665201428497,0.015689835371008407,0.11036171214714768,0.12444951153603889,0.0021275219584355916,0.005173682387668641
178.0,0.15414860538816305,0.015967059228021167,0.11188247046862432,0.12374932418225719,0.002106778144215753,0.005139940362579022
179.0,0.1566742345308801,0.01625667846235613,0.11341886134739664,0.12306137510279631,0.0020862046376584156,0.0051052624510534335
180.0,0.1592296933250849,0.016558688798475857,0.11496834791371,0.12238667220056096,0.002065830460646065,0.005069706647398409
181.0,0.1618109775781728,0.016873079445743865,0.11652838769421255,0.12172622247520945,0.0020456828841476263,0.005033330857693886
182.0,0.164413932892002,0.017199831847543236,0.11809644128499647,0.1210810308033762,0.0020257874423214397,0.004996192797958224
183.0,0.1670342633781756,0.01753891843865838,0.11966998086021109,0.12045209878499656,0.0020061679589153253,0.0049583498958115655
184.0,0.1696675411693015,0.017890301419854423,0.12124649842729272,0.11984042365160633,0.0019868465848587357,0.004919859195462398
185.0,0.17230921666699908,0.018253931559040863,0.12282351374424609,0.11924699723265386,0.001967843845935391,0.0048807772658921965
186.0,0.17495462945836876,0.01862974702880455,0.12439858182035719,0.11867280497636998,0.0019491786994318859,0.004841160112160092
187.0,0.1775990198243517,0.01901767229041961,0.12596929992904338,0.11811882502253267,0.0019308685986767185,0.004801063089792733
188.0,0.18023754075601192,0.019417617034672093,0.12753331407004487,0.11758602732550362,0.0019129295644132412,0.00476054082226287
189.0,0.1828652703884059,0.019829475189954846,0.12908832482759525,0.11707537282713627,0.00189537626198767,0.004719647121593877
190.0,0.18547722475648185,0.02025312400807826,0.13063209258132766,0.11658781268051202,0.0018782220833780392,0.004678434912155521
191.0,0.18806837077345262,0.020688423238087474,0.13216244203720368,0.11612428752689424,0.0018614792331406876,0.004636956157739219
192.0,0.19063363932939525,0.0211352143980658,0.1336772660564414,0.11568572682973553,0.0018451588174063288,0.004595261792018835
193.0,0.1931679384065149,0.021593320154427238,0.13517452877101,0.11527304827098739,0.0018292709351170598,0.00455340165251568
194.0,0.19566616610759635,0.022062543817553775,0.13665226798451383,0.11488715721627331,0.0018138247707579697,0.004511424418194438
195.0,0.19812322349571612,0.02254266896181722,0.13810859686701385,0.11452894625665716,0.0017988286879013287,0.004469377550820181
196.0,0.20053402714629834,0.02303345917704568,0.13954170496134422,0.1141992948357111,0.0017842903229472362,0.004427307240205818
197.0,0.20289352131708732,0.023534657957364816,0.140949858526641,0.11389906897132682,0.0017702166785110857,0.004385258353474486
198.0,0.2051966896475776,0.02404598873208399,0.14233140025201843,0.11362912108217292,0.0017566142159749268,0.004343274388452809
199.0,0.20743856630685187,0.024567155041930227,0.14368474837952988,0.1133902899288658,0.0017434889467859477,0.004301397431298313
200.0,0.20961424651761132,0.025097840862493656,0.14500839528072948,0.1131834006797556,0.0017308465221504323,0.004259668118448461
201.0,0.21171889639435915,0.025637711075269083,0.14630090553530614,0.11300926511072988,0.0017186923208351418,0.0042181256029590955
202.0,0.2137477620451506,0.026186412085203146,0.1475609135634402,0.11286868194760238,0.0017070315348495773,0.004176807525277243
203.0,0.21569617789894951,0.02674357258222867,0.14878712086581067,0.11276243735848282,0.0016958692528415541,0.0041357499884669725
204.0,0.21755957423428057,0.027308804442927444,0.14997829292662915,0.11269130560204002,0.0016852105410946417,0.00409498753787783
205.0,0.21933348389941182,0.027881703767260547,0.1511332558358183,0.11265604983579154,0.0016750605220687714,0.004054553145213238
206.0,0.22101354822953762,0.02846185204427446,0.15225089268658376,0.11265742308651544,0.0016654244504744529,0.004014478196921738
207.0,0.2225955221821674,0.029048817439876782,0.15333013980427176,0.1126961693826197,0.0016563077869162777,0.003974792486797243
208.0,0.22407527872792926,0.029642156199199837,0.15436998286167217,0.11277302504586399,0.0016477162691825,0.003935524212636361
209.0,0.22544881255003976,0.030241414155765745,0.15536945293492277,0.11288872013725858,0.0016396559812941686,0.003896699976761382
210.0,0.22671224312149624,0.03084612833963856,0.15632762255299712,0.11304398004931178,0.0016321334204596578,0.003858344790178141
211.0,0.22786181724438676,0.03145582867700956,0.15724360179249045,0.11323952723411036,0.0016251555621081566,0.0038204820800984292
212.0,0.22889391115029223,0.03207003977420004,0.15811653446813698,0.11347608305404744,0.001618729923198878,0.003783133700518587
213.0,0.22980503227434204,0.032688282779869154,0.15894559446823897,0.11375436973940511,0.0016128646240213768,0.003746319945509394
214.0,0.2305918208278032,0.03331007732025437,0.15972998228300225,0.11407511243449381,0.001607568448716491,0.003710059564838634
215.0,0.23125105130491452,0.033934943503513615,0.1604689217726718,0.11443904131168971,0.0016028509047571323,0.003674369781517336
216.0,0.23177963406876745,0.034562403990638126,0.1611616572213433,0.11484689373052342,0.001598722281633535,0.0036392663108342797
217.0,0.23217461716818846,0.03519198613190952,0.16180745072136846,0.11529941641698398,0.0015951937089888127,0.0036047633804219895
218.0,0.232433188542575,0.03582322416942967,0.16240557993234606,0.11579736763643614,0.001592277214447885,0.003570873750881266
219.0,0.23255267877429225,0.03645566150779263,0.16295533625773717,0.11634151933201135,0.0015899857813761154,0.00353760873648138
220.0,0.2325305645483668,0.03708885305643303,0.16345602348109847,0.11693265919904307,0.0015883334067936178,0.0035049782254497276
221.0,0.23236447297663754,0.03772236764851102,0.16390695690271373,0.1175715926650668,0.0015873351596571148,0.0034729906993684165
222.0,0.23205218693807045,0.03835579054231142,0.16430746301591675,0.11825914474410501,0.0015870072397036327,0.003441653251206749
223.0,0.2315916515784413,0.03898872601199151,0.16465687976054716,0.11899616173339281,0.0015873670370292786,0.00341097160153796
224.0,0.23098098210086432,0.039620800035040676,0.16495455738863682,0.11978351272037306,0.0015884331925517367,0.003380950112516514
225.0,0.23021847296352743,0.04025166308397398,0.16519985997447353,0.12062209086769027,0.00159022565947704,0.0033515917992290017
226.0,0.22930260858231452,0.04088099302951699,0.16539216759749972,0.12151281444403211,0.0015927657658592988,0.0033228983380777927
227.0,0.22823207561359482,0.041508498161817925,0.1655308792219503,0.12245662756900151,0.0015960762783063444,0.003294870071912069
228.0,0.22700577686619072,0.042133920335015194,0.16561541629158077,0.12345450064075024,0.0016001814668441486,0.0032675060116864204
229.0,0.22562284686130593,0.042757038238772735,0.1656452270511737,0.12450743041585419,0.0016051071709080728,0.003240803834502791
230.0,0.2240826690249044,0.04337767079816589,0.1656197915986189,0.12561643971187966,0.0016108808663788656,0.0032147598779774527
231.0,0.22238489445872517,0.043995680700556705,0.165538627662155,0.12678257670426765,0.0016175317335249723,0.00318936913097104
232.0,0.22052946219385183,0.044610978044855504,0.16540129708676865,0.12800691379056586,0.0016250907256494334,0.003164625220826333
233.0,0.21851662078476053,0.04522352410485225,0.16520741300174055,0.12929054599668358,0.0016335906381680654,0.0031405203973752585
234.0,0.2163469510524094,0.045833335194156256,0.16495664762791826,0.13063458890173352,0.0016430661777645321,0.0031170455141028247
235.0,0.21402138973272591,0.0464404866157619,0.16464874066853882,0.13204017606018975,0.0016535540311757334,0.0030941900069909145
236.0,0.21154125373255794,0.0470451166744246,0.16428350821144952,0.133508455902544,0.00166509293305569,0.003071941871707565
237.0,0.20890826463975443,0.047647430724969346,0.16386085205357437,0.13504058809839958,0.0016777237322458738,0.003050287639956272
238.0,0.2061245730787432,0.04824770522445333,0.16338076934071039,0.13663773936903775,0.0016914894556422013,0.0030292123559525316
239.0,0.20319278244931055,0.04884629175086722,0.1628433623975791,0.13830107873991623,0.001706435368690991,0.0030086995541492062
240.0,0.20011597153595667,0.04944362094589613,0.1622488486049336,0.14003177222735028,0.0017226090313653736,0.0029887312394845642
241.0,0.19689771543024537,0.05004020633429015,0.16159757016296786,0.1418309769577686,0.0017400603482665132,0.0029692878715737105
242.0,0.19354210417115386,0.0506366479677294,0.16089000356390515,0.14369983472243533,0.0017588416112575519,0.002950348354400791
243.0,0.1900537584808892,0.051233635836828245,0.16012676858213284,0.1456394649753624,0.0017790075327689756,0.0029318900331910445
244.0,0.18643784195840576,0.05183195299121558,0.15930863657835875,0.14765095728728087,0.0018006152676088053,0.002913888700242648
245.0,0.18270006909222375,0.052432478304547406,0.15843653790575196,0.14973536327394246,0.001823724420767166,0.0028963186115726863
246.0,0.17884670847033735,0.053036188818937874,0.15751156820168863,0.15189368802263337,0.001848397038319492,0.0028791525162725723
247.0,0.1748845805998236,0.05364416160168536,0.15653499334930415,0.1541268810465083,0.0018746975781052306,0.0028623617004700968
248.0,0.17082104980360457,0.054257575046361334,0.15550825289922615,0.15643582680211965,0.0019026928563891494,0.0028459160477507825
249.0,0.16666400973742115,0.05487770955031003,0.15443296175420354,0.15882133481118701,0.001932451966202601,0.0028297841177953053
250.0,0.1624218621663875,0.05550594750135571,0.15331090993824167,0.1612841294331326,0.001964046162517251,0.0028139332448363385
251.0,0.15810348875659425,0.056143772507961404,0.152144060297496,0.16382483934004644,0.0019975487088324047,0.002798329657323648
252.0,0.15371821577119282,0.056792767809135364,0.150934544012498,0.1664439867504145,0.002033034679171848,0.002782938619907815
253.0,0.14927577170927883,0.05745461380292471,0.14968465383993665,0.16914197648203588,0.002070580708905933,0.0027677245985094127
254.0,0.1447862380858347,0.058131084635228085,0.14839683504653559,0.17191908488793226,0.0021102646872639885,0.0027526514488336183
255.0,0.14025999371717213,0.05882404379376236,0.14707367404657914,0.1747754487416724,0.002152165383913949,0.0027376826282234277
256.0,0.1357076530432751,0.059535438655190454,0.1457178848070677,0.17771105414034022,0.0021963620016014623,0.002722781430224683
257.0,0.13113999918025263,0.060267293936544925,0.14433229313877977,0.18072572549438826,0.002242933646609904,0.0027079112406723296
258.0,0.1265679125466294,0.061021704005078774,0.14291981904591713,0.18381911467394377,0.0022919587087861233,0.0026930358135118025
259.0,0.1220022960405365,0.0618008240035206,0.1414834573595889,0.18699069038091934,0.002343514143143537,0.0026781195639573384
260.0,0.11745399785553826,0.06260685975044239,0.14002625692918233,0.19023972781578374,0.0023976746456826313,0.0026631278759774593
261.0,0.11293373310628163,0.06344205637820001,0.13855129868871677,0.19356529870741576,0.0024545117171433633,0.002648027420506283
262.0,0.1084520054879008,0.06430868567389914,0.1370616729508027,0.1969662617744768,0.00251409261001141,0.002632786480228161
263.0,0.10401903021299833,0.06520903209240696,0.1355604563072441,0.20044125368771076,0.0025764791563266977,0.0026173752762935734
264.0,0.09964465945639661,0.06614537741501164,0.13405068853143334,0.20398868060498576,0.002641726476764604,0.002601766291916886
265.0,0.09533831149149005,0.0671199840334578,0.13253534988265472,0.2076067103552556,0.0027098815751375282,0.0025859345875009765
266.0,0.09110890462511034,0.06813507684739636,0.13101733920589556,0.21129326535440512,0.002780981826929628,0.002569858101747018
267.0,0.08696479693376644,0.06919282377445972,0.12949945320289613,0.21504601634547965,0.002855053375723117,0.002553517933153802
268.0,0.0829137326772443,0.07029531488694549,0.127984367221568,0.2188623770683071,0.0029321094573422773,0.002536898596399771
269.0,0.07896279612087954,0.07144454020817165,0.1264746178726536,0.22273949997892137,0.0030121486781073984,0.002519988248337756
270.0,0.07511837334059634,0.07264236622561837,0.12497258773604807,0.22667427315718247,0.003095153280557185,0.002502778878717071
271.0,0.07138612242036217,0.07389051120753246,0.12348049236633629,0.23066331856086372,0.0031810874370822822,0.0024852664612748645
272.0,0.06777095228501699,0.07519051944509578,0.1220003697498094,0.23470299180519824,0.0032698956187475225,0.0024674510614974272
273.0,0.0642770102469977,0.07654373458365336,0.12053407230560491,0.2387893836670231,0.003361501092718471,0.0024493368981265856
274.0,0.06090767818717235,0.07795127225363913,0.11908326146377832,0.24291832353043055,0.003455804606635351,0.0024309323563557195
275.0,0.05766557714099111,0.07941399226411791,0.1176494047950626,0.24708538500416174,0.0035526833214421624,0.002412249951599731
276.0,0.054552579923944355,0.08093247067823969,0.11623377561262582,0.251285893947602,0.0036519900550257152,0.002393306243706331
277.0,0.05156983130682139,0.0825069721488291,0.11483745491687614,0.25551493913979945,0.003753552897039654,0.002374121702472969
278.0,0.04871777514284242,0.08413742295180106,0.11346133551154426,0.25976738581227576,0.003857175250077247,0.0023547205263149667
279.0,0.04599618775645364,0.08582338521257453,0.11210612808383552,0.26403789223960383,0.003962636343668639,0.0023351304168668387
280.0,0.04340421682815261,0.08756403287320981,0.11077236901397941,0.2683209295404439,0.00406969225538824,0.002315382313162992
281.0,0.04094042495168983,0.08935812999233965,0.1094604296602601,0.27261080478533584,0.0041780774579026556,0.0022955100898113625
282.0,0.03860283699977398,0.0912040120025875,0.10817052685454415,0.27690168743625776,0.004287506892593135,0.0022755502242235055
283.0,0.036388990412179995,0.0930995705675505,0.10690273434008175,0.2811876390580984,0.004397678550260731,0.002255541438480286
284.0,0.03429598751595043,0.09504224267920024,0.10565699488738838,0.2854626461460602,0.00450827651842982,0.00223552432178275
285.0,0.03232054900090054,0.09702900461379857,0.1044331328345389,0.289720655809041,0.00461897443415587,0.0022155409396560273
286.0,0.030459067704295715,0.09905637131785436,0.10323086681433666,0.2939556139415235,0.00472943926235518,0.0021956344361397356
287.0,0.028707661905312907,0.1011204017239362,0.10204982245153768,0.2981615054105208,0.004839335303819716,0.0021758486351147782
288.0,0.02706222739128244,0.10321671039907153,0.10088954483758011,0.3023323956851048,0.00494832832541799,0.002156227646692716
289.0,0.02551848763176994,0.1053404858071359,0.09974951061701036,0.3064624732495841,0.005056089698403402,0.0021368154842424754
290.0,0.024072041480974405,0.10748651532355552,0.09862913954797912,0.3105460920726854,0.0051623004297783204,0.0021176556971664955
291.0,0.022718407920973013,0.1096492169797672,0.09752780542780785,0.3145778133587043,0.005266654976397839,0.002098791023983114
292.0,0.021453067455127255,0.1118226777414317,0.09644484630280208,0.31855244578594716,0.005368864741604937,0.0020802630696449063
293.0,0.020271499859442543,0.11400069794477438,0.09537957390839247,0.3224650834450633,0.0054686611689316,0.0020621120103452403
294.0,0.019169218096891222,0.11617684133679507,0.09433128231065258,0.3263111407255956,0.005565798365710969,0.002044376328359309
295.0,0.018141798292880287,0.11834448999507989,0.09329925574269032,0.3300863834623033,0.005660055210041296,0.002027092578752171
296.0,0.017184905756737808,0.12049690324913734,0.09228277564894183,0.3337869557409119,0.005751236916044433,0.002010295189084701
297.0,0.01629431711227609,0.1226272795946821,0.09128112696671084,0.33740940187203544,0.005839176053428129,0.001994016292576207
298.0,0.015465938668645067,0.12472882049125916,0.09029360368725482,0.3409506831670535,0.005923733036795008,0.0019782855945551766
299.0,0.014695821219817311,0.12679479486685438,0.08931951374829769,0.3444081892849679,0.006004796116980981,0.0019631302714594916
300.0,0.013980171506675566,0.12881860312383206,0.08835818331615325,0.3477797440586333,0.006082280920276523,0.0019485749011440615
301.0,0.013315360609813587,0.13079383944999204,0.08740896051886542,0.35106360584624513,0.0061561295913212175,0.0019346414228235864
302.0,0.012697929564264524,0.13271435128613002,0.08647121869221645,0.354258462584006,0.006226309601691362,0.001921349124624776
303.0,0.012124592500226988,0.1345742948847709,0.08554435919846537,0.35736342183367786,0.0062928122889094424,0.0019087146564466496
304.0,0.011592237617532797,0.1363681860096173,0.084627813873676,0.3603779962204309,0.006355651190176782,0.0018967520656279471
305.0,0.011097926297334115,0.13809094496624807,0.08372104715390741,0.36330208473931075,0.006414860232091305,0.001885472852793732
306.0,0.010638890643609141,0.13973793531529466,0.08282355792381399,0.3661359504712377,0.006470491832557365,0.0018748860451933689
307.0,0.010212529730955735,0.1413049957926969,0.08193488112378293,0.368880195291288,0.006522614964637214,0.001864998284842887
308.0,0.009816404815064614,0.14278846514057364,0.081054589144023,0.3715357321736931,0.006571313224816157,0.0018558139288384803
309.0,0.009448233739466433,0.14418519972983612,0.08018229302640331,0.37410375570094256,0.0066166829405727235,0.0018473351593067755
310.0,0.009105884747721569,0.14549258402564486,0.07931764348763475,0.3765857113706682,0.00665883134469128,0.0018395621005931311
311.0,0.008787369885124217,0.14670853410373988,0.07846033177087568,0.3789832642661265,0.006697874836761384,0.0018324929414536334
312.0,0.008490838149020182,0.1478314945651941,0.07761009032723189,0.3812982676168202,0.006733937346011867,0.001826124060201962
313.0,0.008214568522640325,0.1488604293160427,0.07676669332406666,0.38353273172788666,0.006767148804175241,0.001820450150961762
314.0,0.007956963004426065,0.1497948067745004,0.0759299569736271,0.3856887937030371,0.006797643732537106,0.0018154643493821997
315.0,0.007716539723541696,0.1506345801411897,0.07509973967326802,0.38776868832850425,0.00682555994370022,0.0018111583563834705
316.0,0.007491926212878701,0.151380163417099,0.07427594194749533,0.38977472042684047,0.006851037355837691,0.0018075225587052904
317.0,0.007281852893511923,0.15203240388086825,0.07345850618209827,0.3917092389313195,0.006874216915244131,0.001804546145231099
318.0,0.007085146809330016,0.15259255174318184,0.07264741614169576,0.3935746128756296,0.0068952396217150215,0.0018022172182505997
319.0,0.0069007256374336,0.1530622276837817,0.07184269626395813,0.39537320944060533,0.006914245650578562,0.0018005228990011046
320.0,0.0067275919888137,0.15344338894849802,0.07104441072643086,0.39710737415077246,0.006931373564955545,0.0017994494269922554
321.0,0.006564828004696141,0.15373829464253203,0.0702526622851233,0.39877941326896627,0.006946759611918994,0.0017989822527679955
322.0,0.006411590246631308,0.153949470804855,0.06946759088765679,0.400391578397545,0.006960537096564396,0.0017991061238937056
323.0,0.006267104872773862,0.154079675789792,0.06868937206762783,0.40194605325984445,0.006972835828493181,0.0017998051640749156
324.0,0.006130663088665956,0.15413186641823695,0.06791821513077244,0.403444942605448,0.00698378163578084,0.0018010629454174195
325.0,0.0060016168580337,0.1541091652948838,0.06715436114735851,0.40489026315745325,0.006993495942085836,0.0018028625539272627
326.0,0.005879374857452308,0.15401482962143298,0.06639808076885834,0.4062839364989314,0.007002095403109132,0.0018051866484237137
327.0,0.0057633986580489785,0.1538522217707349,0.06564967189023545,0.4076277837789683,0.007009691599104311,0.0018080175130998734
328.0,0.00565319911752091,0.15362478182472256,0.06490945718203368,0.40892352210570054,0.007016390780543251,0.0018113371040148305
329.0,0.0055483329664787,0.1533360022209136,0.06417778151879398,0.41017276248435197,0.007022293664352408,0.0018151270898393264
330.0,0.005448399574326623,0.1529894045990812,0.06345500933210553,0.4113770091520805,0.007027495278347496,0.0018193688872047368
331.0,0.00535303788141349,0.15258851889198943,0.06274152191778515,0.4125376601581825,0.007032084851615631,0.0018240436910237424
332.0,0.005261923485900727,0.1521368646621888,0.062037714727263056,0.4136560090375645,0.00703614574863327,0.0018291325001614717
333.0,0.005174765875582135,0.1516379346509088,0.06134399467324593,0.4147332474270861,0.007039755444879925,0.001834616138838978
334.0,0.00509130579665525,0.1510951804749997,0.06066077747915551,0.41577046847812016,0.007042985541626711,0.001840475274147633
335.0,0.005011312753106538,0.1505120003834748,0.05998848510074345,0.4167686709242034,0.007045901817461985,0.0018466904300443046
336.0,0.004934582631870127,0.1498917289661651,0.05932754324671188,0.41772876366967476,0.0070485643139793636,0.0018532419981837597
337.0,0.004860935450208001,0.14923762869292162,0.058678379023195434,0.4186515707734819,0.007051027452911402,0.001860110245927475
338.0,0.004790213222810233,0.1485528831522236,0.05804141872464049,0.4195378367116081,0.007053340181857693,0.0018672753218476532
339.0,0.004722277946914673,0.14784059185247778,0.05741708579103779,0.4203882318115981,0.00705554614564061,0.0018747172590224434
340.0,0.004657009704296464,0.14710376644720452,0.056805798948688736,0.4212033577632109,0.0070576838802332825,0.0018824159763938012
341.0,0.004594304879291902,0.14634532824619415,0.05620797054879673,0.4219837531200674,0.0070597870261494035,0.0018903512784337654
342.0,0.0045340744921181,0.14556810687807137,0.05562400511523419,0.42272989871810807,0.007061884558166136,0.0018985028533387142
343.0,0.004476242646658915,0.14477483997505755,0.0550542981099164,0.42344222294751505,0.007064001028272503,0.0019068502699450215
344.0,0.00442074509163965,0.1439681737576222,0.05449923492137016,0.4241211068253467,0.007066156818794658,0.0019153729735339178
345.0,0.004367527893743815,0.14315066440476235,0.053959190079372846,0.4247668888263041,0.007068368402745678,0.0019240502806688548
346.0,0.00431654622076875,0.14232478010447153,0.053434526695994876,0.42537986943870093,0.007070648608577346,0.0019328613731857056
347.0,0.004267763232408176,0.14149290368825126,0.05292559613104899,0.4259603154217206,0.0070730068866705475,0.001941785291435113
348.0,0.0042211490757187616,0.14065733576297818,0.05243273787785058,0.42650846374834833,0.007075449575085605,0.0019508009268577981
349.0,0.004176679981803471,0.13982029826285916,0.05195627966334877,0.42702452522591317,0.007077980162297528,0.001959887013957846
350.0,0.00413433745974957,0.1389839383533646,0.05149653775510232,0.4275086877929184,0.0070805995448602315,0.0019690221217265108
351.0,0.004094107583412971,0.13815033262779156,0.05105381746625546,0.4279611194967818,0.0070833062781716855,0.0019781846445600573
352.0,0.004055980366257194,0.13732149154533163,0.05062841384860209,0.4283819711622522,0.007086096818744615,0.001987352792710152
353.0,0.004019949219144412,0.13649936406712368,0.05022061256300957,0.42877137876463134,0.007088965756619886,0.0019965045823044404
354.0,0.003986010485743066,0.13568584245368426,0.049830690915881284,0.42912946552556097,0.007091906036788111,0.0020056178249786565
355.0,0.003954163050063114,0.134882767193293,0.049458919049951845,0.42945634375206976,0.007094909168705653,0.002014670117170116
356.0,0.003924408010554235,0.1340919320363349,0.04910556127750423,0.4297521164418768,0.007097965423201054,0.0020236388291359673
357.0,0.003896748415200305,0.1333150891152721,0.04877087754404486,0.4300168786796722,0.007101064016264759,0.0020325010937783873
358.0,0.003871189052108111,0.13255395413382676,0.0484551250105421,0.4302507188503197,0.007104193279396548,0.002041233795383151
359.0,0.003847736290212127,0.13181021161213574,0.048158559742495145,0.4304537196956943,0.007107340816350438,0.0020498135584077187
360.0,0.0038263979648913414,0.1310855201771028,0.04788143849432098,0.4306259592422705,0.007110493646264658,0.002058216736490313
361.0,0.003807183303508661,0.13038151788896696,0.04762402057779943,0.43076751162665067,0.007113638333294558,0.0020664194018922507
362.0,0.003790102886129809,0.12969982759625992,0.0473865698035692,0.4308784478460477,0.007116761102978756,0.002074397335631827
363.0,0.0037751686369465916,0.12904206231188148,0.047169356484893975,0.4309588364603395,0.007119847945663762,0.0020821260186191636
364.0,0.0037623938422116465,0.12840983060304018,0.0469726594930944,0.431008744271765,0.007122884707390533,0.002089580624156861
365.0,0.0037517931907793526,0.1278047419873129,0.046796768354144126,0.43102823700764237,0.007125857168708366,0.0020967360122305895
366.0,0.0037433828336342727,0.12722841232614457,0.04664198537593756,0.4310173800307121,0.007128751111928875,0.002103566726075871
367.0,0.003737180459068156,0.12668246920577475,0.046508627795639954,0.43097623910084526,0.007131552377365931,0.0021100469915709776
368.0,0.0037332053804345,0.1261685572939003,0.04639702993631011,0.43090488121092707,0.007134246909128523,0.0021161507200699067
369.0,0.0037314786336615923,0.12568834365841153,0.046307545361637115,0.43080337551873704,0.00713682079104329,0.002121851515351834
370.0,0.0037320230819386786,0.12524352303232628,0.046240549017145076,0.43067179439558134,0.007139260273283944,0.0021271226854224124
371.0,0.0037348635252029525,0.12483582300663823,0.04619643934559574,0.43051021461129485,0.007141551790277126,0.0021319372599555397
372.0,0.003740026812246403,0.12446700913023287,0.046175640363551325,0.43031871867398297,0.007143681970440411,0.0021362680142091592
373.0,0.0037475419534312615,0.12413888989335076,0.04617860368515743,0.43009739634150257,0.007145637638289429,0.002140087500282725
374.0,0.003757440232150444,0.1238533215683115,0.04620581047816763,0.42984634632015184,0.007147405809429279,0.002143368086604184
375.0,0.0037697553132966543,0.12361221287837845,0.04625777333606472,0.4295656781643059,0.0071489736789221115,0.0021460820065379448
376.0,0.0037845233471114387,0.12341752946274401,0.046335038048844375,0.42925551438877085,0.007150328603499465,0.002148201416989277
377.0,0.003801783066875555,0.12327129810263561,0.04643818525362102,0.4289159928033763,0.0071514580780664295,0.002149698467842425
378.0,0.003821575878976456,0.1231756106704628,0.046567831944700024,0.428547269076752,0.007152349706926054,0.0021505453830066466
379.0,0.0038439459439497943,0.12313262776069114,0.046724632821142385,0.4281495195332771,0.007152991170138496,0.0021507145537546287
380.0,0.0038689402471422086,0.1231445819576863,0.046909281448130495,0.42772294418382595,0.007153370185421085,0.0021501786449194165
381.0,0.003896608657685007,0.12321378069203798,0.04712251120663789,0.4272677699871011,0.007153474465994171,0.0021489107143682837
382.0,0.0039270039745052596,0.12334260863275566,0.04736509600401413,0.4267842543340179,0.0071532916747839344,0.0021468843459946847
383.0,0.0039601819581356786,0.12353352955812794,0.04763785071613072,0.4262726887427534,0.007152809375408502,0.0021440737962629556
384.0,0.003996201347120135,0.12378908764284827,0.04794163132970478,0.4257334027466693,0.0071520149803976675,0.002140454154106465
385.0,0.00403512385785151,0.12411190809312883,0.04827733475134264,0.42516676795136304,0.007150895697129889,0.002136001513720665
386.0,0.0040770141667256015,0.12450469705486394,0.04864589824774847,0.4245732022305925,0.007149438472012746,0.0021306931595115723
387.0,0.004121939873553106,0.1249702407124019,0.049048298479458616,0.4239531740237843,0.007147629933484403,0.0021245077621615104
388.0,0.004169971445244714,0.1255114034871052,0.04948555008843529,0.42330720669031746,0.007145456334473106,0.0021174255844630596
389.0,0.004221182138875532,0.1261311252356487,0.04995870379794632,0.4226358828678453,0.007142903495018189,0.0021094286952546156
390.0,0.004275647903348811,0.126832417338002,0.050468843981449456,0.4219398487736749,0.007139956745828425,0.0021005011894735964
391.0,0.004333447259018555,0.12761835755442716,0.05101708565579094,0.42121981837980216,0.007136600873629695,0.0020906294120331638
392.0,0.0043946611547993715,0.128492083519844,0.05160457085304151,0.4204765773837667,0.007132820069232411,0.002079802182932888
393.0,0.0044593728024937655,0.1294567847329297,0.05223246432487394,0.4197109868892573,0.007128597879327115,0.0020680110207408346
394.0,0.0045276674883032745,0.13051569288679463,0.05290194853370792,0.41892398670261644,0.007123917163092164,0.0020552503613418434
395.0,0.004599632361763066,0.1316720703786075,0.05361421788610157,0.4181165981443582,0.007118760054767337,0.0020415177686421266
396.0,0.0046753562026493395,0.13292919682786916,0.05437047216627292,0.4172899262688579,0.007113107933408922,0.002026814133761047
397.0,0.00475492916675396,0.1342903534280006,0.05517190913141314,0.4164451613808902,0.00710694140109205,0.0020111438591342303
398.0,0.004838442511797831,0.13575880495454068,0.05601971623585535,0.4155835797350672,0.0071002402708620765,0.001994515023904464
399.0,0.004925988305157585,0.13733777925664437,0.0569150614584216,0.41470654330391993,0.0070929835657551,0.001976939526993812
400.0,0.005017659115500341,0.13903044406796972,0.05785908321661945,0.4138154985027993,0.007085149530205598,0.0019584332043371833
401.0,0.005113547690846765,0.14083988098975897,0.058852879363005914,0.41291197376538735,0.0070767156551335515,0.0019390159169177731
402.0,0.005213746625998049,0.14276905652427968,0.059897495273143156,0.4119975758728099,0.007067658717951815,0.0019187116064812758
403.0,0.0053183480226479925,0.14482079007216025,0.06099391105124722,0.4110739849524719,0.007057954838654351,0.0018975483161196214
404.0,0.00542744314583538,0.14699771885373727,0.06214302789890374,0.41014294808006263,0.007047579553035906,0.0018755581733060469
405.0,0.0055411220806476,0.14930225977345007,0.06334565371403438,0.4092062714398396,0.007036507903951919,0.0018527773334291683
406.0,0.005659473393235272,0.1517365683183317,0.06460248801144855,0.4082658110242984,0.0070247145513539664,0.0018292458824105662
407.0,0.005782583800208909,0.15430249466718263,0.06591410628249302,0.40732346188449353,0.007012173901630999,0.001805007697591735
408.0,0.005910537850330395,0.15700153728596034,0.06728094393904963,0.40638114597620045,0.006998860256551217,0.0017801102667334848
409.0,0.0060434176220533235,0.15983479439647572,0.06870328001579004,0.40544079868420335,0.0069847479818364805,0.0017546044656732273
410.0,0.006181302439878646,0.1628029138281043,0.07018122083339365,0.4045043541464169,0.0069698116951136145,0.0017285442959194838
411.0,0.006324268611650116,0.16590604189336408,0.07171468385341052,0.4035737295402341,0.00695402647268036,0.0017019865842131828
412.0,0.00647238918780221,0.16914377206440726,0.0733033819815251,0.40265080853415885,0.006937368074202778,0.0016749906468339032
413.0,0.006625733742180297,0.1725150943640916,0.07494680859893468,0.4017374241469749,0.006919813184133646,0.0016476179221574744
414.0,0.006784368172384296,0.17601834651671164,0.07664422362012505,0.4008353412928317,0.0069013396683141786,0.001619931575658633
415.0,0.006948354515656378,0.17965116802304842,0.07839464088820192,0.39994623932204426,0.006881926843903242,0.0015919960821783059
416.0,0.007117750774175075,0.18341045842471665,0.08019681722486259,0.39907169489246547,0.0068615557604766965,0.001563876790819043
417.0,0.007292610741276855,0.18729234109590912,0.08204924344990737,0.398213165523467,0.006840209489863009,0.001535639478275222
418.0,0.007472983817671113,0.19129213393854494,0.08395013767395133,0.3973719741925084,0.006817873422036624,0.001507349896729529
419.0,0.00765891480422512,0.19540432835183122,0.08589744114699234,0.39654929533192945,0.006794535564184175,0.00147907332264021
420.0,0.007850443655471185,0.19962257779267073,0.0878888169143728,0.39574614257028207,0.006770186839894428,0.0014508741127942123
421.0,0.008047605175742996,0.20393969713407234,0.08992165149048746,0.39496335853795944,0.006744821385303741,0.001422815273904046
422.0,0.008250428637904731,0.20834767386185987,0.09199305970983285,0.3942016070213113,0.006718436838954187,0.001394958051780279
423.0,0.00845893730312688,0.21283769192539193,0.09409989285562867,0.39346136770356366,0.006691034622089977,0.0013673615457218842
424.0,0.008673147819224522,0.21740016877885454,0.09623875009972752,0.3927429336759034,0.006662620206123882,0.001340082353242965
425.0,0.008893069474838472,0.22202480582253092,0.0984059932157245,0.3920464118396656,0.00663320336404329,0.001313174249612025
426.0,0.009118703287337587,0.2267006520884402,0.10059776445237843,0.39137172625270206,0.0066027984025871485,0.001286687905938341
427.0,0.00935004090386548,0.23141618062517733,0.10281000737917999,0.39071862440198596,0.00657142437210164,0.0012606706487225466
428.0,0.009587063297546916,0.23615937663875006,0.10503849044291393,0.39008668631275695,0.006539105251065901,0.0012351662629209441
429.0,0.00982973924458234,0.2409178360575121,0.10727883290610328,0.38947533633451215,0.0065058701023623,0.0012102148396829805
430.0,0.010078023572840548,0.24567887282857942,0.10952653277797615,0.3888838573782744,0.006471753198443818,0.0011858526690360495
431.0,0.010331855178623513,0.250429632938519,0.11177699629847199,0.3883114073199948,0.006436794112622158,0.0011621121769380693
432.0,0.010591154815495874,0.2551572128990323,0.11402556849783776,0.38775703723354454,0.00640103777376695,0.0011390219053202893
433.0,0.01085582266737832,0.25984878026229935,0.11626756433009425,0.3872197110749934,0.006364534481774676,0.0011166065330216644
434.0,0.011125735727377734,0.26449169364012154,0.11849829986901121,0.3866983264088446,0.006327339881247171,0.0010948869348889878
435.0,0.011400745013901037,0.26907361970090904,0.12071312306054376,0.38619173574718185,0.006289514890927757,0.0010738802757961987
436.0,0.011680672666246282,0.27358264470876387,0.12290744354557848,0.38569876806449077,0.006251125586596447,0.0010536001359296803
437.0,0.011965308972802048,0.2780073783443322,0.1250767611003422,0.38521825005400573,0.006212243035343025,0.0010340566633968407
438.0,0.01225440939587809,0.2823370477982044,0.12721669228740423,0.38474902670523015,0.006172943079437477,0.0010152567500409668
439.0,0.012547691667637643,0.2865615804410653,0.1293229949658072,0.3842899808059334,0.0061333060684182735,0.0009972042262808298
440.0,0.012844833041169753,0.29067167373457586,0.13139159037213477,0.3838400510043531,0.006093416538533658,0.0009799000708294952
441.0,0.013145467788945136,0.2946588514355902,0.1334185825526784,0.3833982481072986,0.006053362839305933,0.000963342631271424
442.0,0.013449185047240252,0.2985155055459527,0.1354002749976219,0.3829636693360462,0.006013236707743989,0.0009475278516768061
443.0,0.013755527109085858,0.3022349238538247,0.13733318439873238,0.382535510312966,0.00597313279159502,0.0009324495036922367
444.0,0.01406398826940929,0.30581130328505446,0.13921405152001012,0.38211307460638505,0.005933148123984635,0.0009180994178525967
445.0,0.01437401432386116,0.3092397496219122,0.14103984923399954,0.3816957807179037,0.0058933815528177756,0.0009044677121955832
446.0,0.014685002816982196,0.3125162644418324,0.142807787833245,0.3812831664539875,0.005853933129365529,0.0008915430156143224
447.0,0.014996304125637284,0.31563772037416177,0.1445153177753846,0.3808748906808789,0.005814903461503674,0.0008793126837425609
448.0,0.015307223449912496,0.31860182596484204,0.1461601300607324,0.3804707325175488,0.005776393038052041,0.0008677630055206504
449.0,0.015617023766015974,0.3214070815768913,0.14774015447249286,0.3800705880743978,0.0057385015315429295,0.000856879398930163
450.0,0.015924929774406422,0.3240527278402598,0.14925355593195314,0.3796744648946505,0.005701327087477363,0.000846646594703924
451.0,0.016230132851873122,0.3265386882018791,0.1506987292344813,0.3792824742998743,0.00566496560867021,0.0008370488071114509
452.0,0.01653179698928776,0.3288655071205471,0.1520742924375579,0.37889482187986556,0.0056295100436073225,0.0008280698911843605
453.0,0.01682906566812552,0.3310342854076621,0.15337907917028398,0.3785117963994785,0.005595049687817328,0.0008196934859804749
454.0,0.017121069599649884,0.3330466141400383,0.1546121301258604,0.3781337574201109,0.005561669507087928,0.0008119031436891215
455.0,0.017406935222052975,0.33490450847146463,0.15577268398556401,0.37776112195097566,0.005529449490931349,0.0008046824445541465
456.0,0.017685793824074834,0.3366103425513091,0.15686016800586589,0.3773943504545913,0.00549846404404132,0.0007980150977373562
457.0,0.01795679113993602,0.3381667866268654,0.15787418848065216,0.3770339325319404,0.005468781422607519,0.000791885028365713
458.0,0.018219097240985867,0.33957674726618864,0.15881452126901596,0.3766803726055158,0.005440463221297729,0.0007862764511034097
459.0,0.018471916535320175,0.34084331149406677,0.15968110255666887,0.37633417590325063,0.005413563915523615,0.0007811739306679092
460.0,0.018714497678579238,0.3419696954890322,0.16047401999639846,0.37599583502362083,0.005388130462319076,0.0007765624297701957
461.0,0.01894614319775174,0.3429591983468198,0.16119350435076393,0.37566581733270027,0.005364201961828139,0.0007724273450067959
462.0,0.019166218635319393,0.343815161277663,0.1618399217387816,0.3753445534085799,0.0053418093800698075,0.0007687545312674281
463.0,0.01937416103338569,0.344540932473056,0.16241376656798884,0.37503242670838755,0.005320975332364235,0.000765530315250066
464.0,0.019569486596108927,0.34513983775340834,0.1629156552141259,0.3747297645893889,0.005301713925608131,0.0007627414986970992
465.0,0.019751797393059087,0.345615156992324,0.16334632049277012,0.3744368307696141,0.005284030656510576,0.0007603753519843158
466.0,0.019920786995021696,0.34597010620670965,0.163706606950544,0.3741538192664546,0.005267922361969871,0.0007584195987104459
467.0,0.020076244966054157,0.3462078251049735,0.1639974669878689,0.37388084980506125,0.005253377217007128,0.0007568623919506587
468.0,0.020218060169895174,0.3463313697984456,0.16421995781050283,0.37361796464338864,0.0052403747750839795,0.0007556922828540777
469.0,0.02034622288371681,0.3463437103039378,0.16437523919310845,0.3733651267185436,0.0052288860452255476,0.0007548981822842745
470.0,0.020460825746300256,0.3462477323980238,0.16446457202468634,0.3731222189807273,0.005218873600143574,0.0007544693162237849
471.0,0.020562063599719616,0.3460462433260974,0.164489317592746,0.3728890447473702,0.005210291709501883,0.0007543951756897728
472.0,0.020650232312424646,0.3457419808213807,0.16445093755048534,0.3726653288817098,0.005203086492575686,0.0007546654619386098
473.0,0.02072572669632474,0.3453376248506688,0.16435099449897012,0.3724507195775495,0.005197196084812895,0.0007552700277726869
474.0,0.02078903765047331,0.34483581147451664,0.1641911531043783,0.37224479051554676,0.005192550813192027,0.0007561988158033569
475.0,0.020840748678876055,0.3442391481896602,0.16397318165889807,0.3720470431462261,0.005189073375768248,0.000757441794569281
476.0,0.020881531939728696,0.343550230110592,0.16369895398299542,0.37185690885096495,0.005186679021385843,0.0007589888934591566
477.0,0.02091214398821745,0.34277165634529605,0.16337045155672952,0.3716737507342668,0.005185275726190743,0.0007608299374408374
478.0,0.02093342137530077,0.34190604592718005,0.1629897657588617,0.3714968648084294,0.005184764364279068,0.0007629545826539217
479.0,0.020946276261243475,0.3409560526812314,0.16255910008499397,0.37132548034487517,0.005185038870546013,0.0007653522539781016
480.0,0.020951692195837646,0.3399243784274416,0.162080772210237,0.3711587591844811,0.005185986394532912,0.0007680120857425584
481.0,0.02095072020806049,0.33881378395867306,0.1615572157582914,0.37099579382178616,0.005187487444790428,0.0007709228667895765
482.0,0.020944475337270937,0.33762709727346735,0.1609909816376783,0.37083560410445243,0.005189416023964421,0.0007740729911448666
483.0,0.02093413372682217,0.3363672185968501,0.1603847388074917,0.37067713241933625,0.005191639755453842,0.0007774504155739094
484.0,0.020920930390017307,0.3350371217839312,0.15974127433971705,0.37051923726946795,0.005194020003075198,0.0007810426253136718
485.0,0.020906157748445554,0.33363985177185945,0.15906349265306466,0.37036068518164733,0.005196411985687918,0.0007848366092576042
486.0,0.020891165034610207,0.3321785178250947,0.15835441380448906,0.3702001409217,0.0051986648891870655,0.0007888188458342935
487.0,0.02087735864500194,0.3306562824064529,0.1576171707390971,0.37003615603315254,0.005200621978656488,0.0007929753007517949
488.0,0.02086620352688745,0.3290763456010659,0.15685500541684375,0.3698671557545768,0.005202120713806818,0.000797291437676375
489.0,0.020859225682487156,0.32744192512117043,0.1560712637550146,0.36969142441044944,0.005202992871113805,0.0008017522427725205
490.0,0.020858015878230985,0.3257562320250053,0.15526938934859336,0.3695070894093643,0.005203064676347107,0.0008063422638481503
491.0,0.02086423465467041,0.3240224423912939,0.1544529159556926,0.36931210402099374,0.005202156951467356,0.0008110456646237285
492.0,0.020879618744595114,0.3222436652997531,0.15362545876163378,0.3691042291384767,0.0052000852802065265,0.0008158462943769568
493.0,0.020905989023137245,0.3204229075755114,0.15279070446227896,0.36888101426498887,0.005196660197074714,0.0008207277729082744
494.0,0.020945260134326696,0.31856303585873297,0.15195240023401588,0.3686397779912123,0.005191687405100061,0.000825673590431119
495.0,0.02099945196388075,0.3166667366575724,0.15111434168354237,0.3683775882533908,0.005184968028354454,0.0008306672216216353
496.0,0.02107070315821189,0.31473647513022524,0.15028035989442962,0.3680912426788715,0.005176298906289832,0.000835692252674354
497.0,0.021161286925017658,0.31277445341780147,0.14945430770853757,0.36777724933690376,0.005165472938148224,0.0008407325198145628
498.0,0.021273629391747612,0.3107825694117272,0.14864004539796521,0.36743180821670224,0.005152279487243658,0.0008457722573276821
499.0,0.021410330845196238,0.30876237688534325,0.14784142589668517,0.3670507937524097,0.005136504856762408,0.0008507962527953737
500.0,0.021574190229000978,0.30671504794767274,0.14706227976983713,0.3666297387061022,0.0051179328508879594,0.0008557900068924697
501.0,0.02176823333659504,0.3046413387866998,0.14630640010248483,0.3661638197063151,0.005096345437502461,0.0008607398948133843
502.0,0.02199574520591151,0.3025415596591591,0.1455775274883162,0.3656478447222072,0.005071523531390353,0.000865633326175819
503.0,0.02226030729966547,0.30041555005347187,0.14487933529233693,0.36507624273441946,0.005043247919679453,0.0008704589001060656
504.0,0.022565840142175532,0.29826265990215056,0.14421541535027807,0.36444305584536185,0.005011300354061636,0.0008752065521545446
505.0,0.022916652181196956,0.2960817376503523,0.14358926425166224,0.36374193405695526,0.004975464836952862,0.0008798676897293783
506.0,0.023317495751758992,0.2938711258991493,0.14300427033381555,0.36296613293585106,0.004935529130933069,0.0008844353128734182
507.0,0.02377363113885358,0.2916286652368036,0.14246370149133047,0.36210851438807945,0.004891286522243795,0.0008889041174453341
508.0,0.024290899866854097,0.28935170675032984,0.14197069388041264,0.36116155078002754,0.004842537869436837,0.0008932705780932379
509.0,0.02487580848478786,0.28703713357467825,0.14152824157112182,0.3601173326734139,0.0047890939670193295,0.0008975330088204865
510.0,0.025535624265907695,0.2846813916897531,0.14113918717368806,0.35896758049069044,0.00473077825062206,0.0009016915994247885
511.0,0.02627848439353793,0.2822805300182239,0.1408062134388075,0.35770366049543345,0.004667429864274876,0.0009057484266271245
512.0,0.027113520356579986,0.27983024971172343,0.1405318358070041,0.35631660556005007,0.004598907101228333,0.0009097074392774766
513.0,0.02805099941762049,0.2773259623416818,0.14031839585960093,0.3547971412994063,0.004525091216853611,0.0009135744176096795
514.0,0.029102485129851387,0.2747628565359615,0.14016805560429416,0.35313571827107465,0.0044458905950009505,0.0009173569070970712
515.0,0.03028101894525431,0.2721359724259028,0.14008279251233846,0.3513225510761811,0.004361245227473141,0.000921064128013883
516.0,0.0316013249465588,0.26944028309284157,0.14006439521236028,0.34934766533261935,0.004271131439910471,0.0009247068623158685
517.0,0.0330800396092389,0.266670782031165,0.14011445973808168,0.3472009536256391,0.004175566766699331,0.0009282973199014737
518.0,0.0347359682030266,0.26382257547931065,0.14023438622386902,0.344872241657967,0.004074614843333961,0.0009318489866888862
519.0,0.03659036890307205,0.26089097831382185,0.1404253759429724,0.3423513659085608,0.003968390148442893,0.0009353764572353588
520.0,0.03866726480518949,0.2578716120578595,0.1406884285884055,0.3396282641490219,0.003857062391634517,0.0009388952548278795
521.0,0.040993782707823674,0.2547605034280556,0.14102433970531436,0.3366930801404768,0.003740860310398095,0.0009424216420871788
522.0,0.04360051558631938,0.25155418173605837,0.1414336981959863,0.3335362837201191,0.0036200746132138075,0.0009459724251525904
523.0,0.04652190296219242,0.2482497733777881,0.1419168838338363,0.33014880726327844,0.0034950597910280356,0.0009495647544590991
524.0,0.049796619651266485,0.24484509158855966,0.14247406474022503,0.3265221991513495,0.003366234519786876,0.0009532159249886916
525.0,0.053467958427662846,0.24133871962045478,0.14310519479717948,0.32264879436772625,0.003234080396961602,0.0009569431786865441
526.0,0.05758418573014105,0.2377300855140635,0.14381001098937526,0.3185219016666335,0.0030991387981728737,0.0009607635114910004
527.0,0.06219884145785019,0.23401952669426485,0.14458803068945464,0.31413600590443663,0.002962005707707466,0.0009646934871478068
528.0,0.06737094403569516,0.23020834272288848,0.1454385489212494,0.3094869830916039,0.0028233244681521545,0.0009687490596767531
529.0,0.07316505033077735,0.22629883469275108,0.14636063565516014,0.30457232453279137,0.0026837765058891653,0.0009729454060456269
530.0,0.0796511070244286,0.22229432994946652,0.14735313320821222,0.29939136510838626,0.002544070214060213,0.0009772967702936914
531.0,0.08690401650655166,0.21819919107954228,0.14841465383766322,0.29394550937119884,0.0024049283032016385,0.0009818163200452368
532.0,0.09500282774021952,0.21401880840367554,0.1495435776309697,0.2882384477692537,0.0022670740503883432,0.0009865160160715393
533.0,0.10402945319755286,0.20975957555832814,0.150738050806057,0.2822763540658957,0.002131216977877243,0.0009914064953036338
534.0,0.11406681028522636,0.20542884812963919,0.15199598454380472,0.2760680540385653,0.0019980385602093084,0.0009964969674734108
535.0,0.12519629412550776,0.2010348857116353,0.15331505447923138,0.2696251549372671,0.0018681785853582984,0.0010017951253696394
536.0,0.13749451343811506,0.19658677818320605,0.15469270097884502,0.26296212511415334,0.001742222775743405,0.0010073070685398184
537.0,0.15102926804046385,0.19209435742074626,0.156126130328937,0.256096313823351,0.0016206922087840128,0.0010130372401478463
538.0,0.1658548194938211,0.1875680960693776,0.15761231695327138,0.24904790252848985,0.001504034969536067,0.0010189883766098266
539.0,0.18200660696024096,0.18301899536818522,0.15914800676873395,0.24183978118509744,0.0013926203299093132,0.001025161469573031
540.0,0.19949568419901653,0.17845846434683782,0.1607297217743025,0.23449734585633117,0.0012867355934669455,0.0010315557397727122
541.0,0.21830328873077962,0.1738981929667027,0.16235376595244982,0.2270482175619849,0.0011865855867732756,0.001038168622293949
542.0,0.2383760791788192,0.16935002195568483,0.16401623254322806,0.21952188625574728,0.0010922946320274973,0.0010449957627767265
543.0,0.259622662008602,0.1648258121727642,0.1657130127302477,0.21194928800216462,0.001003910713272616,0.0010520310241274866
544.0,0.28191204088923766,0.1603373163298906,0.16743980575514175,0.20436232745564797,0.000921411458081887,0.0010592665033350857
545.0,0.3050745318621415,0.1558960557947913,0.16919213045349793,0.19679336128042196,0.0008447115022965986,0.0010666925580294286
546.0,0.32890548212011367,0.15151320500270338,0.17096533818127393,0.1892746608620392,0.0007736707869106024,0.0010742978424630341
547.0,0.35317182176501644,0.1471994857270139,0.17275462707711525,0.1818378742771596,0.0007081033498200735,0.0010820693526363801
548.0,0.37762110879905225,0.14296507311184262,0.17455505758337334,0.1745135078351896,0.000647786214639679,0.0010899924803239173
549.0,0.4019923651759576,0.13881951497031159,0.17636156912768833,0.16733044653097826,0.0005924680365571584,0.001098051075787036
550.0,0.42602772284372953,0.13477166541970734,0.17816899784831078,0.16031553053124772,0.000541877233471831,0.001106227518980987
551.0,0.4494837677785087,0.1308296334787664,0.17997209523046825,0.1534932015591161,0.0004957294023175347,0.0011145027990736131
552.0,0.4721415186328655,0.12700074681252557,0.1817655475084568,0.14688522903709259,0.0004537338896501536,0.0011228566020937572
553.0,0.49381419303365365,0.1232915303945537,0.18354399567911625,0.14051052145265233,0.00041559944798126087,0.0011312674065159683
554.0,0.514352247577579,0.11970769948032348,0.1853020559671765,0.1343850239889514,0.00038103896225036776,0.0011397125865656862
555.0,0.5336455532592493,0.11625416596122581,0.18703434058171667,0.1285216993551563,0.0003497732729739534,0.001148168522995508
556.0,0.5516229120975752,0.11293505690458361,0.18873547860568293,0.12293058523176667,0.0003215341538801424,0.0011566107210393426
557.0,0.5682493776813419,0.10975374388565176,0.1904001368668719,0.11761891900688966,0.00029606652297886745,0.0011650139351977434
558.0,0.5835219858912031,0.10671288158376255,0.19202304064879333,0.11259131861611363,0.0002731299783159514,0.0011733523004458532
559.0,0.5974645345504436,0.1038144540441521,0.19359899411293896,0.10785000731843127,0.0002524997546811776,0.0011815994693861462
560.0,0.610121995242452,0.10105982699433741,0.19512290031978602,0.10339507007466672,0.00023396719691387292,0.0011897287547930437
561.0,0.6215550296191191,0.0984498046420077,0.1965897807537717,0.09922472971910981,0.00021733984071999247,0.0011977132769169256
562.0,0.6318349485072688,0.09598468946166658,0.19799479427686612,0.09533563217290919,0.00020244118444866336,0.0012055261148324716
563.0,0.6410393205952717,0.09366434359038911,0.1993332554556245,0.09172313137122856,0.00018911022621407315,0.0012131404610324387
564.0,0.6492483248317739,0.09148825058974622,0.20060065222699175,0.08838156620395722,0.0001772008309938132,0.0012205297783842843
565.0,0.6565418545176135,0.08945557648222097,0.2017926628880295,0.0853045234598022,0.00016658098256329038,0.0012276679584852968
566.0,0.6629973223613226,0.08756522912825633,0.20290517241343495,0.08248508240105129,0.0001571319658137189,0.001234529480373586
567.0,0.6686880812773586,0.08581591516736614,0.2039342881216255,0.07991603809619761,0.00014874751645576774,0.0012410895684791048
568.0,0.6736823602695406,0.0842061938977778,0.20487635472466847,0.0775901019443955,0.00014133296750611394,0.0012473243486324124
569.0,0.6780426128444196,0.08273452760934048,0.20572796880893415,0.07550007890965015,0.00013480441536175026,0.0012532110008906551
570.0,0.6818251821161613,0.08139932801070367,0.206485992801589,0.07363902183522106,0.00012908792268561208,0.001258727907891894
571.0,0.6850801981842082,0.08019899850199297,0.20714756848254862,0.07200036383732329,0.0001241187707059323,0.00126385479741174
572.0,0.6878516366619298,0.07913197213732785,0.20771013010200576,0.07057803019992592,0.00011984076978855387,0.0012685728777719124
573.0,0.6901774805493575,0.07819674519742612,0.20817141715993195,0.06936653143376037,0.0001162056341777116,0.0012728649647399189
574.0,0.6920899398840504,0.07739190635176929,0.20852948689595016,0.06836103924962911,0.00011317242451125898,0.0012767155985640227
575.0,0.6936156942376178,0.07671616143354863,0.20878272652568527,0.06755744715595094,0.0001107070599965943,0.001280111149808932
576.0,0.6947761319941671,0.07616835388044016,0.20892986524326046,0.06695241724855434,0.00010878190088405217,0.0012830399126963555
577.0,0.6955875675274679,0.07574748091209153,0.20896998598925526,0.0665434145396838,0.00010737540100321858,0.0012854921847113968
578.0,0.6960614230941223,0.0754527055231774,0.20890253695953623,0.0663287298925406,0.00010647182955077003,0.0012874603313113493
579.0,0.6962043667529737,0.07528336437124994,0.20872734280341904,0.06630749230393483,0.00010606106096042425,0.0012889388346681318
580.0,0.6960184012019602,0.07523897163375545,0.2084446154302321,0.06647967092483371,0.00010613843147827715,0.0012899243254894755
581.0,0.6955009013898542,0.07531921890088299,0.20805496431230425,0.06684606683903446,0.00010670466094798571,0.0012904155970967829
582.0,0.6946446014012528,0.07552397116277085,0.20755940614058233,0.06740829424540057,0.00010776583822236467,0.001290413601088817
583.0,0.6934375337089077,0.07585325894338688,0.20695937365753014,0.06816875032083854,0.00010933346850623225,0.0012899214240891168
584.0,0.691862926709981,0.07630726663143803,0.2062567234618293,0.06913057269256397,0.00011142458074646846,0.0012889442452600536
585.0,0.6898990697770345,0.0768863170631717,0.20545374255193422,0.0702975831346705,0.00011406189286586003,0.0012874892744660965
586.0,0.687519159115262,0.07759085242497922,0.20455315335207233,0.07167421584429504,0.00011727403213308065,0.0012855656711811727
587.0,0.684691142758587,0.0784214115671591,0.20355811694618722,0.07326542846941379,0.00012109580721613494,0.0012831844444576533
588.0,0.6813775892490321,0.07937860385561155,0.20247223423395028,0.07507659398035843,0.00012556852742342902,0.0012803583345048673
589.0,0.6775356120333316,0.0804630797367688,0.20129954471961556,0.07711337153123647,0.00013074036323732418,0.0012771016766601631
590.0,0.6731168903404835,0.08167549825336286,0.2000445226502979,0.07938155467917428,0.00013666674043326678,0.0012734302487723414
591.0,0.6680678370044287,0.0830164918246581,0.1987120702361662,0.08188689575300882,0.00014341075780181908,0.0012693611032524412
592.0,0.6623299737523726,0.08448662869370697,0.19730750771169844,0.08463490582069157,0.00015104361570969103,0.0012649123852769542
593.0,0.6558405837975747,0.08608637354423232,0.1958365600348243,0.08763063062119977,0.00015964503942447023,0.0012601031388502623
594.0,0.6485337184478461,0.08781604689808364,0.19430534006931197,0.0908784040146019,0.00016930367728737456,0.001254953102642943
595.0,0.6403416364473414,0.08967578401686728,0.19272032815447943,0.09438158195618647,0.000180117449486814,0.0012494824977173989
596.0,0.6311967487762972,0.09166549414318478,0.19108834803402647,0.09814226168413681,0.00019219381845027143,0.001243711809428937
597.0,0.6210341239796616,0.09378482102174003,0.18941653919072157,0.10216099265948674,0.00020564994688407155,0.0012376615659459814
598.0,0.6097945760647117,0.09603310573121512,0.18771232571359422,0.10643648770929708,0.0002206127044785104,0.001231352115964988
599.0,0.5974283056791866,0.09840935292654208,0.18598338190638453,0.11096534465872102,0.0002372184795789199,0.0012248034083012721
600.0,0.5838989947850396,0.10091220162994352,0.18423759492720268,0.11574179032063986,0.00025561274811967234,0.0012180347761142612
601.0,0.5691881680964668,0.10353990171019581,0.1824830248262339,0.12075745984585819,0.0002759493493478156,0.00121106472857244
602.0,0.553299538947534,0.10629029714606036,0.1807278624174696,0.1260012249200276,0.0002983894169380003,0.0012039107527777408
603.0,0.5362629667062548,0.10916081707646004,0.1789803854784568,0.13145908394218642,0.0003230999157031801,0.0011965891287493784
604.0,0.5181375864289552,0.1121484754935997,0.17724891381587946,0.13711412599786596,0.000350251738947391,0.001189114760211453
605.0,0.49901365092593347,0.11524988023549959,0.17554176376185374,0.14294657808709102,0.0003800173302663586,0.001181501023835374
606.0,0.47901267031472633,0.11846125168430073,0.17386720267419573,0.14893394172483224,0.0004125678068427306,0.0011737596394554037
607.0,0.4582855552285071,0.12177845128258773,0.17223340400256704,0.1550512208535527,0.0004480695793520026,0.0011659005636019293
608.0,0.43700866285141826,0.12519701965188632,0.1706484034511262,0.1612712382635371,0.00048668048651155725,0.0011579319084806428
609.0,0.41537788718013907,0.1287122237484872,0.169120056718007,0.1675650327707495,0.0005285454896449434,0.0011498598882655623
610.0,0.39360118710738196,0.13231911213761532,0.16765599922441313,0.17390232467738648,0.0005737920034391289,0.0011416887942686347
611.0,0.3718901601787484,0.13601257712506726,0.16626360816416177,0.18025203296962086,0.0006225249717955989,0.0011334210001983627
612.0,0.3504514018995201,0.1397874221736826,0.16494996711175247,0.18658282467636647,0.0006748218301851304,0.0011250569983251003
613.0,0.329478412257619,0.14363843276766844,0.16372183332773296,0.1928636751095374,0.000730727525585497,0.0011165954669331525
614.0,0.30914471929510406,0.14756044868599943,0.16258560779908104,0.19906441747863549,0.0007902497889714595,0.001108033368962945
615.0,0.2895987060535036,0.15154843551899688,0.16154730795449948,0.20515626161107878,0.0008533548704602259,0.0010993660812353787
616.0,0.2709603922494031,0.1555975532176329,0.16061254290500435,0.21111226405064054,0.0009199639509216051,0.001090587553112221
617.0,0.2533201821381522,0.15970321950646396,0.15978649098377398,0.2169077353586143,0.0009899504341590467,0.0010816904928901646
618.0,0.23673938581172566,0.16386116611661147,0.15907387930035669,0.22252057463039326,0.001063138299719025,0.0010726665796635278
619.0,0.22125217883610737,0.16806748599857782,0.15847896498675282,0.22793152565684258,0.0011393016583803167,0.0010635066978348868
620.0,0.20686859354765222,0.1723186699453408,0.15800551779956043,0.2331243534171223,0.001218165602250066,0.0010542011909192611
621.0,0.19357812836894805,0.17661163138028207,0.15765680375527916,0.2380859433615803,0.0012994083823794904,0.0010447401307923895
622.0,0.18135360341039103,0.18094371842621226,0.15743556951583904,0.24280632899499574,0.0013826648832653671,0.0010351135980936656
623.0,0.17015496203259517,0.18531271275410854,0.1573440273080769,0.2472786554699977,0.0014675313005542711,0.0010253119691262939
624.0,0.15993280086857417,0.1897168150967321,0.15738384025244762,0.25149908821728845,0.001553570870852412,0.001015326204316056
625.0,0.15063149112160915,0.19415461768778253,0.15755610808955844,0.25546667612919677,0.001640320455388798,0.001005148133108972
626.0,0.1421918229679752,0.19862506423894194,0.15786135342345528,0.25918317859745843,0.0017272977459498531,0.0009947707301165161
627.0,0.13455315850586666,0.20312739838502997,0.15829950874183246,0.26265286494707263,0.0018140088440920152,0.0009841883773608574
628.0,0.1276551163575727,0.20766110180495162,0.15886990461790357,0.26588229368568267,0.0018999559635762633,0.0009733971076327258
629.0,0.12143883444215325,0.21222582345970586,0.15957125963777927,0.2688800776799471,0.001984645020051314,0.0009623948242477464
630.0,0.11584786936963445,0.21682130157800925,0.16040167272110886,0.27165664003755813,0.0020675928986575447,0.0009511814928653326
631.0,0.1108287943989886,0.22144728016717802,0.1613586186012633,0.27422396424944745,0.0021483342258778607,0.0009397593015059645
632.0,0.1063315557300005,0.22610342193543798,0.16243894729436764,0.2765953411318478,0.0022264275125938524,0.0009281327854539204
633.0,0.10230964134098453,0.23078921958652077,0.1636388884048598,0.2787851143679245,0.0023014605769163393,0.0009163089143477217
634.0,0.09872010935202744,0.2355039074926747,0.1649540610815134,0.2808084260146606,0.0023730551944103574,0.0009042971394251262
635.0,0.09552351517465946,0.24024637577171687,0.1663794903473245,0.28268096321139186,0.002440870957081357,0.0008921093995898999
636.0,0.09268376925945587,0.2450150887892319,0.16790963037817883,0.2844187074718929,0.0025046083491595374,0.0008797600856935333
637.0,0.09016795050159288,0.24980801007800332,0.1695383951019888,0.28603768830809667,0.002564011066565016,0.0008672659631690295
638.0,0.08794609450892343,0.2546225356103377,0.17125919623997554,0.28755374344765033,0.002618867618161492,0.000854646053910814
639.0,0.08599097102540072,0.25945543726957704,0.17306498862759503,0.288982288484365,0.0026690122514951707,0.0008419214790615095
640.0,0.08427786079199763,0.26430281823784296,0.17494832235118954,0.2903380993499655,0.002714325245223286,0.000829115265138367
641.0,0.08278433892797536,0.26916008183981066,0.1769014009376961,0.29163511142951337,0.0027547326067272537,0.0008162521167029602
642.0,0.08149006941856228,0.27402191514994395,0.17891614456016366,0.2928862393840801,0.0027902052084200074,0.0008033581595348834
643.0,0.0803766133903997,0.2788822883778745,0.18098425699230053,0.2941032217328926,0.0028207573917800226,0.0007904606589950744
644.0,0.0794272524406171,0.2837344706922499,0.18309729487906828,0.29529649394738694,0.002846445065629444,0.0007775877189303738
645.0,0.07862682726807438,0.28857106273126326,0.18524673780096018,0.29647509321344456,0.0028673633256054328,0.0007647679670448806
646.0,0.07796159115776158,0.2933840455880839,0.18742405760414316,0.2976465971470932,0.0028836436255948424,0.0007520302331083225
647.0,0.07741907742487134,0.29816484556789324,0.18962078554694622,0.29881709765277487,0.0028954505389988013,0.000739403226648419
648.0,0.07698797967711749,0.3029044135119582,0.19182857596750078,0.29999120986507294,0.0029029781574382877,0.0007269152208494944
649.0,0.07665804365424045,0.30759331699939946,0.19403926539342173,0.3011721148042021,0.002906446185865224,0.0007145937492277945
650.0,0.07641996941112172,0.31222184329704517,0.19624492627282358,0.3023616330996627,0.0029060958046955806,0.000702465321263885
651.0,0.07626532269033821,0.3167801105595611,0.1984379147845182,0.3035603259898946,0.0029021853801210872,0.0006905551625486392
652.0,0.07618645445166586,0.3212581845098998,0.20061091246133553,0.30476761887121623,0.0028949861118511945,0.000678886984164425
653.0,0.07617642766570529,0.3256461976720736,0.20275696161364037,0.30598194200952056,0.002884777712092014,0.000667482785016109
654.0,0.07622895061747512,0.3299344681944808,0.2048694947538119,0.30720088268034124,0.0028718442098563564,0.0006563626897000591
655.0,0.07633831608986344,0.3341136153936163,0.2069423583856508,0.3084213429762189,0.00285646997043183,0.0006455448233147933
656.0,0.07649934589765352,0.3381746693572921,0.20896983163037056,0.3096396977969332,0.0028389360111852383,0.0006350452234381759
657.0,0.07670734031661827,0.34210917225751714,0.21094664021373416,0.3108519480767128,0.002819516682440375,0.0006248777883847063
658.0,0.07695803199900218,0.34590926941392774,0.21286796634278804,0.3120538650442783,0.0027984767668500763,0.0006150542598651858
659.0,0.07724754398989071,0.3495677885929639,0.21472945496487925,0.31324112218752775,0.0027760690336135355,0.0006055842373411105
660.0,0.07757235146390279,0.3530783064983573,0.21652721683776668,0.3144094125333728,0.002752532266258331,0.0005964752207238063
661.0,0.07792924679490822,0.35643520187818845,0.21825782875973757,0.31555454978734504,0.0027280897656481134,0.0005877326776254092
662.0,0.07831530755984302,0.35963369511920035,0.2199183312241651,0.3166725527496313,0.0027029483143627,0.0005793601311224792
663.0,0.0787278670674084,0.3626698746007883,0.2215062236835191,0.31775971318983454,0.002677297575365948,0.0005713592639292949
664.0,0.07916448699861776,0.3655407104251386,0.22301945754081223,0.31881264799271375,0.002651309887397282,0.0005637300349731687
665.0,0.07962293175250816,0.36824405641774466,0.2244564269365405,0.3198283368668763,0.0026251404119959753,0.0005564708045895997
666.0,0.08010114410897817,0.3707786415005313,0.2258159573685023,0.3208041472365504,0.0025989275824547025,0.0005495784648792357
667.0,0.08059722185231238,0.373144051679236,0.2270972921704527,0.32173784812258394,0.0025727938030682893,0.0005430485721599392
668.0,0.08110939504281461,0.3753407039620994,0.22830007688150955,0.32262761487979774,0.0025468463474287613,0.0005368754788768059
669.0,0.08163600367842501,0.37736981354564997,0.22942434155859567,0.3234720266156522,0.002521178406772573,0.0005310524627753039
670.0,0.08217547555080176,0.37923335557416876,0.23047048111519425,0.3242700579937079,0.00249587024304012,0.0005255718515771633
671.0,0.08272630416832512,0.3809340227118637,0.23143923380736417,0.3250210669481703,0.002470990405905152,0.0005204251418093425
672.0,0.0832870266888836,0.3824751796703673,0.23233165802845895,0.3257247796246263,0.002446596978163454,0.0005156031108121177
673.0,0.08385620187534404,0.38386081571779257,0.233149107613867,0.32638127363558067,0.0024227388191914476,0.0005110959212863003
674.0,0.08443238815378046,0.3850954960673218,0.23389320589350604,0.3269909604928055,0.002399456781423047,0.0005068932180282588
675.0,0.08501412191671803,0.38618431290996735,0.23456581876053492,0.3275545678633328,0.0023767848797482806,0.0005029842167444805
676.0,0.08559989626923317,0.3871328367234667,0.2351690270482946,0.3280731221002262,0.0023547513982750045,0.0004993577850363578
677.0,0.0861881404634837,0.3879470683616986,0.235705098522939,0.3285479313280982,0.0023333799229405443,0.000496002515803907
678.0,0.08677720030639915,0.38863339230993055,0.23617645980625437,0.3289805692191311,0.002312690291981286,0.0004929067934381856
679.0,0.08736531985536672,0.389198531383017,0.23658566854192237,0.3293728594786248,0.0022926994592699333,0.0004900588532606577
680.0,0.08795062473764545,0.3896495030479121,0.23693538610946016,0.32972686096879206,0.002273422268039879,0.00048744683472826583
681.0,0.08853110744093808,0.3899935774693962,0.2372283511740649,0.3300448533336874,0.0022548721345768507,0.00048505882895971767
682.0,0.08910461492515327,0.3902382373090058,0.2374673543385547,0.3303293229441601,0.0022370616431201993,0.0004828829211555983
683.0,0.08966883889906015,0.39039113925162255,0.23765521413662616,0.33058294895668866,0.0022200030545324223,0.00048090722848590157
684.0,0.09022130909040799,0.3904600771914947,0.2377947545758568,0.3308085892709485,0.002203708732316482,0.0004791199340065608
685.0,0.09075938981429771,0.39045294697881466,0.23788878440539787,0.3310092661751568,0.002188191490332323,0.00047750931714424027
686.0,0.09128028011223858,0.3903777126083538,0.2379400782481966,0.3311881514830227,0.0021734648671274106,0.00047606378125825626
687.0,0.09178101769350948,0.39024237372192316,0.23795135970186612,0.3313485509891856,0.002159543332185324,0.00047477187875189327
688.0,0.09225848686132684,0.39005493429531407,0.23792528647688183,0.33149388809928027,0.0021464424296396925,0.00047362233416410956
689.0,0.09270943054910019,0.3898233723866014,0.23786443760641604,0.3316276865244952,0.0021341788651214003,0.0004726040656280017
690.0,0.09313046652716414,0.3895556108349113,0.23777130272950364,0.3317535519671373,0.0021227705414228067,0.0004717062050354484
691.0,0.09351810776834574,0.3892594888156852,0.23764827341890374,0.331875152762037,0.0021122365485894733,0.0004709181171990416
692.0,0.09386878688245226,0.3889427341788093,0.2374976364974147,0.3319961994774972,0.0021025971138992766,0.0004702294182535131
693.0,0.09417888444635936,0.3886129365185478,0.2373215692618253,0.3321204235179736,0.0020938735169718776,0.000469629993490112
694.0,0.09444476096933581,0.3882775209478812,0.23712213651234318,0.33225155480795515,0.0020860879749780956,0.000469110014769445
695.0,0.09466279214433884,0.3879437225736227,0.23690128926733675,0.3323932986718757,0.0020792635025980075,0.00046865995761177684
696.0,0.09482940694736769,0.38761856169167286,0.23666086502857622,0.3325493120577159,0.002073423751018542,0.0004682706180193022
697.0,0.09494112806096577,0.38730881974324255,0.236402589450803,0.33272317928168427,0.0020685928298751224,0.00046793312904301913
698.0,0.09499461401716672,0.38702101609223744,0.23612807926126933,0.3329183874975528,0.002064795115638529,0.0004676389770680993
699.0,0.09498670238235501,0.3867613857007883,0.23583884626970272,0.3331383021164319,0.002062055049537312,0.0004673800177565494
700.0,0.09491445324434457,0.3865358577938531,0.23553630230674613,0.33338614242071407,0.0020603969276994523,0.00046714849155501085
701.0,0.09477519221320799,0.38635003561470915,0.2352217649290671,0.3336649576292933,0.0020598446858040866,0.00046693703864910064
702.0,0.09456655211441162,0.38620917738097615,0.23489646373175896,0.33397760367985113,0.0020604216801665695,0.00046673871322415374
703.0,0.09428651253787443,0.3861181785555905,0.23456154711310653,0.33432672099783084,0.0020621504668462925,0.0004665469968758259
704.0,0.09393343641133803,0.38608155554905704,0.23421808934298843,0.3347147135207177,0.002065052580076333,0.0004663558110029437
705.0,0.09350610279218881,0.386103430968498,0.23386709779387602,0.3351437292403929,0.00206914831107354,0.00046615952800934117
706.0,0.09300373511915697,0.3861875205257793,0.23350952020230148,0.33561564251578613,0.002074456488103685,0.00046595298114113286
707.0,0.09242602423409553,0.38633712171154033,0.23314625183857268,0.3361320383929318,0.0020809942585522036,0.0004657314727908755
708.0,0.09177314557345548,0.3865551043345678,0.23277814247316844,0.3366941991501013,0.002088776873689142,0.0004654907811100464
709.0,0.0910457700375768,0.3868439030168626,0.23240600303945153,0.33730309326218477,0.002097817476817172,0.0004652271647859396
710.0,0.09024506817117384,0.3872055117241591,0.2320306119038906,0.3379593669512727,0.0021081268955514374,0.00046493736585793787
711.0,0.0893727074273918,0.3876414803997518,0.23165272066670647,0.33866333845980456,0.0021197134390952997,0.0004646186104706814
712.0,0.08843084243686436,0.3881529137563971,0.23127305942759552,0.33941499514914664,0.0021325827015402686,0.00046426860748725586
713.0,0.08742209835812517,0.3887404722668829,0.23089234146278903,0.34021399349049253,0.0021467373724226705,0.000463885544913524
714.0,0.08634954754190588,0.3894043753786746,0.23051126727105695,0.3410596619770896,0.0021621770560037294,0.00046346808411440335
715.0,0.08521667989442896,0.3901444069619148,0.23013052795724187,0.34195100694756575,0.002178898100991791,0.000463015351833471
716.0,0.084027367468917,0.39095992298298676,0.22975080793242364,0.34288672127017883,0.0021968934426815846,0.0004625269300580672
717.0,0.08278582394538384,0.39184986137796646,0.2293727869197791,0.34386519579786795,0.002216152459732199,0.00046200284380228015
718.0,0.08149655977203155,0.39281275408157673,0.22899714126454981,0.34488453346472353,0.002236660848027231,0.0004614435469091729
719.0,0.08016433383334459,0.39384674114792756,0.2286245445552002,0.3459425658567515,0.002258400514243406,0.00046084990600068397
720.0,0.07879410257725966,0.3949495868794493,0.22825566757080887,0.3470368720543052,0.002281349491882837,0.0004602231827282371
721.0,0.07739096757436928,0.39611869786027964,0.22789117757693517,0.3481647995111463,0.002305481882586652,0.0004595650144987204
722.0,0.07596012249491754,0.3973511427701815,0.22753173699864077,0.3493234867064847,0.0023307678255316587,0.0004588773938687427
723.0,0.07450680047430217,0.398643673835194,0.22717800150500173,0.3505098872822878,0.0023571734976086263,0.0004581626468146292
724.0,0.07303622279599634,0.39999274975203014,0.2268306175443223,0.351720795359246,0.0023846611468837714,0.0004574234100962709
725.0,0.07155354975438663,0.4013945599051398,0.22649021937338182,0.3529528717115579,0.0024131891615511215,0.00045666260793959286
726.0,0.07006383447201357,0.402845049678842,0.22615742562741586,0.35420267047355536,0.002442712176193668,0.0004558834282650223
727.0,0.06857198034000594,0.40433994665239453,0.22583283548020772,0.3554666660503017,0.002473181216689075,0.0004550892986880349
728.0,0.06708270263145748,0.4058747874538355,0.22551702444566935,0.3567412799097657,0.002504543884530852,0.0004542838625127827
729.0,0.06560049470991668,0.4074449450392603,0.2252105398736896,0.35802290694580136,0.0025367445806995133,0.0004534709549312014
730.0,0.06412959912385044,0.4090456561582868,0.2249138961938728,0.3593079411186556,0.002569724768526813,0.0004526545796281885
731.0,0.06267398374760916,0.4106720487641214,0.2246275699611492,0.36059280010255745,0.0026034232742683304,0.0004518388859787563
732.0,0.061237323004420724,0.41231916912805233,0.224351994757192,0.3618739486974363,0.002637776623356347,0.0004510281470059436
733.0,0.059822984091036854,0.4139820084235077,0.22408755600118344,0.363147920793181,0.0026727194095691946,0.00045022673824905935
734.0,0.05843401801999777,0.41565552855402416,0.2238345857228281,0.3644113397091595,0.0027081846936476838,0.00044943911767105177
735.0,0.05707315520639111,0.41733468701246773,0.22359335734968575,0.36566093676798933,0.0027441044272368312,0.0004486698067117997
736.0,0.055742805253013256,0.41901446057544184,0.2233640805599654,0.36689356799979056,0.002780409897452756,0.0004479233725713556
737.0,0.05444506053174753,0.4206898676566691,0.223146896250966,0.3681062289103207,0.0028170321868886405,0.0004472044117840689
738.0,0.05318170311973401,0.42235598916588196,0.22294187167242682,0.369296067282589,0.0028539026434959915,0.00044651753512136113
739.0,0.051954214625920654,0.4240079877448783,0.22274899577323093,0.37046039401582614,0.0028909533545179527,0.00044586735383817075
740.0,0.05076378843560289,0.42564112527941556,0.22256817480922522,0.37159669203734635,0.002928117618518426,0.0004452584672559128
741.0,0.049611343906048336,0.4272507786138998,0.22239922825943118,0.3727026233511658,0.002965330409544435,0.00044469545165358383
742.0,0.048497542063298815,0.42883245342484777,0.22224188509762632,0.37377603431179435,0.0030025288275786276,0.0004441828504185115
743.0,0.04742280237675801,0.4303817962382202,0.22209578046619582,0.3748149592319883,0.003039652529675265,0.00044372516538947524
744.0,0.046387320222065626,0.43189460460442025,0.22196045279926177,0.37581762244926137,0.0030766441365170554,0.00044332684930760066
745.0,0.04539108468200032,0.4333668354724525,0.22183534144236253,0.3767824389875216,0.0031134496095663647,0.00044299229927471706
746.0,0.044433896377820276,0.4347946118309937,0.22171978481631716,0.3777080139573885,0.0031500185944970775,0.0004427258511048682
747.0,0.0435153850677969,0.43617422770848024,0.22161301917328854,0.3785931408417418,0.003186304727164214,0.0004425317744424382
748.0,0.04263502679423371,0.43750215164639555,0.22151417799334946,0.37943679881211007,0.003222265898978594,0.0004424142685100175
749.0,0.04179216040368522,0.43877502877947483,0.2214222920699325,0.38023814921702115,0.0032578644791860715,0.00044237745834070993
750.0,0.040986003306419876,0.43998968167320723,0.22133629033225427,0.3809965313757774,0.0032930674921864303,0.00044242539134317746
751.0,0.04021566637957493,0.44114311008269896,0.22125500145198432,0.38171145780081484,0.0033278467486526873,0.00044256203404340527
752.0,0.039480167953399585,0.44223248980743957,0.22117715627989099,0.38238260895929166,0.0033621789298121565,0.00044279126884500474
753.0,0.03877844685107349,0.44325517082373483,0.22110139115574384,0.38300982767040465,0.0033960456248177304,0.00044311689065002483
754.0,0.038109374479621566,0.4442086748804299,0.22102625213118762,0.3835931132196375,0.003429433321662903,0.0004435426031847533
755.0,0.03747176599234375,0.44509069274400975,0.22095020014042013,0.38413261525524395,0.003462333352572894,0.00044407201488006577
756.0,0.036864390561959955,0.445899081276197,0.22087161714712011,0.3846286275162793,0.0034947417952353615,0.0004447086341636267
757.0,0.03628598081845426,0.44663186052077447,0.2207888132880091,0.38508158142590704,0.003526659331617609,0.000445455864031821
758.0,0.03573524151653673,0.4472872109665314,0.22070003502355218,0.3854920395690244,0.0035580910664565917,0.0004463169957828981
759.0,0.03521085750494576,0.44786347113999975,0.2206034742945164,0.38586068905990184,0.0035890463078068644,0.0004472952018095026
760.0,0.03471150107369962,0.4483591356650855,0.22049727866936222,0.38618833479397974,0.003619538312296185,0.00044839352736875864
761.0,0.034235838756136054,0.4487728539068669,0.22037956245178164,0.386475892568552,0.003649583997974354,0.00044961488127135107
762.0,0.033782537660402186,0.44910342929389757,0.2202484187002116,0.38672438205018006,0.003679203627854485,0.0004509620254576986
763.0,0.03335027140025895,0.44934981938750934,0.22010193209204945,0.38693491956255033,0.0037084204674427573,0.0004524375634591967
764.0,0.0329377256879365,0.44951113673815707,0.21993819254486946,0.3871087106673538,0.0037372604197376384,0.0004540439277754872
765.0,0.03254360364263548,0.449586650538165,0.21975530948558308,0.3872470425127266,0.003765751641356302,0.00045578336623446915
766.0,0.03216663085746787,0.44957578904784024,0.21955142663670527,0.38735127592886326,0.003793924143615914,0.0004576579274398227
767.0,0.03180556025554283,0.4494781427384383,0.21932473716728235,0.3874228372585008,0.003821809382561601,0.000459669445450601
768.0,0.03145917675295996,0.44929346806165216,0.2190734990352975,0.38746320992084204,0.0038494398420884962,0.0004618195238780902
769.0,0.031126301733117766,0.4490216917220699,0.21879605032925148,0.38747392572077927,0.003876848614449761,0.00046410951962575295
770.0,0.030805797323484384,0.4486629152973827,0.21849082439994125,0.3874565559305001,0.003904068982569631,0.00046654052653743235
771.0,0.030496570453318873,0.4482174200221616,0.2181563645600436,0.3874127021870837,0.003931134008683666,0.0004691133592558344
772.0,0.030197576659303598,0.44768567152588185,0.21779133811978382,0.38734398726679475,0.003958076133899451,0.00047182853762622667
773.0,0.029907823596172573,0.4470683242957897,0.2173945495224767,0.38725204581362743,0.003984926793300152,0.0004746862720076967
774.0,0.02962637420167789,0.44636622562122735,0.21696495234474045,0.38713851511537756,0.004011716051191465,0.0004776864498747739
775.0,0.029352349460059206,0.4455804187692684,0.21650165993321932,0.3870050260342296,0.00403847226100947,0.00048082862410414893
776.0,0.029084930705903508,0.44471214514272245,0.21600395446304804,0.3868531942096964,0.0040652217542538355,0.00048411200334333025
777.0,0.02882336141113998,0.44376284518141224,0.2154712942231763,0.38668461165896945,0.004091988562579525,0.00048753544484911613
778.0,0.028566948401992403,0.44273415778632247,0.2149033189599195,0.38650083890269876,0.004118794176864525,0.000491097450162952
779.0,0.02831506245996097,0.44162791807373986,0.21429985314232786,0.3863033977424782,0.004145657346666971,0.0004947961639569975
780.0,0.028067138271109317,0.44044615330234244,0.21366090705052454,0.3860937648096212,0.004172593922990711,0.0004986293763390312
781.0,0.02782267370072013,0.4391910768594475,0.21298667563013512,0.38587336599319316,0.004199616746696498,0.0005025945288466465
782.0,0.02758122838525477,0.43786508024203813,0.21227753510118735,0.385643571838959,0.00422673558423032,0.0005066887242924284
783.0,0.027342421649872644,0.43647072302206147,0.21153403735706222,0.38540569399042357,0.004253957111601153,0.0005109087405435637
784.0,0.027105929776837654,0.43501072084190745,0.21075690223675467,0.3851609827191958,0.004281284946738417,0.0005152510482335474
785.0,0.02687148266719923,0.4334879315427515,0.2099470078003095,0.3849106255653835,0.004308719729511631,0.0005197118323128874
786.0,0.026638859954443466,0.43190533958334426,0.20910537878128793,0.3846557470806775,0.004336259247818491,0.0005242870172527037
787.0,0.02640788664364451,0.43026603895759,0.20823317343000117,0.3843974096382734,0.004363898607265346,0.0005289722956230842
788.0,0.02617842836239036,0.4285732148638017,0.20733166899569028,0.38413661524594567,0.00439163044109807,0.0005337631596801025
789.0,0.025950386319897524,0.4268301244150046,0.20640224612369273,0.3838743082724695,0.004419445156215886,0.0005386549355147382
790.0,0.02572369207789316,0.42504007670662297,0.20544637246403985,0.3836113789741346,0.004447331210340547,0.0005436428192465438
791.0,0.025498302240826273,0.42320641257431646,0.20446558580030497,0.38334866768812487,0.0044752754147410105,0.0005487219146873356
792.0,0.0252741931737009,0.4213324843800913,0.20346147701159653,0.38308696954365024,0.004503263256352009,0.0005538872718577006
793.0,0.025051355853410732,0.4194216361591648,0.2024356731764565,0.38282703953035646,0.004531279232691463,0.0005591339257130748
794.0,0.024829790954105892,0.41747718444387377,0.20138982111543144,0.38256959775690463,0.004559307192692653,0.0005644569344276258
795.0,0.02460950425917896,0.41550240005525335,0.20032557164992157,0.3823153347307435,0.00458733067643291,0.0005698514165931288
796.0,0.02439050248232359,0.41350049111914666,0.19924456482946062,0.38206491649284663,0.004615333246767345,0.0005753125867160065
797.0,0.0241727895682505,0.4114745875235571,0.19814841634892172,0.381818989448242,0.004643298806065193,0.0005808357884374443
798.0,0.023956363530523186,0.4094277269893963,0.19703870534250192,0.3815781847441339,0.0046712118915929295,0.0005864165249570441
799.0,0.02374121387006133,0.4073628428797614,0.1959169637039504,0.38134312206179305,0.004699057943583976,0.0005920504862076733
800.0,0.023527319603595078,0.4052827538254828,0.19478466704367542,0.3811144127056283,0.004726823540664794,0.0005977335724050607
801.0,0.023314647917132513,0.4031901551987234,0.19364322735427264,0.38089266189238424,0.004754496598054964,0.000603461913677569
802.0,0.023103153445661023,0.4010876124236232,0.19249398741781368,0.38067847016465245,0.004782066524802104,0.0006092318855662334
803.0,0.02289277816712599,0.39897755607471863,0.19133821695187142,0.38047243387528523,0.004809524337229287,0.0006150401202698003
804.0,0.022683451886436824,0.3968622786812263,0.19017711045758273,0.38027514471233403,0.004836862726736629,0.000620883513591291
805.0,0.022475093274014746,0.39474393312896744,0.18901178670268692,0.38008718825729354,0.00486407608108626,0.0006267592276192045
806.0,0.022267611413342592,0.39262453253209667,0.18784328974590997,0.37990914159227424,0.004891160459284539,0.0006326646892458132
807.0,0.022060907803201708,0.3905059514339382,0.18667259138659298,0.37974156999381586,0.004918113521134055,0.0006385975846855056
808.0,0.021854878752842068,0.38838992818978757,0.1855005949051972,0.37958502277202105,0.004944934413438989,0.0006445558502068445
809.0,0.02164941810228548,0.38627806838405304,0.18432813994629083,0.3794400283331685,0.004971623615689865,0.0006505376593322254
810.0,0.02144442019533813,0.3841718491387728,0.18315600838567406,0.37930708856165735,0.004998182748812734,0.0006565414067887839
811.0,0.021239783029718597,0.3820726241795021,0.18198493101723265,0.3791866726327266,0.0050246143512275784,0.0006625656895137778
812.0,0.021035411507013987,0.379981629536808,0.18081559489261523,0.3790792103806634,0.005050921627012382,0.0006686092850277958
813.0,0.020831220704971922,0.37789998977613143,0.17964865114756945,0.3789850853579027,0.005077108171404413,0.0006746711274908952
814.0,0.02062713909592894,0.3758287246645779,0.17848472315238054,0.37890462772838207,0.005103177679184747,0.0006807502817512532
815.0,0.020423111637948778,0.3737687561992927,0.17732441482991634,0.3788381071435794,0.005129133641685266,0.000686845915684726
816.0,0.020219102669472834,0.3717209159376721,0.17616831899295302,0.378785725751759,0.005154979038229491,0.0006929572711081103
817.0,0.02001509854390301,0.3696859525839695,0.17501702556232113,0.3787476114900263,0.005180716027774675,0.000699083633530498
818.0,0.01981110994745822,0.3676645397993222,0.173871129538651,0.3787238118048812,0.005206345646367554,0.0007052243009872459
819.0,0.019607173851740385,0.36565728421237254,0.17273123861275935,0.3787142879401327,0.005231867515768756,0.0007113785521811075
820.0,0.0194033550615489,0.36366473361524243,0.1715979803127338,0.3787189099214482,0.005257279568249564,0.000717545614136043
821.0,0.019199747328391203,0.36168738533443145,0.17047200859923867,0.37873745235466555,0.005282577792131146,0.0007237246295522609
822.0,0.018996474010615664,0.359725694768301,0.1693540098342753,0.3787695911405607,0.005307756002131376,0.0007299146240367818
823.0,0.018793688271877933,0.35778008408225626,0.16824470806235084,0.3788149011923751,0.005332805638020985,0.0007361144733729244
824.0,0.01859157282045303,0.35585095104975933,0.1671448695565546,0.37887285522442243,0.005357715594482028,0.0007423228709849778
825.0,0.018390339202439793,0.35393867802224893,0.16605530659526127,0.3789428236609424,0.005382472084420439,0.0007485382957510314
826.0,0.018190226671867305,0.35204364100421176,0.1649768804479034,0.37902407569447777,0.005407058537325072,0.0007547589803176378
827.0,0.017991500669841076,0.35016621880153714,0.16391050356038464,0.37911578150287834,0.005431455533600499,0.0007609828800743591
828.0,0.017794450952897892,0.34830680220226856,0.16285714094209394,0.37921701561404597,0.005455640775144418,0.000767207642954154
829.0,0.017599389417470288,0.34646580313944964,0.16181781076706264,0.37932676138815447,0.005479589091804191,0.0007734305802364309
830.0,0.017406647672623333,0.34464366377636674,0.16079358421147408,0.3794439165687466,0.005503272482743607,0.0007796486385429814
831.0,0.01721657441690743,0.34284086544553266,0.15978558455841854,0.3795672998371915,0.0055266601911916746,0.0007858583732323188
832.0,0.017029532677222615,0.34105793736465695,0.15879498560844416,0.37969565828981583,0.0055497188105392515,0.000792055923414401
833.0,0.016845896968011326,0.33929546504590563,0.15782300944100344,0.37982767574387893,0.005572412419306577,0.0007982369888247908
834.0,0.01666605042796075,0.3375540983093031,0.15687092357734594,0.3799619817676369,0.005594702742131512,0.0008043968088140438
835.0,0.01649038198880782,0.3358345588073562,0.15594003759969519,0.3800971613211848,0.00561654933363082,0.0008105301437240132
836.0,0.01631928362697244,0.3341376469660917,0.15503169928470514,0.38023176488862687,0.005637909781768918,0.0008166312589368786
837.0,0.016153147743785574,0.3324642482477744,0.15414729031120608,0.3803643189784028,0.0056587399272318584,0.0008226939118944397
838.0,0.015992364714255514,0.33081533864265,0.15328822160314812,0.3804933368672081,0.0056789940952497574,0.0008287113423938984
839.0,0.015837320637867674,0.3291919893011367,0.15245592836849545,0.38061732946374816,0.005698625336335798,0.0008346762664712114
840.0,0.01568839531807462,0.3275953702238493,0.15165186489363763,0.3807348161713622,0.005717585672511597,0.0008405808741836955
841.0,0.01554596049014655,0.3260267529345901,0.15087749915077636,0.3808443356331052,0.005735826345761249,0.0008464168315992148
842.0,0.015410378310130528,0.3244875120707498,0.1501343072727714,0.38094445624890505,0.005753298065692961,0.0008521752872896073
843.0,0.015282000111008831,0.3229791258362469,0.14942376794620857,0.3810337863616196,0.005769951253680037,0.0008578468836105352
844.0,0.015161165425917469,0.3215031752739009,0.14874735676907822,0.38111098401691457,0.0057857362810923435,0.0008634217730284157
845.0,0.015048201272622297,0.32006134232673006,0.14810654061455847,0.3811747662105399,0.005800603699605243,0.0008688896397271666
846.0,0.014943421688450316,0.3186554066707723,0.14750277203709283,0.3812239175455448,0.00581450446197479,0.0008742397266931625
847.0,0.014847127500605626,0.31728724131535274,0.146937483751374,0.3812572982309615,0.005827390132085049,0.000879460868435901
848.0,0.01475960631329757,0.3159588069799679,0.14641208320912338,0.38127385136228975,0.0058392130834939455,0.0008845415294545308
849.0,0.01468113269037529,0.31467214526983384,0.1459279472928097,0.3812726094325502,0.005849926686118902,0.000889469848506795
850.0,0.014611968510179239,0.3134293706843986,0.14548641713981583,0.3812527000306194,0.005859485481101205,0.0008942336886773286
851.0,0.014552363468041585,0.31223266150449785,0.14508879310514405,0.3812133506909299,0.005867845344260143,0.0008988206931771591
852.0,0.014502555701235372,0.3110842496141784,0.14473632986567292,0.3811538928653985,0.005874963638885545,0.0009032183467360961
853.0,0.01446277251111477,0.30998640932231736,0.1444302316643263,0.3810737649946636,0.0058807993589128195,0.0009074140423753394
854.0,0.01443323115762649,0.30894144525698847,0.14417164768839114,0.38097251466144627,0.005885313263771625,0.0009113951532696903
855.0,0.014414139702224176,0.30795167941194806,0.14396166757268805,0.380849799814226,0.0058884680063920865,0.0009151491093284239
856.0,0.014405697876399157,0.3070194374296799,0.1438013170154318,0.38070538905458373,0.005890228255986899,0.0009186634780420154
857.0,0.014408097954474456,0.30614703420916795,0.1436915534924595,0.38053916098671664,0.005890560817300126,0.000921926049059905
858.0,0.014421525610921757,0.30533675892904893,0.14363326205409327,0.3803511026329353,0.0058894347480218465,0.0009249249218835925
859.0,0.014446160744183369,0.3045908595781968,0.14362725118826458,0.3801413069246399,0.005886821476010698,0.0009276485959809834
860.0,0.014482178250761205,0.303911527086234,0.14367424873366968,0.379909969284494,0.00588269491784382,0.0009300860625536766
861.0,0.014529748735117715,0.3033008791462044,0.14377489782765143,0.37965738332243937,0.005877031600026436,0.0009322268971202802
862.0,0.014589039142687419,0.3027609438208511,0.14392975287520346,0.37938393567593565,0.005869810783943494,0.0009340613520176099
863.0,0.014660213304987967,0.3022936430228922,0.14413927552794442,0.3790901000334159,0.0058610145953269304,0.0009355804478693577
864.0,0.014743432387431837,0.3019007759585864,0.14440383066509332,0.37877643038942277,0.0058506281586483905,0.0009367760630301736
865.0,0.014838855231961075,0.30158400262295804,0.14472368237235014,0.37844355359013593,0.005838639736435356,0.0009376410199837226
866.0,0.014946638588056872,0.3013448274345202,0.14509898991911374,0.3780921612388785,0.005825040873055565,0.0009381691676575635
867.0,0.015066937227022285,0.30118458309734625,0.1455298037396022,0.37772300104241674,0.005809826542030084,0.0009383554586170558
868.0,0.015199903935710142,0.3011044147790492,0.14601606142912604,0.3773368676901465,0.005792995295430248,0.0009381960201160862
869.0,0.015345689387093743,0.3011052646946963,0.14655758377294673,0.37693459336917345,0.005774549413400509,0.0009376882180150197
870.0,0.015504441886279707,0.3011878571889633,0.14715407083175572,0.37651703802837627,0.00575449505134275,0.0009368307126266555
871.0,0.01567630699177306,0.3013526844118717,0.14780509811476883,0.3760850795132962,0.00573284238181312,0.0009356235056191857
872.0,0.015861427013059416,0.30159999268716897,0.14851011287864888,0.3756396037005854,0.005709605727737909,0.0009340679771911465
873.0,0.01605994038690709,0.3019297696766527,0.14926843059784461,0.3751814947652571,0.005684803683167451,0.000932166912836504
874.0,0.01627198093625371,0.3023417324482821,0.1500792316593586,0.3747116257156237,0.00565845921747559,0.0009299245191371629
875.0,0.0164976770171649,0.30283531656049406,0.15094155834227402,0.37423084932917056,0.0056305997586939115,0.0009273464281539166
876.0,0.016737150561178755,0.30340966627942806,0.15185431214943693,0.3737399896173784,0.005601257251562379,0.0009244396901330073
877.0,0.016990516022406095,0.30406362604938486,0.15281625156530462,0.3732398339384875,0.005570468185894901,0.0009212127544016553
878.0,0.017257879241075982,0.3047957333394286,0.1538259903199385,0.3727311258643479,0.005538273591011746,0.0009176754384891896
879.0,0.017539336237807516,0.30560421299014784,0.15488199624418486,0.3722145588909722,0.005504718992288777,0.000913838885677572
880.0,0.017834971955761,0.30648697318383905,0.15598259080501137,0.37169077106248816,0.005469854326318152,0.000909715511352659
881.0,0.018144858970958903,0.3074416031583385,0.1571259494124599,0.37116034055538943,0.00543373381176494,0.0009053189386917966
882.0,0.018469056194437557,0.3084653727790662,0.1583101025904579,0.3706237822449403,0.0053964157737300955,0.0009006639243806405
883.0,0.018807607593443302,0.3095552340752213,0.15953293810251584,0.37008154524911946,0.005357962420278066,0.00089576627519878
884.0,0.01916054096254292,0.3107078248342492,0.1607922041198451,0.369534011418488,0.005318439570736383,0.0008906427564464152
885.0,0.01952786677918239,0.3119194743335204,0.16208551351343248,0.36898149471383584,0.00527791633639869,0.0008853109932998842
886.0,0.019909577181767366,0.31318621126953744,0.16341034934286977,0.3684242413884101,0.0052364647553316745,0.0008797893662796596
887.0,0.02030564511161616,0.31450377392300205,0.1647640716031623,0.36786243086895254,0.005194159384065093,0.0008740969020883328
888.0,0.020716023662975747,0.3158676225728502,0.16614392527622793,0.3672961772106004,0.005151076849997411,0.0008682531611267247
889.0,0.02114064568751194,0.31727295414423934,0.16754704971641088,0.36672553098574373,0.005107295369340642,0.0008622781230226083
890.0,0.021579423701101073,0.31871471904484205,0.16897048937921466,0.36615048145682955,0.00506289423632137,0.000856192071508614
891.0,0.022032250141155254,0.320187640111233,0.17041120587984596,0.36557095887833324,0.005017953290120361,0.0008500154799641642
892.0,0.02249899802193671,0.32168623355332654,0.17186609134348868,0.3649868367739041,0.004972552366642163,0.0008437688988919069
893.0,0.022979522033177643,0.3232048317504831,0.17333198298294403,0.36439793404107945,0.004926770742640083,0.0008374728465339573
894.0,0.023473660123696234,0.32473760771896987,0.1748056788120633,0.36380401674771906,0.004880686579965741,0.0008311477037493761
895.0,0.023981235606483044,0.3262786010378085,0.17628395437592334,0.36320479950102474,0.0048343763777626775,0.0008248136141745162
896.0,0.024502059814887102,0.327821744989678,0.17776358035178136,0.36259994629105363,0.00478791444028109,0.0008184903905749651
897.0,0.02503593533108083,0.32936089464643126,0.17924134084932342,0.36198907073520786,0.004741372367666867,0.000812197428174838
898.0,0.02558265979800724,0.33088985560583334,0.1807140522154194,0.36137173567738284,0.004694818576589514,0.0008059536256194143
899.0,0.026142030314691152,0.33240241306827206,0.18217858212837817,0.3607474521242546,0.0046483178569422376,0.0007997773140933494
900.0,0.02671384840234856,0.33389236093012065,0.1836318687502798,0.36011567753054347,0.004601930970101336,0.0007936861949821866
901.0,0.02729792551548216,0.33535353056484674,0.18507093969406027,0.35947581347394963,0.004555714293399263,0.0007876972863319626
902.0,0.02789408905846193,0.3367798189642477,0.18649293055512647,0.35882720278780667,0.004509719514578318,0.0007818268782330829
903.0,0.028502188854387017,0.3381652159206747,0.18789510275580457,0.35816912624443226,0.004463993379078683,0.000776090497132174
904.0,0.029122103999755636,0.3395038299467617,0.18927486045504308,0.3575007989038629,0.004418577492104953,0.0007705028789611867
905.0,0.02975375002609435,0.34078991265187064,0.19062976628553138,0.3568213662604989,0.004373508176533716,0.0007650779508679246
906.0,0.030397086278664966,0.34201788132374544,0.1919575556955684,0.35612990033368613,0.0043288163868934835,0.0007598288212375019
907.0,0.031052123413076695,0.34318233949910293,0.19325614969323973,0.35542539585713345,0.004284527678884211,0.0007547677776106856
908.0,0.03171893090344248,0.3442780953472612,0.19452366581523936,0.3547067667262089,0.004240662233218662,0.0007499062920330281
909.0,0.0323976444508646,0.3453001777353373,0.1957584271712508,0.35397284286168845,0.0041972349319712105,0.0007452550333084068
910.0,0.03308847317870102,0.34624384989093726,0.19695896944645894,0.3532223676436856,0.004154255485112621,0.0007408238855818004
911.0,0.03379170650125723,0.34710462062727915,0.1981240457785314,0.3524539960607354,0.004111728604493478,0.000736621972638756
912.0,0.03450772055520937,0.34787825314504967,0.1992526294604222,0.35166629370686736,0.004069654222208037,0.0007326576872824348
913.0,0.03523698408796813,0.3485607714736196,0.20034391445561273,0.3508577367446556,0.004028027750019173,0.0007289387251329119
914.0,0.0359800637040358,0.3491484646602548,0.20139731374704528,0.3500267129353856,0.003986840376343273,0.0007254721221867848
915.0,0.03673762837876335,0.3496378888584016,0.2024124555741333,0.3491715238193729,0.003946079397171916,0.0007222642954774221
916.0,0.037510453158300476,0.3500258675038924,0.20338917764310063,0.34829038811083374,0.0039057285772330294,0.0007193210861865605
917.0,0.03829942197441384,0.35030948980007043,0.20432751942385907,0.34738144635320595,0.003865768537656422,0.0007166478045755178
918.0,0.03910552951266088,0.3504861077585422,0.20522771267112752,0.34644276686305986,0.003826177166396651,0.0007142492761282934
919.0,0.039929882081633575,0.3505533320610023,0.2060901703281745,0.345472352974174,0.003786930047668418,0.0007121298883283144
920.0,0.04077369743910485,0.35050902701891473,0.2069154739881443,0.3444681515783626,0.0037480009066585512,0.000710293637524748
921.0,0.041638303537527434,0.3503513049116399,0.20770436010033208,0.3434280629463983,0.003709362065784864,0.0007087441753822963
922.0,0.04252513615610187,0.350078519979879,0.2084577051170013,0.34234995180096645,0.0036709849087711074,0.000707484854449393
923.0,0.04343573538934863,0.34968926234033304,0.20917650978054825,0.3412316596039166,0.0036328403487945653,0.0007065187724229605
924.0,0.044371740962712736,0.3491823520696041,0.2098618827512576,0.34007101801192235,0.0035948992969362862,0.0007058488147326228
925.0,0.045334886344232626,0.348556833681218,0.21051502377287343,0.3388658634477231,0.0035571331271252236,0.0007054776951128104
926.0,0.046326991617938316,0.3478119711898888,0.21113720656715615,0.33761405272794914,0.0035195141337177227,0.0007054079938768868
927.0,0.047349955079701835,0.3469472439226146,0.2117297616399079,0.3363134796827022,0.0034820159777994067,0.0007056421936527044
928.0,0.048405743510232614,0.34596234319778457,0.2122940591701269,0.3349620926960221,0.00344461411824272,0.0007061827123833
929.0,0.04949638107331426,0.3448571699521978,0.21283149214142089,0.3335579130896912,0.0034072862235109223,0.0007070319334393336
930.0,0.05062393678092705,0.3436318333527349,0.21334345986105924,0.3320990542649922,0.003370012560176611,0.0007081922327308865
931.0,0.051790510461298844,0.34228665038548195,0.21383135199747597,0.3305837415077102,0.0033327763541328857,0.000709666002745074
932.0,0.052998217161995265,0.3408221463714501,0.2142965332520433,0.32901033235055,0.003295564120529858,0.0007114556734722231
933.0,0.05424916991874833,0.3392390563157259,0.2147403287658714,0.32737733737405683,0.003258365958580291,0.0007135637302169025
934.0,0.05554546082266266,0.33753832695701547,0.21516401034752503,0.32568344131208943,0.003221175807558425,0.0007159927283206449
935.0,0.05688914032459363,0.3357211193481214,0.2155687835931354,0.3239275243110164,0.0031839916605755484,0.0007187453048505899
936.0,0.05828219472663644,0.3337888117659142,0.21595577595659407,0.3221086831734176,0.003146815733063316,0.0007218241873323773
937.0,0.05972652182753199,0.33174300272273444,0.21632602581448945,0.3202262523976312,0.003109654583337077,0.0007252321996263247
938.0,0.061223904711958876,0.32958551383074636,0.2166804725582604,0.31827982480466144,0.003072519183148988,0.0007289722650631429
939.0,0.0627759837036044,0.3273183922572787,0.21701994773475722,0.3162692715245189,0.003035424936772367,0.0007330474069690975
940.0,0.06438422653881616,0.3249439125032227,0.21734516724602795,0.3141947610959208,0.0029983916478785104,0.0007374607467206344
941.0,0.06604989686151805,0.32246457723860933,0.21765672460968868,0.3120567774174802,0.0029614434342639055,0.0007422154994748775
942.0,0.06777402119065948,0.3198831169397717,0.2179550852726751,0.30985613627607134,0.0029246085913433,0.0007473149677251915
943.0,0.06955735456810984,0.31720248809114626,0.2182405819634888,0.30759400017010324,0.002887919406222099,0.0007527625328300114
944.0,0.07140034515666704,0.3144258697415882,0.21851341106122574,0.30527189114294695,0.0028514119250755148,0.0007585616446584277
945.0,0.07330309812333956,0.3115566582397438,0.2187736299536973,0.30289170134571625,0.0028151256774644933,0.0007647158094874073
946.0,0.07526533921060999,0.30859846001484875,0.21902115535183309,0.3004557010596935,0.002779103362079813,0.0007712285762731179
947.0,0.07728637846586153,0.30555508231752676,0.21925576252329962,0.29796654392753713,0.0027433904991965483,0.0007781035214022752
948.0,0.07936507466422463,0.3024305218885447,0.21947708540492597,0.29542726916916895,0.002708035055811255,0.000785344232008941
949.0,0.0814998010200771,0.2992289515808182,0.21968461755113697,0.2928413005929575,0.002673087049998198,0.0007929542879172848
950.0,0.08368841283458381,0.2959547050196862,0.21987771387422653,0.29021244225499115,0.0026385981414349187,0.0008009372422416173
951.0,0.08592821776815904,0.2926122594469329,0.22005559313202558,0.28754487066814344,0.002604621215294471,0.0008092966006411936
952.0,0.08821594945487121,0.28920621695352794,0.22021734111940192,0.2848431235171521,0.002571209966770488,0.0008180357991886352
953.0,0.09054774518820566,0.28574128436268953,0.22036191452214424,0.28211208489456396,0.0025384184933872596,0.0008271581807673714
954.0,0.0929191284022084,0.28222225207693213,0.220488145395175,0.2793569671334741,0.002506300901953597,0.0008366669698648993
955.0,0.09532499664746935,0.2786539722484754,0.22059474623174186,0.27658328937455173,0.0024749109365566004,0.0008465652455749486
956.0,0.09775961571694536,0.2750413366701382,0.22068031559624932,0.2737968530648668,0.002444301633376117,0.0008568559125629369
957.0,0.10021662051231965,0.2713892548122741,0.2207433443006647,0.27100371464252315,0.002414525007355869,0.0008675416696853779
958.0,0.10268902315842658,0.2677026324491,0.22078222211287735,0.2682101557120674,0.0023856317749192204,0.0008786249758859069
959.0,0.1051692287729191,0.2639863513241218,0.22079524499484654,0.2654226510594576,0.002357671115997529,0.0008901080129186563
960.0,0.10764905918342375,0.2602452502984721,0.22078062287864078,0.26264783489054855,0.0023306904776774283,0.0009019926443752735
961.0,0.11011978475800915,0.25648410840761865,0.22073648799924994,0.2598924657026584,0.0023047354208028544,0.0009142803704160989
962.0,0.11257216438056047,0.2527076302209464,0.22066090381400758,0.2571633902142056,0.002279849509917354,0.0009269722775311746
963.0,0.11499649346446006,0.2489204338555065,0.22055187454915742,0.25446750678260255,0.0022560742460297797,0.0009400689825852566
964.0,0.11738265975970624,0.24512704194032175,0.22040735542405615,0.2518117287359332,0.002233449040855011,0.000953570570336228
965.0,0.11972020657392377,0.24133187576198883,0.22022526361217307,0.24920294803027154,0.002212011230439627,0.0009674765235620992
966.0,0.12199840289980304,0.2375392527471617,0.22000349000482597,0.2466479996230357,0.0021917961254446085,0.0009817856448927327
967.0,0.12420631982300243,0.2337533873543392,0.21973991184785083,0.24415362692496237,0.0021728370948314196,0.000996495969424031
968.0,0.12633291247722578,0.229978395358169,0.21943240632248376,0.2417264486608795,0.0021551656792890665,0.0010116046672001857
969.0,0.12836710671821203,0.22621830141629523,0.21907886513898936,0.23937292743410327,0.0021388117304469785,0.0010271079346904424
970.0,0.13029788960601763,0.22247704971419863,0.2186772102043778,0.23709934025274298,0.0021238035717383555,0.0010430008744671195
971.0,0.13211440271501917,0.21875851739017882,0.21822541041334642,0.23491175123991223,0.0021101681767037713,0.0010592773624184654
972.0,0.13380603723273007,0.21506653035374163,0.21772149959389192,0.2328159867151437,0.002097931360546375,0.0010759299020096002
973.0,0.1353625297609185,0.211404881029286,0.21716359561550375,0.23081761280204888,0.002087117980857464,0.0010929494653437286
974.0,0.13677405769467343,0.20777734748652593,0.21654992063827838,0.22892191568803788,0.0020777521436132398,0.0011103253210789329
975.0,0.1380313330263291,0.20418771336287345,0.2158788224456916,0.2271338846359027,0.0020698574107891783,0.001128044849626726
976.0,0.13912569340137798,0.20063978794406648,0.21514879676233853,0.22545819782397272,0.00206345700623641,0.0011460933464996301
977.0,0.14004918924306575,0.1971374257506236,0.21435851041121093,0.2238992110709354,0.0020585740168049156,0.0011644538151850455
978.0,0.14079466576249156,0.19368454498131643,0.21350682511376615,0.22246094948236728,0.002055231586071681,0.0011831067514991125
979.0,0.14135583868357016,0.19028514419238224,0.21259282168127153,0.22114710203761703,0.0020534530984296505,0.0012020299220099387
980.0,0.14172736253969861,0.18694331664303235,0.21161582428904313,0.2199610191167856,0.002053262351707644,0.0012211981398048744
981.0,0.1419048904443328,0.18366326181341952,0.21057542446801739,0.21890571294713834,0.0020546837169147397,0.001240583041596833
982.0,0.14188512430411138,0.18044929369864382,0.20947150439261872,0.2179838609253485,0.0020577422841276645,0.0012601528709020712
983.0,0.1416658545336923,0.17730584559844526,0.20830425899249058,0.21719781174575717,0.002062463993958461,0.0012798722727537508
984.0,0.14124598844868566,0.1742374712525891,0.20707421637095513,0.21654959423480788,0.002068875754443348,0.0012997021061151113
985.0,0.14062556665876702,0.17124884231102705,0.20578225597784572,0.21604092875771552,0.002077005543572118,0.0013195992807932076
986.0,0.13980576695785435,0.1683447422695272,0.2044296239615475,0.215673241025366,0.0020868824980183553,0.0013395166261943384
987.0,0.13878889541133604,0.16553005713872498,0.2030179451175348,0.21544767808775594,0.0020985369889202523,0.0013594027996699026
988.0,0.13757836456926464,0.16280976324070426,0.20154923086114684,0.21536512625566773,0.002112000685783067,0.0013792022424379121
989.0,0.1361786589849222,0.16018891263573112,0.20002588268313334,0.21542623064560285,0.002127306609708455,0.0013988551910934627
990.0,0.13459528848409474,0.1576726167669296,0.19845069059941736,0.21563141599536617,0.002144489177182119,0.0014182977525050262
991.0,0.13283472990395662,0.15526602896800032,0.19682682618262431,0.21598090835030762,0.002163584235546747,0.0014374620494001134
992.0,0.13090435829225683,0.15297432650534298,0.19515782986221042,0.2164747571743602,0.002184629091029022,0.0014562764431486326
993.0,0.12881236881701932,0.1508026928197348,0.19344759230143282,0.21711285739696362,0.0022076625297546356,0.0014746658391376311
994.0,0.1265676908729038,0.14875630059411563,0.1917003298004682,0.21789497086801435,0.0022327248315534916,0.0014925520786925831
995.0,0.12417989607134874,0.14684029620486175,0.18992055383198703,0.21882074665939535,0.00225985777551125,0.001509854419745951
