Observation_Day,C_obs,C_pred,C_resid,D_obs,D_pred,D_resid
1.0,0.0005641170292933032,0.0005641170292933032,0.0,1.605882449048996e-5,1.605882449048996e-5,0.0
2.0,0.0005946592872641402,0.0005982114329479097,3.5521456837695007e-6,1.7685034565476286e-5,1.775800021007569e-5,7.296564459940316e-8
3.0,0.0006235753351599907,0.0006325214797128421,8.94614455285137e-6,1.98448448213175e-5,1.9475083639476298e-5,-3.697611818412002e-7
4.0,0.0006696174079080411,0.0006670550517401284,-2.5623561679126612e-6,2.2182521804110343e-5,2.120851737390777e-5,-9.74004430202571e-7
5.0,0.0007006678565273112,0.000701819680026791,1.1518234994797785e-6,2.4266103462686573e-5,2.29568159242366e-5,-1.3092875384499733e-6
6.0,0.0007443214332277254,0.0007368225499789567,-7.498883248768708e-6,2.599395166735954e-5,2.471856329532388e-5,-1.2753883720356595e-6
7.0,0.0007785226638672816,0.0007720705100862175,-6.452153781064053e-6,2.863654303921232e-5,2.6492409014430435e-5,-2.1441340247818852e-6
8.0,0.0007954200029276863,0.0008076231433643556,1.2203140436669257e-5,2.9500467141548807e-5,2.8277115548518145e-5,-1.2233515930306618e-6
9.0,0.0008527184985385326,0.0008435487560858301,-9.169742452702569e-6,3.0516848438415258e-5,3.007171151539959e-5,-4.4513692301566713e-7
10.0,0.0009083907840743926,0.0008798673786240627,-2.852340545032991e-5,3.275288729152146e-5,3.187534809439691e-5,-8.775391971245497e-7
11.0,0.000959082801255607,0.0009166000522681138,-4.2482748987493165e-5,3.595448837665078e-5,3.36872488087861e-5,-2.267239567864682e-6
12.0,0.001006039617170837,0.0009537689425489041,-5.2270674621932955e-5,3.8241346294600304e-5,3.5506708461291275e-5,-2.7346378333090285e-6
13.0,0.0010535554427993437,0.0009913975978429461,-6.215784495639757e-5,4.0324927953176534e-5,3.733309065553934e-5,-2.991837297637195e-6
14.0,0.0010781010511186687,0.0010295096827022763,-4.85913684163924e-5,4.223064288480113e-5,3.916582489704214e-5,-3.0648179877589923e-6
15.0,0.0011112096718640934,0.001068124389318353,-4.3085282545740275e-5,4.3043747922294296e-5,4.100439869789467e-5,-2.0393492243996275e-6
16.0,0.001151305914025475,0.0011072595184597328,-4.404639556574211e-5,4.406012921916075e-5,4.28483391681443e-5,-1.211790051016449e-6
17.0,0.0011898013556442919,0.0011469326623031826,-4.2868693341109295e-5,4.647403479921858e-5,4.46972073075202e-5,-1.7768274916983774e-6
18.0,0.0012506571857941707,0.0011871612044049185,-6.34959813892522e-5,4.858302599021647e-5,4.655059800440758e-5,-2.0324279858088855e-6
19.0,0.0012884665700376029,0.0012279621960615147,-6.050437397608823e-5,5.084447437574432e-5,4.8408135644977084e-5,-2.4363387307672394e-6
20.0,0.0013350676524989298,0.0012693521223804557,-6.571553011847412e-5,5.328378948822381e-5,5.0269464953223535e-5,-3.014324535000275e-6
21.0,0.0013690656068791125,0.001311347134160133,-5.7718472718979634e-5,5.4859180498366814e-5,5.2134250728470686e-5,-2.7249297698961277e-6
22.0,0.0014038004376995235,0.001353963312289195,-4.983712541032845e-5,5.592638086007659e-5,5.4002171696146344e-5,-1.924209163930246e-6
23.0,0.0014383828113254046,0.001397216710459602,-4.116610086580272e-5,5.706980981905135e-5,5.5872918611920265e-5,-1.196891207131083e-6
24.0,0.001504168090765086,0.0014411233718127278,-6.30447189523581e-5,5.994108698269908e-5,5.774619266826176e-5,-2.1948943144373175e-6
25.0,0.0015519126021853874,0.0014856993858655544,-6.6213216319833e-5,6.207548770611863e-5,5.9621700801798446e-5,-2.453786904320186e-6
26.0,0.0016008259520970856,0.0015309609496952804,-6.986500240180522e-5,6.382874544321326e-5,6.149915444427291e-5,-2.329590998940349e-6
27.0,0.001654821208493116,0.0015769244119607038,-7.789679653241212e-5,6.614101289358445e-5,6.337826785091009e-5,-2.762745042674363e-6
28.0,0.0017089689220836763,0.0016236063748747865,-8.536254720888981e-5,6.79450896955224e-5,6.525875515893052e-5,-2.686334536591877e-6
29.0,0.0017392316751978748,0.0016710237371869593,-6.82079380109155e-5,6.896147099238885e-5,6.714032932202019e-5,-1.8211416703686685e-6
30.0,0.0017774730214924752,0.001719193705459655,-5.8279316032820196e-5,7.048604293768854e-5,6.902270178950742e-5,-1.4633411481811115e-6
31.0,0.0018203643122202396,0.001768133899132418,-5.223041308782166e-5,7.284912945290303e-5,7.090557988212298e-5,-1.9435495707800565e-6
32.0,0.0018719964821010554,0.0018178624126944736,-5.413406940658178e-5,7.488189204663594e-5,7.278866643101113e-5,-2.0932256156248105e-6
33.0,0.001917174630746769,0.001868397840640957,-4.87767901058121e-5,7.737202622395876e-5,7.467165903758465e-5,-2.7003671863741046e-6
34.0,0.001966570761774479,0.0019197594073790797,-4.681135439539921e-5,7.945560788253499e-5,7.655424938138295e-5,-2.9013585011520416e-6
35.0,0.0020191684938873178,0.0019719670220297108,-4.7201471857606994e-5,8.113263702236464e-5,7.843612316007355e-5,-2.6965138622910863e-6
36.0,0.002059442602775651,0.0020250413092049377,-3.440129357071319e-5,8.202197065712277e-5,8.031695993969947e-5,-1.7050107174232984e-6
37.0,0.0020961847866573734,0.0020790037554322184,-1.7181031225155068e-5,8.288589475945926e-5,8.219643284702389e-5,-6.894619124353773e-7
38.0,0.00215073905276668,0.002133876783335268,-1.6862269431411944e-5,8.583340052037198e-5,8.407420932623139e-5,-1.7591911941405923e-6
39.0,0.0022086219676232246,0.0021896837979332832,-1.893816968994138e-5,8.819648703558648e-5,8.594995090903924e-5,-2.246536126547242e-6
40.0,0.002267267168452419,0.0022464493730934556,-2.0817795358963383e-5,9.038170682384936e-5,8.782331473270889e-5,-2.5583920911404645e-6
41.0,0.002324286159206627,0.002304199330745219,-2.0086828461408305e-5,9.19316883015707e-5,8.969395435166289e-5,-2.2377339499078067e-6
42.0,0.002376960119916731,0.0023629608025190693,-1.3999317397661755e-5,9.360871744140034e-5,9.156152032477506e-5,-2.0471971166252846e-6
43.0,0.002422341544821818,0.002422762383632807,4.208388109890916e-7,9.409149855741191e-5,9.342566128886772e-5,-6.658372685441904e-7
44.0,0.002475981067763945,0.0024836343018974534,7.653234133508414e-6,9.444723201131517e-5,9.528602634688527e-5,8.387943355700928e-7
45.0,0.002538717203313027,0.0025456085695190456,6.891366206018823e-6,9.518410845154335e-5,9.714226713157334e-5,1.958158680029996e-6
46.0,0.0026064081976843326,0.0026087190398105657,2.3108421262330557e-6,9.782669982339613e-5,9.899403861955633e-5,1.1673387961602048e-6
47.0,0.0026612927877151214,0.0026730015981612032,1.1708810446081803e-5,0.00010006273867650232,0.00010084100127928005,7.782626027777239e-7
48.0,0.0027411041290515597,0.002738494276089022,-2.6098529625376114e-6,0.00010201927267297025,0.00010268282258729737,6.635499143271183e-7
49.0,0.0028339759700527316,0.0028052376507525603,-2.8738319300171313e-5,0.00010362007321553491,0.00010451918353835439,8.99110322819476e-7
50.0,0.0028932564091924675,0.0028732748718440443,-1.9981537348423214e-5,0.00010450940685029305,0.00010634977906932767,1.840372219034616e-6
51.0,0.002955179439704056,0.0029426517074853573,-1.2527732218698892e-5,0.0001057290644065328,0.0001081743187638212,2.4452543572884e-6
52.0,0.0030166959176968983,0.003013416955627085,-3.27896206981336e-6,0.00010804133185690398,0.00010999253274297189,1.9512008860679076e-6
53.0,0.0030731050796729865,0.003085622419877549,1.2517340204562521e-5,0.00010987081819126359,0.00011180417112318846,1.9333529319248656e-6
54.0,0.00315009596291062,0.0031593234987920046,9.227535881384513e-6,0.00011185276172015318,0.00011360901395012605,1.7562522299728714e-6
55.0,0.0032296277993904203,0.003234579292605731,4.951493215310607e-6,0.00011365683852209114,0.00011540687292118863,1.750034399097491e-6
56.0,0.0033009523568980235,0.0033114526032340273,1.0500246336003771e-5,0.00011548632485645075,0.00011719759138552883,1.7112665290780753e-6
57.0,0.003365365521586935,0.003390010274617398,2.4644753030462953e-5,0.00011612156316699228,0.00011898104970694042,2.8594865399481355e-6
58.0,0.003422689426730203,0.0034703234425559775,4.7634015825774676e-5,0.00011685843960722047,0.00012075716846531983,3.8987288580993586e-6
59.0,0.0034941410318999147,0.003552467802402974,5.8326770503059396e-5,0.00011932316425212161,0.00012252591316051754,3.202748908395924e-6
60.0,0.003572885172874643,0.0036365241370043726,6.363896412972959e-5,0.0001220928032860827,0.00012428730304817396,2.1944997620912616e-6
61.0,0.003649367865463844,0.003722578318276693,7.321045281284905e-5,0.0001237444228934907,0.00012604141116550566,2.2969882720149705e-6
62.0,0.003746000317263422,0.003810721309135001,6.472099187157911e-5,0.0001246591660606705,0.00012778836436816502,3.1291983074945202e-6
63.0,0.003828581297633821,0.0039010496334073584,7.246833577353746e-5,0.00012684438584893338,0.00012952835124749367,2.6839653985602887e-6
64.0,0.0038933756053090574,0.003993665616541927,0.00010029001123286994,0.0001274033955622099,0.00013126162351559772,3.858227953387804e-6
65.0,0.003952224082397625,0.004088677600013834,0.00013645351761620936,0.0001278861766782215,0.00013298850200248167,5.102325324260172e-6
66.0,0.00404789097196518,0.004186200218956729,0.0001383092469915484,0.00012948697722078614,0.000134709382622625,5.222405401838847e-6
67.0,0.004163453525418896,0.004286354402162779,0.0001229008767438828,0.00013157055887936237,0.00013642473637498208,4.854177495619701e-6
68.0,0.004281887356036259,0.0043892673696580625,0.00010738001362180314,0.00013395905492699853,0.0001381351093963663,4.176054469367759e-6
69.0,0.004389293449582622,0.004495072665343398,0.00010577921576077585,0.00013571231266409317,0.0001398411285896545,4.128815925561326e-6
70.0,0.004508769071029274,0.004603910799807548,9.514172877827382e-5,0.00013782130385509107,0.00014154350307357485,3.7221992184837804e-6
71.0,0.004614930097486974,0.004715928531586787,0.0001009984340998131,0.00013840572310078926,0.00014324302666155473,4.8373035607654675e-6
72.0,0.004765252891293523,0.0048312785750755545,6.60256837820318e-5,0.00013893932328164416,0.0001449405807080217,6.00125742637755e-6
73.0,0.004965861149762539,0.004950119600526442,-1.5741549236097246e-5,0.00014023520943514889,0.0001466371341084034,6.401924673254505e-6
74.0,0.005109704512801564,0.005072616216501838,-3.70882962997263e-5,0.00014297943893668832,0.00014833374329386,5.3543043571716844e-6
75.0,0.005248948750472268,0.005198937550338902,-5.0011200133366455e-5,0.00014552039217885444,0.00015003155218110635,4.511160002251911e-6
76.0,0.005414491854199391,0.0053292586360335495,-8.523321816584183e-5,0.00014722283085110576,0.0001517317932916998,4.5089624405940366e-6
77.0,0.005523422519691053,0.0054637575521728635,-5.966496751818977e-5,0.00014788347869406894,0.0001534357857088425,5.552307014773552e-6
78.0,0.005680046877538174,0.005602613713770558,-7.743316376761667e-5,0.00014879822186124875,0.00015514493429655412,6.346712435305367e-6
79.0,0.005861877491547583,0.005746007872266977,-0.00011586961928060531,0.0001497637840932719,0.00015686072969967198,7.096945606400095e-6
80.0,0.006118666226200892,0.005894122077802019,-0.00022454414839887318,0.00015220309920575137,0.0001585847483018198,6.381649096068445e-6
81.0,0.006305324651370416,0.006047135363533537,-0.00025818928783687915,0.00015438831899401424,0.0001603186461807442,5.9303271867299585e-6
82.0,0.006506466510020287,0.0062052259808379785,-0.0003012405291823086,0.00015748828194945693,0.00016206415823470912,4.575876285252195e-6
83.0,0.006644668956861703,0.006368565145579342,-0.00027610381128236137,0.00015898744436233496,0.00016382309368450496,4.835649322169997e-6
84.0,0.00678104191736876,0.006537312664320126,-0.00024372925304863395,0.00015939399688108153,0.0001655973319447903,6.2033350637087745e-6
85.0,0.007063036908184357,0.006711616934321338,-0.0003514199738630184,0.00016028333051583968,0.0001673888226240919,7.105492108252213e-6
86.0,0.007225149725034556,0.006891614943542481,-0.00033353478149207496,0.000161833311993561,0.00016919958552480445,7.366273531243442e-6
87.0,0.00750831355434155,0.007077424501015233,-0.0004308890533263167,0.0001647299986896304,0.00017103169939814358,6.3017007085131645e-6
88.0,0.007708439031694555,0.007269145413283424,-0.0004392936184111308,0.0001684906094880363,0.0001728873004867741,4.396690998737792e-6
89.0,0.007915729997190467,0.0074668537999161375,-0.00044887619727432965,0.00017270859187003208,0.00017476857515799738,2.059983287965294e-6
90.0,0.008127543859457437,0.007670590103376846,-0.0004569537560805909,0.00017550364043641481,0.0001766777440566057,1.1741036201908775e-6
91.0,0.008337375778195516,0.007880359082004653,-0.00045701669619086296,0.00017791754601647263,0.00017861706209532018,6.995160788475453e-7
92.0,0.008530183310211083,0.008096129810014301,-0.0004340535001967818,0.00017857819385943584,0.000180588818454791,2.010624595355162e-6
93.0,0.008729927644577763,0.008317835585041473,-0.00041209205953629015,0.00017923884170239904,0.0001825953361945537,3.3564944921546478e-6
94.0,0.00901194804492578,0.008545361139171403,-0.0004665869057543775,0.0001824912618523717,0.00018463892992071404,2.147668068342351e-6
95.0,0.009229301185260672,0.008778538085359132,-0.00045076309990154,0.0001854895866781277,0.00018672191175587898,1.2323250777512753e-6
96.0,0.009482685042569479,0.00901714410483221,-0.00046554093773726844,0.00018874200682810038,0.0001888465573976243,1.0455056952390213e-7
97.0,0.009709338071770698,0.009260897528208937,-0.0004484405435617612,0.00019146082679721813,0.0001910150758031204,-4.4575099409773313e-7
98.0,0.009926919897897384,0.009509457335498354,-0.0004174625623990305,0.00019443374209055251,0.0001932296091891325,-1.2041329014200232e-6
99.0,0.010097900641562744,0.00976242320731909,-0.0003354774342436539,0.0001949673422714074,0.00019549223210728832,5.248898358809341e-7
100.0,0.01033690270352089,0.010019335145260128,-0.0003175675582607618,0.00019557717104952727,0.00019780487400123702,2.2277029517097442e-6
101.0,0.01064603507496282,0.010279664135805196,-0.0003663709391576245,0.00019860090540770498,0.00020016930159589758,1.5683961881926003e-6
102.0,0.010940734831989249,0.01054282625926572,-0.00039790857272352896,0.00020269184012759245,0.00020258706028275213,-1.0477984484032654e-7
103.0,0.01116619361316665,0.010808187710099948,-0.0003580059030667028,0.00020670654625021492,0.00020505943117772902,-1.6471150724859025e-6
104.0,0.011421737280731299,0.011075064796912963,-0.00034667248381833535,0.0002100097854650309,0.00020758743112120307,-2.422354343827824e-6
105.0,0.011626309426258094,0.011342730351125102,-0.00028357907513299266,0.00021323679608258188,0.00021017178429053352,-3.0650117920483612e-6
106.0,0.011795308226394564,0.011610426398777865,-0.00018488182761669872,0.00021432940597671332,0.00021281280935367053,-1.5165966230427897e-6
107.0,0.011951068660139348,0.011877370599306035,-7.369806083331286e-5,0.00021521873961147147,0.00021551042897314656,2.916893616750852e-7
108.0,0.012205418079680177,0.012142786248913838,-6.263183076633816e-5,0.00021674331155677117,0.00021826411791648503,1.520806359713863e-6
109.0,0.012479459886847795,0.012405903537954868,-7.355634889292736e-5,0.00022307028512976484,0.00022107289957806585,-1.997385551698994e-6
110.0,0.01269259504480069,0.012665962169966953,-2.6632874833737094e-5,0.00022784727722503716,0.00022393534603341826,-3.911931191618901e-6
111.0,0.012880778041915513,0.012922241692786234,4.146365087072043e-5,0.000231836573815238,0.00022684954048946964,-4.987033325768358e-6
112.0,0.013099706573260548,0.013174064773943348,7.43582006828003e-5,0.00023580046087301717,0.00022981306732463026,-5.987393548386908e-6
113.0,0.013241263078381624,0.01342082196475236,0.00017955888637073703,0.00023788404253159337,0.0002328230998305426,-5.060942701050775e-6
114.0,0.013358299384715795,0.013661977164196462,0.00030367777948066797,0.0002385955094393999,0.00023587640855807844,-2.7191008813214567e-6
115.0,0.013514898333030495,0.013897067618927962,0.00038216928589746707,0.00024268644415928738,0.00023896936131733882,-3.717082841948557e-6
116.0,0.013660825277728095,0.01412570856683004,0.0004648832891019448,0.0002462183691658983,0.000242097999179639,-4.120369986259303e-6
117.0,0.013873858797551304,0.014347614463375388,0.0004737556658240844,0.00025020766575609913,0.00024525808357502926,-4.949582181069869e-6
118.0,0.014069181873276614,0.014562586735519625,0.0004934048622430107,0.00025465433392988986,0.00024844518699164723,-6.209146938242628e-6
119.0,0.014279039201547116,0.014770506851499587,0.000491467649952471,0.00025938050696031886,0.0002516548231161176,-7.725683844201248e-6
120.0,0.014465977131573278,0.014971336318157415,0.0005053591865841374,0.00026148949815131675,0.00025488244714954775,-6.607051001768997e-6
121.0,0.01475706873499583,0.015165116680940545,0.00040804794594471484,0.00026235342225365327,0.00025812345580752787,-4.229966446125401e-6
122.0,0.015017186118396376,0.015351954867718353,0.0003347687493219769,0.0002651992898848793,0.0002613732859206009,-3.826003964278409e-6
123.0,0.015228644247209443,0.015532023559986908,0.00030337931277746484,0.0002712721681336564,0.00026462758063248244,-6.6445875011739435e-6
124.0,0.01538384567124095,0.01570555669047563,0.0003217110192346804,0.00027366066418129254,0.0002678821374038947,-5.778526777397864e-6
125.0,0.015748853604478114,0.01587281283657282,0.0001239592320947079,0.00027991140915702124,0.00027113302059009805,-8.778388566923188e-6
126.0,0.015943414394230776,0.016034074850074857,9.066045584408058e-5,0.00028265563865856064,0.0002743765630702791,-8.279075588281544e-6
127.0,0.01609899696124861,0.0161896498571862,9.065289593759157e-5,0.00028336710556636714,0.00027760936624755047,-5.757739318816677e-6
128.0,0.016217583249060502,0.01633986925851938,0.00012228600945887735,0.000284205620136282,0.0002808283000489506,-3.3773200873314147e-6
129.0,0.016381855876166543,0.01648508726032973,0.00010323138416318614,0.00028832196438859114,0.0002840305068004511,-4.291457588140031e-6
130.0,0.016534109794437136,0.016625646123686777,9.153632924964114e-5,0.0002926161753678519,0.00028721350970918385,-5.402665658668052e-6
131.0,0.016675666299558214,0.01676188321351931,8.621691396109785e-5,0.00029597023364751117,0.00029037517796926866,-5.59505567824251e-6
132.0,0.016842911841957586,0.016894130295845394,5.121845388780799e-5,0.00029998493977013367,0.000293513649016059,-6.471290754074652e-6
133.0,0.017007362335790577,0.017022706846082168,1.53445102915907e-5,0.000304685703268141,0.00029662733731591873,-8.05836595222227e-6
134.0,0.01713476573135279,0.017147920049045855,1.315431769306416e-5,0.0003054225797083692,0.00029971493436622206,-5.707645342147157e-6
135.0,0.017248778303328785,0.01727006464304453,2.128633971574395e-5,0.0003067184658618739,0.0003027754061096929,-3.943059752181026e-6
136.0,0.0174041067750224,0.01738941719723872,-1.4689577783680297e-5,0.00031050448619270146,0.00030580794270532137,-4.696543487380097e-6
137.0,0.017514790698251157,0.017506234828688023,-8.555869563133672e-6,0.00031421427792626403,0.0003088119835874019,-5.402294338862149e-6
138.0,0.017652891506962885,0.017620757804116025,-3.2133702846860734e-5,0.0003185084889055248,0.00031178714537310727,-6.721343532417525e-6
139.0,0.017779888350006347,0.017733209032161384,-4.6679317844963014e-5,0.0003212527184070642,0.000314733196164429,-6.519522242635228e-6
140.0,0.01792922017204845,0.01784379406337784,-8.542610867061026e-5,0.0003252166054648434,0.00031765005554817657,-7.566549916666811e-6
141.0,0.018034313998144442,0.017952701090234204,-8.161290791023831e-5,0.0003259026628402282,0.0003205377945959779,-5.3648682442503114e-6
142.0,0.01813336035552408,0.0180601012992086,-7.325905631547919e-5,0.0003267919964749864,0.00032339662755421236,-3.3953689207740336e-6
143.0,0.018241300049251296,0.018166151242268953,-7.514880698234264e-5,0.0003306034263382356,0.0003262268346743738,-4.3765916638617845e-6
144.0,0.018375106646983764,0.01827099115350566,-0.00010411549347810398,0.0003344656752663281,0.0003290287947846429,-5.436880481685168e-6
145.0,0.018504314119347914,0.0183747486551551,-0.00012956546419281428,0.0003390393911022272,0.00033180294044116984,-7.236450661057337e-6
146.0,0.018630955228937474,0.018477539447996415,-0.00015341578094105884,0.00034315573535453626,0.0003345497453949045,-8.605989959631756e-6
147.0,0.01875373408959894,0.018579467311351527,-0.00017426677824741374,0.0003458491457912324,0.00033726972459159664,-8.579421199635757e-6
148.0,0.01883049628704478,0.01868062410308511,-0.00014987218395966923,0.00034633192690724395,0.00033996343417179556,-6.368492735448394e-6
149.0,0.018895747966303608,0.018781090896958428,-0.00011465706934517955,0.0003476278130607487,0.0003426314587111044,-4.996354349644304e-6
150.0,0.018941408896065333,0.01888094089139093,-6.0468004674404247e-5,0.00034960975658963824,0.0003452743681390151,-4.335388450623127e-6
151.0,0.01902856359227163,0.01898023725347196,-4.832633879967019e-5,0.0003525318528181293,0.00034789274380972793,-4.6391090084013935e-6
152.0,0.01911495600250528,0.019079036798890395,-3.591920361488421e-5,0.00035553017764388534,0.00035048715028818394,-5.043027355701403e-6
153.0,0.019222844877167654,0.019177390248024166,-4.5454629143487635e-5,0.00035883341685870134,0.0003530581329151511,-5.775283943550223e-6
154.0,0.01933878857360769,0.01927534222594024,-6.344634766745211e-5,0.0003621112465410956,0.00035560621780722463,-6.505028733870988e-6
155.0,0.019411205741009428,0.019372931262394616,-3.827447861481231e-5,0.0003627973039164805,0.00035813191185682657,-4.6653920596539445e-6
156.0,0.019473865647961244,0.019470189867936024,-3.6757800252196215e-6,0.0003639661424078769,0.00036063570231184057,-3.3304400960363387e-6
157.0,0.019550475388212554,0.01956714767081989,1.6672282607335664e-5,0.00036775216273870446,0.0003631180340583943,-4.634128680310165e-6
158.0,0.0196374522176919,0.01966382980131789,2.6377583625992324e-5,0.00037049639224024386,0.00036557930912080826,-4.917083119435604e-6
159.0,0.019733398612116093,0.019760258102487643,2.6859490371549527e-5,0.0003731643931445183,0.00036801989275282856,-5.14450039168973e-6
160.0,0.019843523525631575,0.019856452575129153,1.2929049497577977e-5,0.00037674713721597256,0.00037044010800788365,-6.307029208088902e-6
161.0,0.019948896856584204,0.019952431377784848,3.5345212006446247e-6,0.0003787544902772838,0.00037284023573908444,-5.914254538199367e-6
162.0,0.020031096693968277,0.020048210826739563,1.711413277128565e-5,0.0003788815379393921,0.00037522051459922435,-3.6610233401677614e-6
163.0,0.02010331058511064,0.020143805396020526,4.049481090988641e-5,0.00037966923344446364,0.00037758114104077903,-2.0880924036846093e-6
164.0,0.02018700958490759,0.02023922774981262,5.221816490503031e-5,0.00038312492985380955,0.00037992226935390847,-3.2026604999010845e-6
165.0,0.020272563480571326,0.020334491172777275,6.192769220594863e-5,0.00038604702608230064,0.00038224400904364074,-3.8030170386599022e-6
166.0,0.020364571397470162,0.020429608133242943,6.503673577278046e-5,0.00038846093166235846,0.0003845464120037755,-3.914519658582973e-6
167.0,0.020472739776989175,0.020524590951491117,5.185117450194274e-5,0.00039120516116389787,0.00038682948743556,-4.37567372833786e-6
168.0,0.020575343468907843,0.020619453244661197,4.4109775753354424e-5,0.0003929075998361492,0.0003890932067980927,-3.8143930380564613e-6
169.0,0.02064704916940177,0.02071420992675049,6.71607573487186e-5,0.0003934157904845824,0.00039133750380832314,-2.0782866762592586e-6
170.0,0.02070579600836065,0.02080887720861422,0.0001030812002535686,0.00039369529534122067,0.0003935622744410517,-1.330209001689452e-7
171.0,0.02079203596139977,0.020903472597965517,0.00011143663656574751,0.0003985231065013363,0.00039576737692893,-2.755729572406296e-6
172.0,0.0208732448270194,0.020998014899375427,0.00012477007235602716,0.0004010640597435025,0.00039795263176246057,-3.111427981041914e-6
173.0,0.0209622798286249,0.021092524845574178,0.00013024501694927637,0.00040446893708800507,0.0004001178273189641,-4.3511097690409565e-6
174.0,0.021067602340512685,0.021187027214551308,0.00011942487403862265,0.0004061713757602564,0.0004022627296200881,-3.908646140168284e-6
175.0,0.02117579612956412,0.021281547981577092,0.00010575185201297174,0.00040777217630282107,0.00040438705664435737,-3.385119658463702e-6
176.0,0.021246561677358448,0.02137611711829016,0.00012955544093171123,0.0004082803669512543,0.0004064905171572469,-1.7898497940073855e-6
177.0,0.021293594721870944,0.02147076894637066,0.00017717422449971612,0.00040894101479421746,0.0004085728146093971,-3.6820018482037423e-7
178.0,0.021369213490357808,0.02156554213754026,0.00019632864718245255,0.00041105000598521535,0.00041063364713661327,-4.163588486020826e-7
179.0,0.02146823443820502,0.021660479713562143,0.00019224527535712313,0.0004133114543707432,0.00041267270755986605,-6.387468108771531e-7
180.0,0.021567839805297934,0.021755629046241017,0.00018778924094308216,0.00041498848351057287,0.0004146896833852913,-2.9880012528154436e-7
181.0,0.021674763117728285,0.021851041857423096,0.0001762787396948108,0.00041704665563672744,0.00041668425680419007,-3.6239883253737053e-7
182.0,0.021771370159995442,0.021946776561739514,0.00017540640174407152,0.00041925728495741197,0.0004186561365270952,-6.011484303167875e-7
183.0,0.021857076512853704,0.022042897619285535,0.0001858211064318313,0.00041958760887889356,0.0004206050481742265,1.0174392953329328e-6
184.0,0.021924081449849624,0.02213947489856661,0.00021539344871698493,0.0004198671137355318,0.00042253072801238975,2.6636142768579206e-6
185.0,0.021997057626964637,0.022236586938286226,0.00023952931132158878,0.00042090890456481997,0.0004244329685077217,3.52406394290173e-6
186.0,0.022085584437921704,0.022334320952860177,0.0002487365149384732,0.0004234498578069861,0.0004263116184015648,2.8617605945786915e-6
187.0,0.022169130980524126,0.022432772832416556,0.0002636418518924301,0.00042571130619251395,0.00042816658271046745,2.4552765179535027e-6
188.0,0.02225054312240313,0.02253204714279574,0.0002815040203926096,0.00042794734504562014,0.0004299978227261839,2.0504776805637466e-6
189.0,0.022327229091251705,0.02263225712555042,0.0003050280342987155,0.0004297514218475581,0.0004318053560156739,2.0539341681158167e-6
190.0,0.02241466329231464,0.022733526247895982,0.00031886295558134284,0.0004297514218475581,0.00043358927086818103,3.837849020622928e-6
191.0,0.022501030293015867,0.02283599202436597,0.0003349617313501037,0.00043005633623661803,0.000435349771934396,5.293435697777951e-6
192.0,0.02259956845974707,0.022939800875155705,0.0003402324154086339,0.0004321145083627726,0.0004370871315803486,4.972623217576022e-6
193.0,0.022680421591912796,0.02304511525061967,0.00036469365870687304,0.00043544315711001026,0.00043880174208696057,3.3585849769503066e-6
194.0,0.02284225490390636,0.02315211428776725,0.0003098593838608901,0.00043686609092562326,0.00044049412113121247,3.6280302055892097e-6
195.0,0.02300027678603667,0.023260993810262708,0.00026071702422603843,0.0004379841103521764,0.00044216491178614386,4.18080143396748e-6
196.0,0.023133549783588284,0.023371966328425205,0.00023841654483692035,0.00043910212977872945,0.00044381488252085317,4.712752742123711e-6
197.0,0.0232087619995564,0.023485261039228808,0.0002764990396724072,0.0004394578632326327,0.00044544492720049805,5.9870639678653425e-6
198.0,0.02329500195259552,0.02360112899674413,0.00030612704414861164,0.0004399406443486443,0.00044705608618879437,7.115441840150054e-6
199.0,0.02341435052638006,0.02371984488858473,0.00030549436220466894,0.0004426848738501837,0.0004486495591061412,5.964685255957459e-6
200.0,0.023525695097451782,0.02384170565134648,0.00031601055389469945,0.00044426026486032674,0.00045022669106714255,5.966426206815815e-6
201.0,0.023637293763847718,0.02396704014529138,0.00032974638144366367,0.0004449971413005549,0.00045178900557917153,6.7918642786166344e-6
202.0,0.02377224379053916,0.02409620924578747,0.00032396545524831025,0.0004465725323106979,0.0004533382048840673,6.7656725733693875e-6
203.0,0.023891617773856125,0.024229605843308844,0.00033798806945271875,0.00044812251378841927,0.00045487616995813546,6.753656169716186e-6
204.0,0.02399859190535132,0.024367654843435647,0.00036906293808432536,0.00044865611396927414,0.00045640496051214794,7.748846542873799e-6
205.0,0.024112960210781218,0.024510820530870687,0.0003978603200894687,0.0004490118474231774,0.0004579268314411718,8.914984017994424e-6
206.0,0.024258251917168277,0.024659611991333295,0.0004013600741650178,0.00045076510516027204,0.00045944423562700097,8.679130466728935e-6
207.0,0.024390025752307015,0.02481458284577827,0.00042455709347125406,0.00045241672476768003,0.00046095982983081966,8.543105063139628e-6
208.0,0.024569747375125423,0.02497634485131317,0.0004065974761877471,0.0004540429348426663,0.0004624765132081241,8.433578365457759e-6
209.0,0.024730513486757276,0.02514556804463449,0.0004150545578772147,0.0004553134114637494,0.0004639974276764444,8.684016212694992e-6
210.0,0.024955591124948353,0.02532298074202765,0.0003673896170792966,0.0004568888024738924,0.00046552595791534486,8.63715544145244e-6
211.0,0.025104033613355697,0.025509373485990205,0.0004053398726345074,0.00045701585013600073,0.00046706574277719133,1.0049892641190604e-5
212.0,0.025260175190086807,0.025705614998821746,0.000445439808734939,0.0004580068219004455,0.00046862071305114655,1.0613891150701058e-5
213.0,0.02546960055630614,0.025912651806663356,0.00044305125035721746,0.00045892156506762533,0.00047019509858085585,1.1273533513230514e-5
214.0,0.025657808962953384,0.02613152220544097,0.00047371324248758617,0.0004599887654293351,0.00047179348461316657,1.180471918383149e-5
215.0,0.02585320826727596,0.02636335731327676,0.0005101490460007983,0.00046072564186956324,0.00047342081538967115,1.2695173520107909e-5
216.0,0.026119169843133488,0.026609384751101955,0.000490214907968467,0.00046275840446329615,0.0004750824127282617,1.2324008264965561e-5
217.0,0.026406932797808803,0.026870940869510498,0.00046400807170169506,0.00046435920500586083,0.00047678402601682076,1.242482101095993e-5
218.0,0.026646493869480228,0.02714947627400675,0.0005029824045265224,0.000464943624251559,0.00047853186837752275,1.3588244125963727e-5
219.0,0.02690460389981946,0.027446567931786774,0.0005419640319673132,0.00046560427209452226,0.00048033269412392737,1.4728422029405114e-5
220.0,0.027194501255218197,0.02776391967481909,0.0005694184196008943,0.0004669255677804486,0.0004821938016910125,1.526823391056391e-5
221.0,0.027511256486386627,0.02810336716848421,0.0005921106820975831,0.00046961897821714475,0.00048412308384772633,1.4504105630581575e-5
222.0,0.027875222628794504,0.028466885546939776,0.0005916629181452714,0.0004718804266026726,0.0004861290945381297,1.4248667935457069e-5
223.0,0.028287949663919548,0.028856590662676866,0.0005686409987573186,0.0004741926940530438,0.0004882211282035967,1.4028434150552933e-5
224.0,0.028670871317513984,0.029274741606178926,0.000603870288664942,0.0004762254566467767,0.0004904092699457061,1.418381329892942e-5
225.0,0.028880449140927848,0.02972373825528567,0.0008432891143578224,0.00047734347607332977,0.0004927044228325419,1.5360946759212168e-5
226.0,0.029312462011160934,0.030206116437810373,0.0008936544266494387,0.0004781311715784013,0.000495118401250026,1.6987229671624646e-5
227.0,0.02980339958707985,0.03072453313370037,0.0009211335466205173,0.00048090081061236237,0.0004976639974549636,1.6763186842601275e-5
228.0,0.030202939074878057,0.031281753690046085,0.0010788146151680285,0.00048328930665999853,0.0005003550438320655,1.7065737172067014e-5
229.0,0.030523810650298796,0.03188064069323819,0.001356830042939395,0.0004848392881377199,0.0005032064345843662,1.8367146446646295e-5
230.0,0.030849738722671445,0.032524122592480886,0.0016743838698094413,0.00048654172680997115,0.0005062342037796002,1.9692476969629077e-5
231.0,0.03125349619285164,0.03321514575147982,0.0019616495586281743,0.00048748187950957265,0.0005094555546734711,2.1973675163898477e-5
232.0,0.03161329517194237,0.033956639561000035,0.0023433443890576652,0.0004883203940794875,0.0005128888823777276,2.4568488298240152e-5
233.0,0.031993802919956744,0.03475147893300229,0.0027576760130455444,0.0004891843181818239,0.0005165537688476749,2.7369450665850953e-5
234.0,0.03259412853295092,0.03560242085428566,0.0030082923213347393,0.00049218264300758,0.000520470991362608,2.8288348355027994e-5
235.0,0.033120105854079304,0.0365119981848359,0.0033918923307565962,0.000495333425027866,0.0005246624210114926,2.9328995983626534e-5
236.0,0.033742741036539695,0.037482475196453265,0.00373973415991357,0.0005000087789934517,0.0005291509806263486,2.9142201632896916e-5
237.0,0.03443311803243623,0.0385157619593053,0.0040826439268690645,0.000503515294467641,0.0005339605098816586,3.0445215414017608e-5
238.0,0.03520953170511252,0.03961335514586319,0.004403823440750673,0.0005067677146176135,0.0005391157334103983,3.234801879278479e-5
239.0,0.035841314319244706,0.04077614673718537,0.004934832417940661,0.0005093848964570448,0.0005446417502149025,3.525685375785771e-5
240.0,0.036499040065979406,0.042004368962503875,0.0055053288965244696,0.0005109856969996093,0.000550563894453599,3.957819745398965e-5
241.0,0.03737068866617208,0.043297577835380775,0.005926889169208693,0.0005153053175112918,0.0005569076669026036,4.160234939131185e-5
242.0,0.038183107646289856,0.044654490982225944,0.006471383335936089,0.0005204380430604674,0.0005636980956763569,4.3260052615889445e-5
243.0,0.03916261971161248,0.04607292778359792,0.006910308071985442,0.0005247322540397281,0.0005709593145841591,4.6227060544430936e-5
244.0,0.040121295960349336,0.04754975048974809,0.007428454529398755,0.0005296108842646871,0.0005787141037762846,4.910321951159748e-5
245.0,0.06187147457030511,0.04908084685881919,-0.012790627711485925,0.0006682198836248497,0.0005869835460985088,-8.123633752634091e-5
246.0,0.06304852034067374,0.0506611092293608,-0.012387411111312939,0.0006753599622353365,0.0005957863307898985,-7.957363144543803e-5
247.0,0.06384564278227367,0.052284487631861234,-0.011561155150412436,0.0006774435438939128,0.0006051380995696703,-7.230544432424249e-5
248.0,0.06478312748097087,0.053944016261292464,-0.010839111219678406,0.0006845328034395563,0.0006150511470253317,-6.948165641422455e-5
249.0,0.06567914382275591,0.055631893826224584,-0.01004724999653133,0.0006952048070566541,0.000625533769000077,-6.967103805657709e-5
250.0,0.06667311391202646,0.057339641330648276,-0.009333472581378184,0.0007097390596018443,0.000636589693584251,-7.31493660175933e-5
251.0,0.06798546544254042,0.05905825371061327,-0.008927211731927148,0.000723714302433758,0.00064821775486577,-7.5496547567988e-5
252.0,0.06932414124864322,0.060778330403443,-0.008545810845200223,0.0007397985364566696,0.0006604115937582539,-7.938694269841572e-5
253.0,0.07056156006804572,0.06249030198309705,-0.008071258084948664,0.0007530877219131985,0.0006731593094471188,-7.992841246607979e-5
254.0,0.07154978760298897,0.06418468314155146,-0.0073651044614375105,0.000763251534881863,0.0006864434432410333,-7.680809164082973e-5
255.0,0.07251834815983785,0.06585219207761212,-0.006666156082225733,0.0007688162224822069,0.0007002409922895428,-6.857523019266406e-5
256.0,0.0735076174856104,0.06748399582529604,-0.006023621660314352,0.0007839094847406738,0.0007145234760610647,-6.938600867960906e-5
257.0,0.07445455453036845,0.0690719366764333,-0.005382617853935151,0.0007972748987944676,0.000729257436978392,-6.801746181607558e-5
258.0,0.07554294644211788,0.07060863929620183,-0.004934307145916056,0.0008089632837084319,0.0007444047036236367,-6.455858008479513e-5
259.0,0.07659685761837114,0.07208765757780337,-0.004509200040567762,0.0008243106412911152,0.000759922914155727,-6.43877271353882e-5
260.0,0.0776485581653037,0.07350359131886051,-0.004144966846443179,0.0008382858841230289,0.0007757663120971937,-6.251957202583526e-5
261.0,0.07840764253686841,0.0748521493114595,-0.0035554932254089067,0.0008467472584194422,0.0007918866076803587,-5.4860650739083495e-5
262.0,0.07906361502586602,0.07613015046126077,-0.002933464564605248,0.0008515242505147145,0.0008082333167907895,-4.329093372392508e-5
263.0,0.07969311078208026,0.07733556244286197,-0.0023575483392182933,0.0008611036442376809,0.0008247548148895098,-3.634882934817104e-5
264.0,0.08023075107859018,0.07846742161662465,-0.0017633294619655293,0.0008772386973254358,0.0008413993094791605,-3.583938784627535e-5
265.0,0.08082152270739382,0.07952571989854877,-0.0012958028088450452,0.0008944663603073222,0.0008581157916559104,-3.6350568651411755e-5
266.0,0.08141021075453886,0.08051140055316423,-0.0008988102013746252,0.0009074506313747912,0.0008748540745401638,-3.259655683462742e-5
267.0,0.08202763698285281,0.08142622107438875,-0.0006014159084640619,0.0009250594373430024,0.0008915657509140229,-3.349368642897952e-5
268.0,0.08268543895818478,0.08227263390468376,-0.00041280505350102525,0.0009310306774620928,0.0009082051660678029,-2.282551139428995e-5
269.0,0.08311935754334948,0.08305359565221967,-6.576189112980635e-5,0.00093679864132181,0.0009247296663009919,-1.2068975020818051e-5
270.0,0.0835915174748088,0.08377248910020191,0.0001809716253931143,0.0009538992566415881,0.0009410998600451659,-1.2799396596422231e-5
271.0,0.0840405547317644,0.08443306252693238,0.0003925077951679734,0.0009715080626097993,0.000957279781585871,-1.422828102392833e-5
272.0,0.08456040835557917,0.08503924803895037,0.00047883968337120164,0.0009868554201924828,0.0009732374987955631,-1.3617921396919756e-5
273.0,0.08506295808781479,0.08559506900976656,0.0005321109219517672,0.0010033207972017194,0.0009889449192160469,-1.4375877985672511e-5
274.0,0.08556421193389689,0.08610453815345871,0.0005403262195618208,0.0010183886499277644,0.0010043777726211486,-1.4010877306615873e-5
275.0,0.08597965778899105,0.08657164506628894,0.0005919872772978813,0.0010270278909511293,0.0010195156082652835,-7.512282685845752e-6
276.0,0.08631247184464998,0.08700025055030032,0.0006877787056503437,0.0010320589783706182,0.0010343416759102122,2.282697539593946e-6
277.0,0.08662107061591105,0.087394045863868,0.0007729752479569418,0.0010461358593322188,0.0010488426980326472,2.7068387004284405e-6
278.0,0.08697512704067449,0.08775652433144061,0.0007813972907661226,0.0010614578073824806,0.0010630086567593455,1.550849376864968e-6
279.0,0.08734636030935496,0.08809095492063605,0.0007445946112810964,0.0010806928234256782,0.0010768325411356428,-3.8602822900353755e-6
280.0,0.0876951569609071,0.08840037204245124,0.0007052150815441416,0.0010964213239946865,0.0010903100786987497,-6.111245295936825e-6
281.0,0.08807823107169607,0.0886875693634779,0.0006093382917818219,0.001107550699195374,0.0011034394602930243,-4.111238902349728e-6
282.0,0.08837122839005025,0.08895509878535081,0.0005838703953005564,0.001114462092014066,0.0011162210625048547,1.758970490788785e-6
283.0,0.08860982389948965,0.0892052776922123,0.0005954537927226472,0.0011191374459796517,0.0011286571818826562,9.519735903004483e-6
284.0,0.08885792257405475,0.08944019839001083,0.0005822758159560737,0.0011321217170471207,0.0011407517675296871,8.6300504825664e-6
285.0,0.08909006406225904,0.08966075948297712,0.0005706954207180814,0.0011463256456708294,0.0011525098910542921,6.184245383462688e-6
286.0,0.08936883204245709,0.08986772685238835,0.0004988948099312607,0.001159919745516418,0.0011639367260600575,4.016980543639472e-6
287.0,0.08961637170730892,0.09006258984769253,0.00044621814038360574,0.0011705409300686725,0.0011750381952523,4.497265183627452e-6
288.0,0.08987821693891414,0.09024666947450337,0.00036845253558923097,0.0011837284773955148,0.0011858210881626023,2.0926107670874924e-6
289.0,0.09005051897826542,0.09042110337848608,0.0003705844002206554,0.0011895980793849186,0.0011962928404029287,6.694761018010125e-6
290.0,0.09019751312332473,0.09058687164202893,0.000389358518704197,0.0011910972417977965,0.0012064613539214718,1.5364112123675278e-5
291.0,0.09032755911025879,0.09074483649412193,0.0004172773838631433,0.0011989233777836682,0.001216334896967345,1.7411519183676682e-5
292.0,0.09049160305157304,0.0908958475471979,0.00040424449562485865,0.001210281438776151,0.0012259219970134907,1.5640558237339742e-5
293.0,0.0906798114582203,0.0910406757048413,0.0003608642466210038,0.0012218173664955852,0.001235231394037351,1.3414027541765747e-5
294.0,0.0908752615816077,0.09117999711509744,0.0003047355334897389,0.0012337598467337659,0.0012442719872103475,1.0512140476581604e-5
295.0,0.09106733223718304,0.0913144062830691,0.00024707404588605875,0.0012443048026887554,0.0012530527274455206,8.747924756765226e-6
296.0,0.09119770854803859,0.09144443223270407,0.00024672368466548134,0.0012503776809375325,0.0012615825437534423,1.1204862815909766e-5
297.0,0.09130140484985139,0.09157054759966547,0.0002691427498140858,0.0012530710913742286,0.0012698703032357846,1.6799211861555927e-5
298.0,0.09145564071165087,0.09169317043773402,0.00023752972608315215,0.0012620406563190751,0.001277924785275313,1.5884128956237913e-5
299.0,0.0916089872398156,0.09181266560138181,0.00020367836156620633,0.001291591942525467,0.001285754615108477,-5.837327416990078e-6
300.0,0.09176205426312369,0.09192935409014105,0.000167299827017367,0.0013038901562175513,0.001293368233439132,-1.0521922778419313e-5
301.0,0.09191618848679349,0.09204351891300955,0.0001273304262160574,0.0013149687123533956,0.0013007738734988155,-1.4194838854580125e-5
302.0,0.09205169752319821,0.09215540567494447,0.00010370815174626236,0.0013194407900596079,0.0013079795586278479,-1.1461231431759977e-5
303.0,0.09215089633777238,0.09226522911870498,0.00011433278093260502,0.0013258439922298666,0.0013149930649525344,-1.0850927277332141e-5
304.0,0.09222791263054242,0.09237317546920966,0.00014526283866724,0.0013288423170556226,0.0013218219093848566,-7.0204076707660115e-6
305.0,0.0923361572386587,0.09247940845972352,0.00014325122106481625,0.0013362110814579044,0.001328473348997451,-7.737732460453249e-6
306.0,0.09244734935253589,0.09258407042779973,0.00013672107526384314,0.0013454855607918108,0.0013349543787315673,-1.0531182060243439e-5
307.0,0.09258585671376637,0.09268728312785283,0.00010142641408646125,0.0013554206879686805,0.00134127173121888,-1.4148956749800547e-5
308.0,0.09272629519946089,0.09278915231814887,6.285711868797561e-5,0.001364161567121732,0.0013474318648547914,-1.6729702266940613e-5
309.0,0.09284823554555244,0.09288976837212802,4.153282657558266e-5,0.0013717844268482304,0.0013534409659505101,-1.8343460897720255e-5
310.0,0.0929421491773829,0.09298921019600143,4.706101861852441e-5,0.0013746048849470347,0.0013593049663475731,-1.5299918599461556e-5
311.0,0.0930186318699721,0.09308754562868952,6.8913758717426e-5,0.001376383552216551,0.0013650295442697855,-1.135400794676552e-5
312.0,0.09310583738524325,0.09318483145319775,7.899406795450203e-5,0.0013833965831649296,0.0013706201244022087,-1.2776458762720887e-5
313.0,0.09319977642660612,0.0932811156753143,8.133924870817877e-5,0.0013899268329972965,0.0013760818878697269,-1.3844945127569576e-5
314.0,0.09329831459333733,0.09337643856219775,7.812396886042183e-5,0.0013968382258159884,0.0013814197656480903,-1.5418460167898043e-5
315.0,0.09341514762341213,0.09347083375276083,5.5686129348697655e-5,0.0014024029134163322,0.0013866384620562751,-1.576445136005711e-5
316.0,0.09346802486038161,0.09356432958837076,9.630472798914658e-5,0.0014075864580303512,0.0013917424681599024,-1.5843989870448823e-5
317.0,0.09353426751140488,0.09365694911284922,0.00012268160144433826,0.0014103815065967338,0.0013967360617712391,-1.3645444825494644e-5
318.0,0.09357657438288694,0.0937487100759221,0.00017213569303516085,0.0014117282118150819,0.001401623307505431,-1.0104904309650962e-5
319.0,0.09364243589092389,0.09383962630797221,0.0001971904170483263,0.0014168101182994142,0.0014064080744173705,-1.0402043882043683e-5
320.0,0.09372776110079582,0.0939297081368249,0.0002019470360290765,0.0014224256249646013,0.0014110940304684105,-1.1331594496190832e-5
321.0,0.09381870181733296,0.09401896274299688,0.00020026092566392817,0.0014285239127458,0.0014156846614040487,-1.2839251341751397e-5
322.0,0.09390412866533458,0.09410739506969429,0.000203266404359706,0.001430480446742268,0.0014201832893444418,-1.029715739782615e-5
323.0,0.09399113090434635,0.09419500782281273,0.000203876918466378,0.0014309632278582795,0.0014245930727844035,-6.370155073875949e-6
324.0,0.09404540566559902,0.09428180147093729,0.00023639580533826865,0.0014412540884890523,0.0014289170065934058,-1.2337081895646583e-5
325.0,0.09409909600760599,0.09436777434550311,0.00026867833789712137,0.0014431089843558336,0.0014331579247741659,-9.951059581667738e-6
326.0,0.0941550732075309,0.09445292375293907,0.00029785054540816536,0.001448851538683129,0.001437318524797211,-1.1533013885918009e-5
327.0,0.09422621989831156,0.09453724545608068,0.0003110255577691151,0.0014551276931912794,0.0014414013488071062,-1.3726344384173235e-5
328.0,0.0942991198468293,0.09462073433607981,0.00032161448925051295,0.0014617087620884897,0.0014454088138979519,-1.6299948190537806e-5
329.0,0.0943887392676805,0.09470338461648879,0.0003146453488082901,0.00146798491659664,0.001449343219566385,-1.8641697030255143e-5
330.0,0.09446763586584976,0.09478518986326044,0.00031755399741068,0.0014734225565348755,0.0014532067477115794,-2.0215808823296176e-5
331.0,0.09452943184869925,0.09486614298474808,0.0003367111360488284,0.0014754299095961869,0.0014570014626352455,-1.842844696094137e-5
332.0,0.09458723853495853,0.09494623623534681,0.0003589977003882888,0.0014760905574391502,0.0014607293112127674,-1.5361246226382793e-5
333.0,0.0946420977154569,0.09502546173845876,0.00038336402300186145,0.001479546253848496,0.0014643921437172884,-1.5154110131207618e-5
334.0,0.0947076797186372,0.09510381142936054,0.0003961317107233492,0.0014833322741793235,0.0014679917029915813,-1.5340571187742258e-5
335.0,0.09477511661768429,0.09518127705627728,0.0004061604385929979,0.0014880584472097525,0.001471529635032835,-1.6528812176917545e-5
336.0,0.09489939464075864,0.0952578504595119,0.00035845581875326715,0.0014918698770730017,0.0014750075047086457,-1.6862372364356013e-5
337.0,0.09494515720865004,0.09533352357144517,0.00038836636279512837,0.0014940042777964212,0.0014784267957570164,-1.557748203940483e-5
338.0,0.09498660015602978,0.09540828841653576,0.0004216882605059813,0.0014951985258202394,0.001481788910786358,-1.3409615033881496e-5
339.0,0.09507032456535915,0.09548213711132016,0.00041181254596101,0.0014960370403901543,0.0014850951712754874,-1.0941869114666943e-5
340.0,0.0951321967768059,0.09555506186778032,0.00042286509097441694,0.0014983238983081037,0.0014883468178549899,-9.977080453113778e-6
341.0,0.09519422144544717,0.09562705525191076,0.00043283380646358394,0.0015010935373420647,0.0014915450282479892,-9.548509094075555e-6
342.0,0.0952649869932415,0.09569811011207063,0.00043312311882913457,0.0015044984146865674,0.0014946909046480031,-9.80751003856425e-6
343.0,0.09539592231381032,0.09576821955677997,0.00037229724296965194,0.0015089450828603581,0.0014977854821425244,-1.1159600717833718e-5
344.0,0.09553071988330723,0.09583737706466908,0.00030665718136184406,0.0015114860361025242,0.0015008297401069223,-1.065629599560189e-5
345.0,0.09560865091924446,0.0959055764844785,0.00029692556523404356,0.0015127565127236074,0.001503824602204444,-8.931910519163321e-6
346.0,0.09565441348713588,0.09597281203505911,0.0003183985479232321,0.0015131884747747756,0.0015067709363862146,-6.417538388561045e-6
347.0,0.09572240939589624,0.09603907830537203,0.0003166689094757924,0.0015152466469009302,0.0015096695548912362,-5.577092009694017e-6
348.0,0.09578168983503597,0.09610437025448866,0.00032268041945268666,0.0015183974289212161,0.0015125212142463888,-5.876214674827322e-6
349.0,0.09585006688678267,0.09616868322722744,0.0003186163404447634,0.0015206334677743225,0.0015153266176462501,-5.306850128072383e-6
350.0,0.09592850611336834,0.09623201305492926,0.0003035069415609215,0.0015233268782110184,0.0015180864276889896,-5.24045052202886e-6
351.0,0.09599998312807047,0.09629435594248033,0.0002943728144098601,0.0015254358694020164,0.0015208012492499902,-4.634620152026191e-6
352.0,0.0960535210128829,0.09635570853118433,0.000302187518301425,0.0015264268411664611,0.0015234716445374668,-2.9551966289943516e-6
353.0,0.09609793687555597,0.09641606791634554,0.00031813104078956544,0.0015266555269582561,0.001526098136176542,-5.573907817140508e-7
354.0,0.09615818287692773,0.09647543164726873,0.0003172487703409915,0.0015286628800195673,0.0015286812072092479,1.8327189680580544e-8
355.0,0.09622429848028889,0.0965337977272593,0.0003094992469704072,0.0015310005570023603,0.001531221301094525,2.2074409216483147e-7
356.0,0.09627671834567479,0.09659116461362315,0.00031444626794835395,0.001533338233985153,0.0015337188217082228,3.8058772306977587e-7
357.0,0.09630375408817143,0.09664753121766677,0.00034377712949533457,0.001535066082189826,0.0015361741333430995,1.1080511532735558e-6
358.0,0.09636328862263538,0.09670289690503822,0.00033960828240284235,0.001536641473199969,0.0015385875607433752,1.9460875434061838e-6
359.0,0.09641763961248533,0.09675726159230973,0.00033962197982440046,0.001537607035431992,0.0015409593992173043,3.3523637853122897e-6
360.0,0.09646175056076932,0.09681062563020724,0.0003488750694379261,0.0015376324449644138,0.0015432899039725724,5.65745900815858e-6
361.0,0.09650794509071191,0.09686298983211962,0.0003550447414077118,0.0015386996453261236,0.0015455792926399223,6.8796473137987e-6
362.0,0.0965509888386342,0.09691435557616852,0.00036336673753432913,0.0015403512649335316,0.0015478277554274399,7.47649049390826e-6
363.0,0.09660102020797245,0.09696472480520843,0.00036370459723597537,0.001543019265837806,0.0015500354551205534,7.016189282747342e-6
364.0,0.09665869984656962,0.09701410002682667,0.0003554001802570511,0.0015468052861686335,0.0015522025270820348,5.3972409134012914e-6
365.0,0.09671973354344646,0.09706248431334336,0.000342750769896899,0.001549778201461968,0.001554329079251998,4.550877790030199e-6
366.0,0.09676125271942344,0.09710988130181143,0.00034862858238798866,0.0015509216304209427,0.0015564151921479007,5.493561726957995e-6
367.0,0.09679878259881024,0.0971562951940167,0.00035751259520645784,0.0015509724494857861,0.0015584609188645428,7.4884693787567215e-6
368.0,0.09684009849852786,0.09720173075647773,0.0003616322579498704,0.0015522683356392908,0.0015604662850740674,8.19794943477661e-6
369.0,0.09688009310255956,0.09724619350254991,0.0003661003999903545,0.0015537420885197472,0.001562431302516341,8.689213996593758e-6
370.0,0.09695096028848357,0.097289689594412,0.0003387293059284313,0.0015558764892431667,0.001564355956172282,8.47946692911542e-6
371.0,0.09700533668786593,0.09733222572623323,0.0003268890383673062,0.001557655156512683,0.0015662401986314936,8.585042118810582e-6
372.0,0.09705310660881865,0.09737380939095601,0.0003207027821373609,0.001559306776120091,0.0015680839734004493,8.777197280358242e-6
373.0,0.0970904840310109,0.0974144488809756,0.0003239648499646919,0.001559916604898211,0.001569887214957802,9.970610059591156e-6
374.0,0.09712122956524112,0.09745415328814012,0.0003329237228990034,0.001560043652560319,0.0015716498487543832,1.1606196194064193e-5
375.0,0.09715769224426621,0.09749293250375053,0.00033524025948432346,0.0015609075766626556,0.0015733717912132037,1.2464214550548126e-5
376.0,0.09719842372473812,0.09753079721856063,0.0003323734938225076,0.0015617969102974137,0.001575052949729453,1.325603943203935e-5
377.0,0.09724939524677598,0.09756775892277711,0.00031836367600113213,0.0015628641106591235,0.0015766932226704991,1.3829112011375577e-5
378.0,0.09730074791180016,0.09760382990605947,0.0003030819942593105,0.0015634993489696651,0.0015782924993758894,1.4793150406224292e-5
379.0,0.09733949744874319,0.09763902329344122,0.0002995258446980287,0.0015648968732528564,0.0015798506646900476,1.4953791437191232e-5
380.0,0.09736699056282343,0.09767335339101746,0.0003063628281940317,0.0015654812924985545,0.0015813676343794873,1.5886341880932747e-5
381.0,0.0973870132743717,0.09770683525486643,0.000319821980494725,0.001565608340160663,0.0015828432939885989,1.723495382793599e-5
382.0,0.09741412524546561,0.09773948491522833,0.0003253596697627148,0.001566345216600891,0.0015842775426334554,1.7932326032564245e-5
383.0,0.09745030841963406,0.09777131947228153,0.00032101105264746577,0.0015673870074301792,0.0015856703068296459,1.8283299399466605e-5
384.0,0.09749604557799305,0.0978023570961425,0.00030631151814945745,0.0015686828935836839,0.0015870215404922754,1.8338646908591487e-5
385.0,0.0975307041802162,0.09783261702686591,0.0003019128466497101,0.0015701566464641403,0.001588331224935965,1.817457847182462e-5
386.0,0.0975655406491663,0.09786211957444449,0.0002965789252781931,0.0015710205705664769,0.0015895993688748518,1.8578798308374915e-5
387.0,0.09759455833519183,0.09789088611880913,0.00029632778361729506,0.0015714017135528017,0.0015908260084225897,1.9424294869787966e-5
388.0,0.09761275156040573,0.09791893910982886,0.0003061875494231314,0.0015716558088770182,0.001592011207092348,2.0355398215329747e-5
389.0,0.09764667328618866,0.09794630206731086,0.0002996287811222048,0.0015729771045629448,0.001593155055796812,2.0177951233867194e-5
390.0,0.09768557528032622,0.0979729997401481,0.00028742445982188336,0.0015738156191328595,0.0015942576961633875,2.044207703052808e-5
391.0,0.09781760321078917,0.09799905814880479,0.00018145493801562107,0.0015777032775933738,0.0015953193446597179,1.7616067066344044e-5
392.0,0.09785277000366076,0.09802450425621557,0.0001717342525548171,0.0015780081919824337,0.0015963402449813797,1.833205299894597e-5
393.0,0.09788529420516048,0.0980493663372508,0.00016407213209031213,0.0015784655635660235,0.0015973207091633673,1.8855145597343774e-5
394.0,0.09790333497317985,0.09807367398920666,0.00017033901602681034,0.0015786434302929753,0.001598261118911858,1.9617688618882604e-5
395.0,0.09791550613920984,0.09809745813180526,0.00018195199259542216,0.0015788212970199269,0.001599161925604213,2.034062858428617e-5
396.0,0.09793034530614408,0.09812075100719456,0.00019040570105047228,0.0015794311257980467,0.0016000236502889773,2.0592524490930554e-5
397.0,0.09795354420924506,0.0981435861799484,0.00019004197070333906,0.0015804475070949132,0.001600846883685879,2.0399376590965815e-5
398.0,0.09798367991469716,0.09816599853706655,0.0001823186223693929,0.0015824548601562243,0.00160163228618583,1.9177426029605687e-5
399.0,0.09801531478256212,0.09818802428797462,0.00017270950541249663,0.001583826974906994,0.0016023805878509253,1.8553612943931217e-5
400.0,0.09804585704053295,0.09820970104137464,0.00016384400084168416,0.0015896965768963979,0.0016030925867613769,1.3396009864978997e-5
401.0,0.09806976741054174,0.09823106988988478,0.00016130247934303954,0.0015901539484799879,0.0016037691185180484,1.361517003806048e-5
402.0,0.0980915433798271,0.09825217086419032,0.00016062748436321272,0.001590204767544831,0.0016044111797645733,1.420641221974218e-5
403.0,0.09811774060775384,0.09827304504659957,0.00015530443884573253,0.0015904080438042044,0.0016050198498601712,1.461180605596686e-5
404.0,0.09814205753028137,0.09829373633110645,0.0001516788008250891,0.001591500653698336,0.0016055962463816442,1.409559268330824e-5
405.0,0.09817338748375727,0.0983142914233904,0.00014090393963313297,0.0015922883492034074,0.0016061415251233777,1.38531759199703e-5
406.0,0.09820123633129141,0.09833475984081638,0.00013352350952497427,0.0015922883492034074,0.0016066568800973393,1.436853089393196e-5
407.0,0.09822611226353223,0.09835519391243495,0.00012908164890272633,0.0015922883492034074,0.0016071435435330798,1.4855194329672396e-5
408.0,0.0982423997738145,0.09837564877898217,0.00013324900516765992,0.0015922883492034074,0.0016076027858777325,1.5314436674325168e-5
409.0,0.0982663355533557,0.09839618239287966,0.00012984683952395326,0.0015922883492034074,0.001608035915796014,1.5747566592606583e-5
410.0,0.09828679022695515,0.0984168555182346,0.00013006529127945754,0.0015922883492034074,0.0016084442801702228,1.6155930966815476e-5
411.0,0.09830927766314831,0.09843773173083971,0.00012845406769139422,0.0015922883492034074,0.0016088292641002412,1.6540914896833857e-5
412.0,0.09834256415062069,0.09845887741817325,0.00011631326755255633,0.0015922883492034074,0.0016091922909035339,1.6903941700126485e-5
413.0,0.09836812614023689,0.09848036202736883,0.00011223588713193955,0.001593050635176057,0.0016095348180382974,1.648418286224031e-5
414.0,0.09839765201691086,0.09850226506099596,0.00010461304408510008,0.001593812921148707,0.0016098581950678673,1.6045273919160262e-5
415.0,0.09842578036930164,0.09852466801737679,9.888764807515493e-5,0.0015940161974080803,0.0016101637571711122,1.6147559763031926e-5
416.0,0.09844692110027646,0.09854765702648305,0.00010073592620658822,0.001594270292732297,0.0016104528491960434,1.6182556463746394e-5
417.0,0.09846793478358917,0.09857132626579375,0.00010339148220457617,0.0015952612644967417,0.0016107267814419982,1.5465516945256446e-5
418.0,0.09850653186333767,0.09859577796029508,8.92460969574016e-5,0.0015970145222338364,0.0016109868296596387,1.397230742580238e-5
419.0,0.09855849435713997,0.09862112238248044,6.262802534047485e-5,0.001598844008568196,0.0016112342350509531,1.2390226482757172e-5
420.0,0.09860433315362865,0.09864747785235049,4.3144698721839236e-5,0.001600343170981074,0.001611470204269255,1.1127033288180904e-5
421.0,0.09866094559186411,0.0986749707374131,1.402514554899037e-5,0.0016013595522779405,0.0016116959094191836,1.0336357141243124e-5
422.0,0.09869184358328885,0.09870373545268335,1.189186939450082e-5,0.0016016644666670004,0.0016119124880567036,1.0248021389703188e-5
423.0,0.09872055635492533,0.09873391504577075,1.3358690845427512e-5,0.0016018169238615303,0.0016121210443008325,1.0304120439302237e-5
424.0,0.09872055635492533,0.09876566734031199,4.511098538666214e-5,0.0016024267526396501,0.0016123226410524635,9.895888412813367e-6
425.0,0.09872055635492533,0.09879915922569052,7.860287076519312e-5,0.0016043070580388531,0.001612518275288798,8.211217249944752e-6
426.0,0.09872055635492533,0.09883456930395652,0.00011401294903119752,0.0016053234393357196,0.0016127089210925454,7.385481756825782e-6
427.0,0.09873046607256977,0.09887208922419355,0.00014162315162377648,0.0016055521251275146,0.0016128955362769695,7.34341114945491e-6
428.0,0.0987477445546165,0.09891192368251848,0.00016417912790198108,0.0016055521251275146,0.001613079062385887,7.526937258372363e-6
429.0,0.09876187225464295,0.09895429042208156,0.00019241816743861828,0.0016055521251275146,0.0016132604246936672,7.708299566152634e-6
430.0,0.09886150303126828,0.09899942023306639,0.0001379172017981073,0.0016072037447349226,0.001613440532205234,6.236787470311356e-6
431.0,0.09891034015258272,0.0990475569526899,0.00013721680010717052,0.001608220126031789,0.0016136202776560636,5.400151624274574e-6
432.0,0.09895663632065499,0.0990989574652024,0.0001423211445474165,0.001609566831250137,0.001613800537512186,4.233706262049032e-6
433.0,0.09902026178983882,0.09915389071407947,0.00013362892424065298,0.0016110405841305935,0.0016139821861807404,2.9416020501469436e-6
434.0,0.09905390401076511,0.09921263841573631,0.00015873440497120306,0.00161144713664934,0.0016141661303094477,2.7189936601076155e-6
435.0,0.09908655525992693,0.09927549816939558,0.00018894290946865067,0.0016114725461817616,0.0016143532593249853,2.880713143223754e-6
436.0,0.0992473213715588,0.09934277610106845,9.545472950965583e-5,0.0016133528515809646,0.0016145444925731625,1.191640992197901e-6
437.0,0.0993366104684885,0.09941478640994902,7.817594146052043e-5,0.0016140134994239279,0.0016147407835480898,7.272841241619775e-7
438.0,0.09945834753832068,0.09949185136841442,3.350383009373403e-5,0.001614521690072361,0.0016149431198921801,4.214298198190747e-7
439.0,0.0995543193422773,0.09957430132202474,1.9981979747438205e-5,0.0016151823379153241,0.001615152523396148,-2.981451917619636e-8
440.0,0.0996361888557399,0.09966247468952309,2.6285833783196155e-5,0.0016169610051848405,0.00161537004999901,-1.5909551858304862e-6
441.0,0.09973002625897309,0.09975671796206179,2.669170308869373e-5,0.0016170626433145271,0.0016155967897900924,-1.4658535244346967e-6
442.0,0.09978079450475157,0.09985737673536971,7.658223061814129e-5,0.0016170626433145271,0.001615833893505063,-1.2287498094641202e-6
443.0,0.10003364476187952,0.09996479827447029,-6.884648740923538e-5,0.0016179265674168637,0.001616082574280334,-1.843993136529682e-6
444.0,0.10017690370567285,0.10007933072927669,-9.757297639616247e-5,0.0016184855771301401,0.001616344098285568,-2.1414788445720586e-6
445.0,0.100367576836965,0.10020131369335417,-0.0001662631436108314,0.0016186126247922485,0.0016166198058434355,-1.9928189488129834e-6
446.0,0.10052529380470625,0.10033107820392015,-0.000194215600786099,0.0016193749107648984,0.0016169111114296148,-2.4637993352835848e-6
447.0,0.10073583719035213,0.10046894674184416,-0.0002668904485079726,0.0016202642443996565,0.0016172195036727919,-3.0447407268646177e-6
448.0,0.10076282211378394,0.10061523323164787,-0.00014758888213607657,0.0016208486636453546,0.001617546545354661,-3.3021182906935957e-6
449.0,0.10090892692520849,0.1007702408673613,-0.00013868605784718435,0.001620899482710198,0.0016178938747200755,-3.005607990122592e-6
450.0,0.10129311905542401,0.10093424887625846,-0.00035887017916555464,0.0016220175021367511,0.0016182632190924486,-3.7542830443025327e-6
451.0,0.10152907197349155,0.10110752304893258,-0.00042154892455896487,0.001622551102317606,0.0016186563900425506,-3.894712275055506e-6
452.0,0.10173308510930508,0.10129030256416563,-0.00044278254513945015,0.0016233133882902558,0.0016190752812305393,-4.238107059716502e-6
453.0,0.1019386228170639,0.1014827974777355,-0.00045582533932839175,0.0016242535409898573,0.0016195218691510507,-4.731671838806599e-6
454.0,0.10221192774779128,0.10168518872241604,-0.0005267390253752419,0.001625396969948832,0.0016199982131332002,-5.3987568156318565e-6
455.0,0.10233069190233013,0.10189762810797699,-0.00043306379435313624,0.001625778112935157,0.0016205064553405815,-5.271657594575416e-6
456.0,0.10242059082803796,0.1021202376807784,-0.00030035314725956885,0.001625778112935157,0.0016210488186857554,-4.729294249401512e-6
457.0,0.10303750886570348,0.10235309786977156,-0.0006844109959319167,0.0016292592188769245,0.0016216275823432078,-7.631636533716709e-6
458.0,0.10328685260735725,0.10259625295634184,-0.0006905996510154083,0.0016297419999929362,0.001622245117218122,-7.496882774814251e-6
459.0,0.10354381920873751,0.10284970525104298,-0.000694113957694531,0.0016308600194194893,0.0016229038387624414,-7.95618065704785e-6
460.0,0.1038043431446568,0.10311341171240514,-0.0006909314322516569,0.0016323337722999457,0.001623606191806091,-8.727580493854631e-6
461.0,0.10418937378944224,0.10338728394693478,-0.0008020898425074585,0.0016332485154671255,0.001624354650556978,-8.89386491014746e-6
462.0,0.10454459905269706,0.10367118820911475,-0.0008734108435823063,0.0016341632586343053,0.001625151718600991,-9.011540033314249e-6
463.0,0.10486849436247597,0.10396494540140419,-0.0009035489610717817,0.00163515423039875,0.001625999928902001,-9.15430149674894e-6
464.0,0.1051126291499833,0.10426833054606637,-0.0008442986039169376,0.0016355607829174966,0.0016269018270598664,-8.658955857630173e-6
465.0,0.10544501124359106,0.10458106603510801,-0.0008639452084830412,0.0016359165163714,0.0016278598921987517,-8.056624172648238e-6
466.0,0.10573185945509918,0.10490282421730339,-0.0008290352377957888,0.0016359165163714,0.001628876595972306,-7.039920399093879e-6
467.0,0.10601624294196242,0.10523323268907665,-0.0007830102528857685,0.0016359165163714,0.0016299543248690465,-5.962191502353453e-6
468.0,0.10638142874192653,0.10557187438710786,-0.0008095543548186784,0.0016359165163714,0.0016310953690607411,-4.821147310658802e-6
469.0,0.10678101904878957,0.10591828758833283,-0.0008627314604567476,0.0016359165163714,0.00163230192240241,-3.614593968989969e-6
470.0,0.10711556095265318,0.10627196590994327,-0.0008435950427099076,0.0016359165163714,0.001633576082432324,-2.3404339390758425e-6
471.0,0.10738774786395401,0.10663236297310869,-0.0007553848908453259,0.0016359165163714,0.001634919812106538,-9.967042648619927e-7
472.0,0.10772729544570467,0.10699889497021466,-0.0007284004754900125,0.0016359165163714,0.001636334875650068,4.1835927866809043e-7
473.0,0.10811766209229866,0.10737094106997501,-0.0007467210223236487,0.0016359165163714,0.0016378228655775239,1.9063492061239563e-6
474.0,0.10846905051615781,0.10774785578210858,-0.0007211947340492325,0.0016372378120573263,0.0016393851447033334,2.14733264600718e-6
475.0,0.1088604843631135,0.10812896916705056,-0.0007315151960629457,0.0016403631845451907,0.0016410228448558955,6.596603107048449e-7
476.0,0.1095055307531698,0.10851358683595251,-0.0009919439172172834,0.00164265004246314,0.00164273686687758,8.682441443997983e-8
477.0,0.10986164535005938,0.10890099601160858,-0.000960649338450803,0.0016445811669271863,0.0016445278584207063,-5.33085064799866e-8
478.0,0.1101102268057405,0.10929047409197895,-0.0008197527137615429,0.0016451655861728846,0.001646396163537195,1.230577364310292e-6
479.0,0.11046738319345936,0.10968128922447447,-0.0007860939689848939,0.0016457500054185828,0.0016483418397967263,2.5918343781435385e-6
480.0,0.110803373440671,0.11007271349761953,-0.0007306599430514649,0.001648214730063484,0.0016503646324419676,2.1499023784836858e-6
481.0,0.11113936368788262,0.11046402319888969,-0.000675340488992926,0.0016515941978755648,0.001652463973675061,8.697757994961721e-7
482.0,0.11150988548965528,0.11085449886630244,-0.0006553866233528355,0.001654440065506791,0.0016546389826506008,1.989171438097643e-7
483.0,0.1119239846395311,0.111243435393807,-0.0006805492457240964,0.001657285933138017,0.001656888457070382,-3.9747606763503723e-7
484.0,0.11229000895406513,0.11163014604457486,-0.0006598629094902719,0.0016599285245098697,0.0016592108587349227,-7.176657749470138e-7
485.0,0.11257838173751857,0.11201396770355398,-0.0005644140339645803,0.001660512943755568,0.001661604336031132,1.0913922755639675e-6
486.0,0.11290542782931777,0.11239426699911177,-0.0005111608302059978,0.001661478505987591,0.001664066728623165,2.588222635573805e-6
487.0,0.11352229504791844,0.11277044030303494,-0.0007518547448834983,0.0016647563356699854,0.0016665955674524228,1.8392317824374345e-6
488.0,0.11382400783589325,0.11314191472035005,-0.0006820931155431947,0.0016689743180519812,0.0016691880796903522,2.137616383710711e-7
489.0,0.11414429499206828,0.11350815716127688,-0.0006361378307914028,0.0016721759191371105,0.001671841218035614,-3.347011014965748e-7
490.0,0.11446272725237655,0.11386867355834349,-0.0005940536940330643,0.0016758603013382514,0.00167455165836319,-1.3086429750614262e-6
491.0,0.11475176068367295,0.11422301238432735,-0.0005287482993455994,0.0016785537117749475,0.001677315851571142,-1.2378602038056082e-6
492.0,0.1149668523756223,0.11457076553243593,-0.0003960868431863718,0.0016803577885768856,0.001680130030448237,-2.277581286486141e-7
493.0,0.11515127476193873,0.1149115683163066,-0.0002397064456321346,0.0016815012175358604,0.0016829902096739471,1.488992138086757e-6
494.0,0.11543794510671991,0.115245099800746,-0.00019284530597390992,0.001682492189300305,0.0016858922126888368,3.400023388531754e-6
495.0,0.11566055802026608,0.11557108621277033,-8.947180749574457e-5,0.001687065905136204,0.0016888317231475419,1.7658180113378462e-6
496.0,0.1158611662787351,0.11588929870348243,2.8132424747320806e-5,0.0016904453729482852,0.0016918042871957814,1.3589142474961999e-6
497.0,0.11626698192104146,0.11619955077914014,-6.743114190131683e-5,0.0016960608796134722,0.0016948053779827525,-1.2555016307197377e-6
498.0,0.11648253098457441,0.1165016982739267,1.9167289352292616e-5,0.0016985256042583734,0.0016978303974683028,-6.952067900705197e-7
499.0,0.11664154383846917,0.11679563934995078,0.00015409551148161393,0.0016989829758419634,0.00170087467642293,1.891700580966679e-6
500.0,0.11703508667661586,0.11708131207951294,4.622540289708765e-5,0.0017015747481489726,0.0017039335055284665,2.358757379493804e-6
501.0,0.1172658814596018,0.11735869271489617,9.281125529436718e-5,0.0017064025593090883,0.0017070022083162403,5.996490071520557e-7
502.0,0.11748458130515504,0.11762779664311233,0.00014321533795728925,0.0017111795514043607,0.0017100761143738572,-1.1034370305034943e-6
503.0,0.11774655358442238,0.11788866820116135,0.00014211461673897807,0.0017153213051890916,0.0017131506354243233,-2.170669764768292e-6
504.0,0.11800082677536594,0.11814138030789172,0.00014055353252577507,0.001718522906274221,0.0017162212688110843,-2.3016374631366562e-6
505.0,0.11821784959177935,0.11838603446400045,0.00016818487222110268,0.0017214958215675553,0.0017192835974980253,-2.2122240695299916e-6
506.0,0.11836728305195114,0.11862276075203317,0.0002554777000820241,0.001722410564734735,0.0017223332900694701,-7.727466526494427e-8
507.0,0.11858420423023486,0.11885171479293946,0.0002675105627046037,0.0017229187553831683,0.0017253661244072595,2.447369024091272e-6
508.0,0.11877998467754376,0.11907306786174074,0.00029308318419697665,0.0017261965850655626,0.0017283780822119432,2.181497146380674e-6
509.0,0.11896999716099295,0.11928701241427225,0.00031701525327930413,0.0017302367007206068,0.001731365288186276,1.1285874656691893e-6
510.0,0.11916178831171165,0.11949375307976824,0.0003319647680565946,0.0017340989496486992,0.0017343240470611512,2.2509741245198452e-7
511.0,0.11922935225842084,0.11969350592943125,0.00046415367101040883,0.0017356489311264206,0.0017372508482123262,1.6019170859056433e-6
512.0,0.11927498777865014,0.11988649847643214,0.0006115106977819945,0.0017365382647611786,0.0017401423656604217,3.6041008992431043e-6
513.0,0.11972308488290614,0.12007296925896363,0.00034988437605748546,0.0017405275613513796,0.0017429954593091877,2.4678979578080743e-6
514.0,0.11991680715808889,0.12025316079709922,0.00033635363901032833,0.0017424332762830041,0.0017458072049011707,3.3739286181666116e-6
515.0,0.12010072135375688,0.12042732134722534,0.00032659999346845714,0.0017452791439142303,0.0017485748938118946,3.2957498976643115e-6
516.0,0.12027167668788981,0.12059570062985626,0.0003240239419664559,0.0017491413928423228,0.001751296021949371,2.154629107048228e-6
517.0,0.12048753066581182,0.12075854801736982,0.00027101735155800333,0.0017523175843950304,0.0017539682922434873,1.650707848456891e-6
518.0,0.12055667000353117,0.12091611253400733,0.0003594425304761645,0.001753257737094632,0.0017565896146460064,3.33187755137453e-6
519.0,0.12059709656961402,0.12106864285587363,0.0004715462862596026,0.0017538929754051735,0.0017591581061305673,5.265130725393792e-6
520.0,0.12097369124963547,0.12121638544365111,0.00024269419401563852,0.0017580093196574826,0.0017616720871386274,3.6627674811448054e-6
521.0,0.12111392645907061,0.12135958163247958,0.00024565517340896514,0.0017590765200191922,0.0017641300849578195,5.053564938627218e-6
522.0,0.12126320746204788,0.12149846896104352,0.00023526149899563698,0.0017622018925070567,0.0017665308226473726,4.328930140315955e-6
523.0,0.12140285825223733,0.12163327918792659,0.00023042093568925726,0.001766597741616004,0.0017688732042220425,2.2754626060384787e-6
524.0,0.12158306265617175,0.1217642382645911,0.00018117560841934832,0.0017706886763358915,0.0017711563145437785,4.6763820788701775e-7
525.0,0.12164053901850955,0.12189156633537808,0.0002510273168685323,0.0017721116101515047,0.0017733794193217243,1.2678091702196526e-6
526.0,0.12167578203997839,0.12201547767519813,0.0003396956352197389,0.0017728484865917327,0.0017755419620151662,2.693475423433487e-6
527.0,0.12201543125985874,0.12213617967230915,0.00012074841245041101,0.0017758468114174887,0.0017776435401927874,1.7967287752986612e-6
528.0,0.12214052238797057,0.12225387289004296,0.00011335050207238184,0.0017776000691545834,0.0017796839170788445,2.0838479242611327e-6
529.0,0.12228088464506784,0.12236875160563954,8.786696057169752e-5,0.0017799123366049547,0.0017816629944608577,1.7506578559030143e-6
530.0,0.12239456689312235,0.12248100379660386,8.643690348150712e-5,0.0017832663948846139,0.0017835808073397399,3.144124551259994e-7
531.0,0.12253439555003875,0.1225908111407059,5.64155906671443e-5,0.0017866458626966948,0.0017854375239297995,-1.2083387668953335e-6
532.0,0.12261954289318373,0.12269834901598067,7.880612279693999e-5,0.0017876368344611397,0.0017872334456587376,-4.0338880240211455e-7
533.0,0.12262520921891377,0.12280378697374018,0.00017857775482640892,0.0017879417488501997,0.0017889689941672268,1.0272453170271246e-6
534.0,0.122971058364705,0.12290728910381125,-6.376926089374235e-5,0.0017928203790751585,0.0017906446909455598,-2.175688129598752e-6
535.0,0.12311375829878506,0.12300901396255025,-0.00010474433623480772,0.00179452281774741,0.0017922611685689208,-2.2616491784891064e-6
536.0,0.1232365117499141,0.1231091160006565,-0.00012739574925760278,0.0017994268575047905,0.0017938191441415963,-5.607713363194175e-6
537.0,0.12338607225774799,0.12320774559787306,-0.00017832665987492502,0.0018035432017570996,0.0017953194185176085,-8.223783239491187e-6
538.0,0.12355918740213677,0.12330504906298673,-0.00025413833915004236,0.0018079898699308904,0.0017967628763007142,-1.1226993630176216e-5
539.0,0.12361181054378204,0.12340116863382802,-0.00021064190995401244,0.0018112168805484413,0.0017981504858444063,-1.3066394704035027e-5
540.0,0.12364730766057509,0.12349624368964442,-0.00015106397093067603,0.0018116742521320313,0.0017994832814991978,-1.219097063283347e-5
541.0,0.1236764015751979,0.12359041110140627,-8.599047379162506e-5,0.0018120808046507778,0.0018007623556367933,-1.1318449013984593e-5
542.0,0.12418362666139911,0.12368380532186589,-0.0004998213395332185,0.001814469300698414,0.0018019888629312265,-1.248043776718756e-5
543.0,0.12431372346739801,0.12377655998893254,-0.0005371634784654689,0.001819271702326108,0.001803164000181573,-1.610770214453502e-5
544.0,0.12445535620111635,0.12386880792878605,-0.0005865482723303034,0.0018225495320085023,0.0018042890062694309,-1.8260525739071396e-5
545.0,0.12464849405705339,0.12396068115587672,-0.0006878129011766709,0.0018245822946022353,0.001805365162158921,-1.921713244331432e-5
546.0,0.12471339000285832,0.12405231087292534,-0.000661079129932976,0.0018271740669092446,0.0018063937908966868,-2.0780276012557835e-5
547.0,0.12475437557865446,0.12414382879820304,-0.0006105467804514153,0.0018271740669092446,0.0018073762448573632,-1.9797822051881428e-5
548.0,0.12508833306327236,0.12423536778747107,-0.0008529652758012818,0.0018272757050389313,0.0018083138984219867,-1.8961806616944526e-5
549.0,0.12527730375589224,0.12432706153914942,-0.0009502422167428221,0.001831366639758819,0.001809208153512272,-2.215848624654692e-5
550.0,0.12539545808165298,0.12441904655706221,-0.0009764115245907701,0.0018332469451580217,0.0018100604224939906,-2.3186522664031105e-5
551.0,0.12553500723371275,0.12451146216153404,-0.0010235450721787082,0.0018356100316732362,0.0018108721280749856,-2.473790359825063e-5
552.0,0.1257455252098262,0.12460445048939003,-0.0011410747204361749,0.0018377698419290774,0.0018116447033051724,-2.6125138623904996e-5
553.0,0.12582630211339466,0.12469815649395585,-0.0011281456194388029,0.0018404886618981953,0.0018123795915765376,-2.8109070321657688e-5
554.0,0.12587158190017006,0.12479272934779197,-0.0010788525523780929,0.0018412001288060018,0.0018130782402792983,-2.8121888526703477e-5
555.0,0.1261876510739631,0.12488832321965558,-0.0012993278543075165,0.0018418353671165433,0.0018137420917662128,-2.8093275350330512e-5
556.0,0.12637054888833424,0.12498509637694522,-0.0013854525113890237,0.0018446304156829261,0.0018143725896556885,-3.025782602723761e-5
557.0,0.1264919302247125,0.1250832150565199,-0.0014087151681926036,0.0018455959779149491,0.0018149711665297347,-3.062481138521437e-5
558.0,0.12662068032549306,0.1251828535554814,-0.0014378267700116687,0.0018499918270238967,0.001815539243594481,-3.4452583429415594e-5
559.0,0.1266790206119332,0.12528419423117435,-0.0013948263807588568,0.0018527106469930143,0.0018160782306801757,-3.663241631283857e-5
560.0,0.12692767829621157,0.1253874275011862,-0.0015402507950253719,0.0018538794854844108,0.0018165895262411867,-3.728995924322416e-5
561.0,0.12700111184491017,0.12549275593959544,-0.0015083559053147289,0.0018562933910644685,0.0018170745153573945,-3.9218875707074064e-5
562.0,0.1271642156335248,0.12560039325720915,-0.0015638223763156656,0.0018566491245183719,0.0018175345623028935,-3.9114562215478415e-5
563.0,0.12727901590100588,0.12571056351550902,-0.0015684523854968546,0.0018595204016820196,0.0018179710132437167,-4.154938843830289e-5
564.0,0.12741551590917505,0.1258235197514098,-0.0015919961577652575,0.0018610195640948975,0.0018183851951459917,-4.2634368948905876e-5
565.0,0.1275490430020509,0.1259395445142013,-0.001609498487849581,0.001863611336401907,0.0018187784156685918,-4.4832920733315186e-5
566.0,0.12769436011797036,0.12605894986554841,-0.0016354102524219483,0.0018672957186030479,0.0018191519631631356,-4.814375543991229e-5
567.0,0.1277680477619932,0.12618207744625834,-0.001585970315734847,0.0018707260054799722,0.0018195071066814763,-5.1218898798495926e-5
568.0,0.1278181553599287,0.12630932848172155,-0.0015088268782071368,0.0018714374723877787,0.0018198450986774844,-5.159237371029431e-5
569.0,0.12807796782894018,0.12644115881304704,-0.001636809015893137,0.0018718186153741036,0.0018201671736213531,-5.165144175275048e-5
570.0,0.12819721476459503,0.12657812817043973,-0.0016190865941553,0.001875172673653763,0.0018204745569166058,-5.469811673715721e-5
571.0,0.12831374288028077,0.12672093759455716,-0.0015928052857236141,0.0018771037981178092,0.0018207684698463963,-5.6335328271412896e-5
572.0,0.12836743322228775,0.1268704314579093,-0.0014970017643784472,0.0018810422756431668,0.001821050129892357,-5.999214575080989e-5
573.0,0.12836992335646508,0.12702766561425807,-0.0013422577422070037,0.001881321780499805,0.0018213207622521242,-6.0001018247680775e-5
574.0,0.12842645956610327,0.12719396613997846,-0.0012324934261248033,0.0018821094760048764,0.0018215816106456027,-6.052786535927371e-5
575.0,0.12844648227765154,0.12737106068017293,-0.0010754215974786152,0.0018827701238478397,0.0018218339567012938,-6.0936167146545886e-5
576.0,0.12882315318627025,0.12756112246221613,-0.0012620307240541195,0.0018829988096396347,0.0018220791267687096,-6.091968287092516e-5
577.0,0.12896544656783154,0.12776690472545768,-0.0011985418423738625,0.0018881823542536535,0.0018223185149675886,-6.58638392860649e-5
578.0,0.12911050958842682,0.12799189141416498,-0.0011186181742618428,0.0018907995360930847,0.0018225536141125087,-6.824592198057607e-5
579.0,0.12924548502465066,0.12824045142997414,-0.0010050335946765188,0.0018929085272840825,0.0018227860486045853,-7.012247867949723e-5
580.0,0.12945717183925554,0.12851789309923992,-0.00093927874001562,0.001895500299591092,0.0018230175921610775,-7.248270743001454e-5
581.0,0.12954552078348566,0.12883061616261263,-0.0007149046208730359,0.0018982953481574748,0.0018232502224225253,-7.504512573494951e-5
582.0,0.12960886674781286,0.1291860925953351,-0.0004227741524777673,0.0018988543578707512,0.0018234861698304679,-7.536818804028335e-5
583.0,0.1299912039821616,0.12959283692146872,-0.00039836706069287797,0.0018989814055328596,0.001823727947860757,-7.525345767210264e-5
584.0,0.13017333951056007,0.13006029629042903,-0.00011304322013103163,0.001901649406437134,0.0018239784110057305,-7.767099543140349e-5
585.0,0.13029527985665162,0.13059862402055492,0.0003033441639032908,0.0019026911972664221,0.0018242408238702966,-7.845037339612553e-5
586.0,0.13050333310812018,0.1312184928559417,0.0007151597478215199,0.0019058927983515515,0.0018245189153074798,-8.137388304407171e-5
587.0,0.13067405975646132,0.13193095677055236,0.0012568970140910407,0.0019080526086073927,0.001824816943134535,-8.323566547285767e-5
588.0,0.130760274299968,0.13274729170658847,0.001987017406620467,0.0019097804568120656,0.0018251398040989109,-8.464065271315477e-5
589.0,0.1402527166029874,0.13367895810880853,-0.006573758494178877,0.001942380886909057,0.0018254931473311432,-0.00011688773957791387
590.0,0.14146053331711866,0.13473758904250013,-0.006722944274618531,0.0019425079345711655,0.0018258834801720728,-0.00011662445439909264
591.0,0.14501738507503523,0.1359349698620451,-0.009082415212990136,0.0019430415347520204,0.001826318361546265,-0.0001167231732057553
592.0,0.14712292056962378,0.13728297695912967,-0.009839943610494117,0.00194517593547544,0.0018268065917829864,-0.00011836934369245352
593.0,0.14861291014129757,0.13879348140138753,-0.009819428739910041,0.0019482250793660392,0.0018273583860354944,-0.00012086669333054474
594.0,0.1515237245373934,0.14047807876947327,-0.011045645767920137,0.001949063593935954,0.001827985661228784,-0.00012107793270717
595.0,0.15308493702844514,0.1423477358098369,-0.010737201218608244,0.0019548823768605144,0.0018287022737649226,-0.00012618010309559178
596.0,0.15402526759477356,0.1444124373046225,-0.009612830290151059,0.001955365157976526,0.0018295242391354765,-0.00012584091884104958
597.0,0.15903938144660482,0.14668049903205455,-0.01235888241455027,0.0019557208914304292,0.0018304700382479225,-0.00012525085318250678
598.0,0.16238419065646265,0.14915787031674294,-0.01322632033971971,0.0019594815022288352,0.001831560832806749,-0.00012792066942208624
599.0,0.16624229783077044,0.15184759744424373,-0.01439470038652671,0.00196001510240969,0.001832820596638338,-0.00012719450577135184
600.0,0.16911852985324038,0.15474887798749262,-0.014369651865747762,0.0019634707988190362,0.0018342762705233816,-0.00012919452829565463
601.0,0.17288930446461492,0.15785625429529263,-0.015033050169322298,0.0019671297714877554,0.0018359577008798707,-0.0001311720706078847
602.0,0.174571542558591,0.16115912146752787,-0.013412421091063137,0.0019708649727537397,0.0018378975221946146,-0.00013296745055912506
603.0,0.17568610628873477,0.1646410490982073,-0.01104505719052748,0.001972618230490834,0.0018401307780735892,-0.00013248745241724487
604.0,0.1809487253676499,0.16827956483811835,-0.012669160529531542,0.0019739649357091824,0.0018426943106534944,-0.00013127062505568794
605.0,0.1835317822050387,0.17204617080108361,-0.011485611403955098,0.001978259146688443,0.0018456261291751575,-0.00013263301751328558
606.0,0.1855563375197994,0.17590686154792248,-0.00964947597187693,0.001980139452087646,0.0018489641796649412,-0.00013117527242270492
607.0,0.18880847816491544,0.17982307037039202,-0.00898540779452342,0.001982451719538017,0.0018527451934066295,-0.00012970652613138742
608.0,0.19222296031267344,0.18375270452670278,-0.00847025578597066,0.0019876606736844576,0.001857003493368276,-0.00013065718031618164
609.0,0.1942083849475048,0.1876522245864258,-0.006556160361079005,0.001992056522793405,0.0018617691930594988,-0.0001302873297339064
610.0,0.19524527173703554,0.1914786245360814,-0.003766647200954154,0.001993860599595343,0.0018670668905778002,-0.00012679370901754286
611.0,0.1997954329363797,0.1951908948917443,-0.004604538044635398,0.0019956138573324375,0.0018729146511411484,-0.00012269920619128907
612.0,0.202542127162564,0.1987524718516765,-0.003789655310887513,0.00200023839223318,0.0018793225521397837,-0.00012091584009339641
613.0,0.2049027235436012,0.20213264896633457,-0.0027700745772666346,0.0020024236120214428,0.0018862921732493464,-0.00011613143877209635
614.0,0.2065411301941499,0.2053075290275635,-0.0012336011665864122,0.0020089284523213883,0.0018938162508238935,-0.0001151122014974948
615.0,0.20878603697407128,0.20826068529557704,-0.0005253516784942402,0.002015712797477972,0.0019018787948246216,-0.00011383400265335035
616.0,0.20980686493911152,0.21098303699848936,0.001176172059377839,0.0020229799237505668,0.001910455581166856,-0.00011252434258371066
617.0,0.21038058677166022,0.21347247947944936,0.0030918927077891456,0.0020250380958767213,0.0019195148210392845,-0.00010552327483743682
618.0,0.21326243430079536,0.21573289066662799,0.002470456365832624,0.0020261561153032746,0.001929018469250751,-9.713764605252372e-5
619.0,0.21447363048273868,0.21777272431458108,0.0032990938318424035,0.0020324068602790035,0.0019389235970753635,-9.348326320363998e-5
620.0,0.21551036481507488,0.21960441912402381,0.004094054308948936,0.0020359641948180358,0.001949183089517428,-8.678110530060783e-5
621.0,0.21631376341118297,0.221242781942979,0.004929018531796031,0.0020440190165957025,0.0019597475666587863,-8.42714499369162e-5
622.0,0.21761462983304236,0.22270390635957896,0.005089276526536596,0.00204856732289918,0.0019705665318537568,-7.800079104542312e-5
623.0,0.21818260911126375,0.22400453153702662,0.0058219224257628766,0.0020545893820831137,0.0019815891699725544,-7.30002121105593e-5
624.0,0.21844963788748298,0.22516121675989456,0.006711578872411583,0.0020569778781307497,0.0019927655344170276,-6.42123437137221e-5
625.0,0.21931150381769332,0.2261897760005725,0.006878272182879175,0.002058680316803001,0.0020040474039112847,-5.463291289171642e-5
626.0,0.22048539880604165,0.22710503645091898,0.00661963764487733,0.0020658458049459096,0.0020153886993550564,-5.045710559085318e-5
627.0,0.2223106163389544,0.22792059589763322,0.005609979558678813,0.0020704195207818087,0.002026746062260399,-4.367345852140979e-5
628.0,0.22266304655364286,0.22864872509156528,0.005985678537922423,0.0020790841713375953,0.002038079214264678,-4.100495707291731e-5
629.0,0.2232315340225127,0.22930037265792577,0.006068838635413076,0.002085157049586372,0.0020493511249540576,-3.580592463231459e-5
630.0,0.22350654139191234,0.22988520322162917,0.006378661829716831,0.002092830728377714,0.00206052809651346,-3.2302631864254173e-5
631.0,0.2236343513399933,0.23041166310153327,0.006777311761539978,0.0020951175862956636,0.00207157984122375,-2.3537745071913578e-5
632.0,0.2243801719356339,0.23088715451272807,0.0065069825770941725,0.0020966675677733847,0.002082479360317011,-1.4188207456373742e-5
633.0,0.22472490306199858,0.23131807906032212,0.006593175998323542,0.0021062977805611943,0.0020932029172404006,-1.3094863320793713e-5
634.0,0.22500382349939116,0.23170996035785937,0.006706136858468215,0.002109931343697492,0.0021037298855731386,-6.201458124353507e-6
635.0,0.22542140375520872,0.23206756234041712,0.006646158585208395,0.0021171222413728223,0.002114042578422253,-3.079662950569457e-6
636.0,0.2258003869312778,0.2323950307378657,0.006594643806587891,0.002122839386167696,0.002124125984779647,1.2865986119508892e-6
637.0,0.2259913395674266,0.23269592181356832,0.006704582246141733,0.0021296491408567013,0.0021339677160494086,4.318575192707383e-6
638.0,0.22607717296794697,0.23297329659425536,0.006896123626308398,0.002131834360644964,0.002143557756735771,1.172339609080723e-5
639.0,0.22614801474433857,0.23322979523722254,0.007081780492883966,0.0021333081135254204,0.0021528882652427075,1.9580151717287116e-5
640.0,0.2267401076688281,0.23346772786857933,0.006727620199751233,0.002134019580433227,0.0021619532756671184,2.793369523389124e-5
641.0,0.22698485228511356,0.2336890944689496,0.006704242183836029,0.0021426334119241702,0.002170748636569576,2.8115224645405574e-5
642.0,0.22723777877083878,0.2338956179633719,0.006657839192533127,0.002145123546101493,0.002179271858382241,3.414831228074804e-5
643.0,0.22758863359451706,0.23408880286620823,0.00650016927169117,0.0021516029768690165,0.0021875218597663423,3.5918882897325796e-5
644.0,0.22769863146037045,0.23426996855063886,0.006571337090268414,0.0021578283123123237,0.0021954987891366407,3.7670476824317074e-5
645.0,0.22775692092774574,0.2344402826679188,0.0066833617401730605,0.0021594799319197317,0.002203203854448388,4.372392252865618e-5
646.0,0.2280299717631489,0.23460076160365292,0.006570789840504021,0.0021595561605169964,0.002210639319982176,5.108315946517972e-5
647.0,0.22823042756442338,0.23475229934680802,0.006521871782384642,0.0021698978402126127,0.0022178083000940502,4.7910459881437585e-5
648.0,0.22833994264916074,0.23489568574360778,0.006555743094447036,0.0021721592885981405,0.00222471463895809,5.255535035994952e-5
649.0,0.22851890198600652,0.2350316265042144,0.006512724518207891,0.0021789944528195675,0.002231362757855599,5.236830503603171e-5
650.0,0.22870970216496075,0.2351607549799899,0.00645105281502914,0.002183974721174213,0.0022377575670466383,5.3782845872425104e-5
651.0,0.22880082074822486,0.2352836321634959,0.006482811415271045,0.0021888025323343286,0.002243904465770023,5.51019334356943e-5
652.0,0.2288373596558472,0.23540075709301778,0.006563397437170576,0.0021900221898905683,0.0022498092385743558,5.978704868378742e-5
653.0,0.22900163228295323,0.23551258104150827,0.006510948758555041,0.0021900730089554118,0.0022554779159893504,6.540490703393865e-5
654.0,0.22917162205485414,0.23561951069073508,0.006447888635880944,0.002198636021381512,0.0022609167525740647,6.228073119255275e-5
655.0,0.22925862429386593,0.23572191776728557,0.006463293473419646,0.0022003638695861846,0.0022661321336860454,6.576826409986081e-5
656.0,0.22937527945721375,0.23582013905952726,0.006444859602313502,0.002205598233265047,0.0022711305753136675,6.553234204862042e-5
657.0,0.22951144914146146,0.23591447781467756,0.006403028673216099,0.002209943263309151,0.002275918708030353,6.597544472120194e-5
658.0,0.22958038520292143,0.23600521349054046,0.006424828287619033,0.0022136022359778703,0.0022805031602915007,6.690092431363035e-5
659.0,0.22962162487404178,0.23609260104726146,0.006470976173219678,0.0022149235316637965,0.0022848905721968736,6.99670405330771e-5
660.0,0.22975250937554575,0.23617687723533215,0.006424367859786395,0.00221497435072864,0.0022890875363874817,7.411318565884182e-5
661.0,0.2298751357790127,0.23625826156321653,0.00638312578420383,0.0022221906579363918,0.002293100587655986,7.090992971959436e-5
662.0,0.22992166063287675,0.23633695629735096,0.006415295664474213,0.002223308677362945,0.0022969362029467023,7.362752558375723e-5
663.0,0.23001582836003143,0.2364131486024008,0.0063973202423693865,0.002226993059564086,0.00230060077871198,7.360771914789429e-5
664.0,0.2301719191176977,0.23648701438773248,0.006315095270034793,0.0022306774417652268,0.002304100584497953,7.342314273272622e-5
665.0,0.23027874079199837,0.23655871791747124,0.006279977125472874,0.0022337011761234043,0.002307441778531118,7.374060240771365e-5
666.0,0.2303614742295633,0.23662841495665765,0.006266940727094356,0.0022342855953691025,0.0023106303834135398,7.634478804443732e-5
667.0,0.2304798572411158,0.23669625282531936,0.00621639558420356,0.002234336414433946,0.0023136722856160175,7.933587118207162e-5
668.0,0.23061958425990253,0.2367623703984711,0.006142786138568557,0.0022390879969967966,0.0023165732354780886,7.748523848129197e-5
669.0,0.2306959144952972,0.23682689952730357,0.006130985032006375,0.0022401551973585065,0.002319338839616609,7.918364225810264e-5
670.0,0.23079612969116822,0.23688996672053245,0.006093837029364224,0.0022427469696655157,0.002321974547217246,7.922757755173026e-5
671.0,0.23088633353126511,0.23695169296029575,0.006065359429030637,0.0022459485707506453,0.00232448565972179,7.853708897114474e-5
672.0,0.23093613621481157,0.23701219552390929,0.006076059309097714,0.0022485657525900763,0.0023268773271808447,7.831157459076837e-5
673.0,0.230962435080868,0.23707158799782968,0.00610915291696168,0.0022490485337060876,0.002329154548199775,8.010601449368743e-5
674.0,0.2310484209385829,0.2371299802776544,0.0060815593390714795,0.0022490485337060876,0.0023313221699387075,8.227363623261987e-5
675.0,0.23111984713422018,0.23718747899213038,0.006067631857910205,0.0022517419441427837,0.0023333848897070363,8.164294556425259e-5
676.0,0.23116675313107057,0.23724418911424178,0.006077435983171203,0.002252173906193952,0.0023353472594387216,8.317335324476956e-5
677.0,0.23126292821128655,0.23730021315774583,0.006037284946459276,0.00225443535457948,0.0023372136844581758,8.27783298786959e-5
678.0,0.23137810962175395,0.23735565277953255,0.005977543157778598,0.0022561886123165747,0.0023389884329702857,8.279982065371094e-5
679.0,0.2314326892973957,0.2374106089354002,0.0059779196380045085,0.002257738593794296,0.0023406756367824514,8.293704298815551e-5
680.0,0.23143477287905426,0.2374651818800554,0.00603040900100113,0.002257738593794296,0.0023422792913045886,8.454069751029272e-5
681.0,0.23143650072725894,0.23751947116711297,0.006082970439854035,0.0022577640033267176,0.0023438032555491263,8.603925222240875e-5
682.0,0.23161472318766446,0.23757357646979607,0.00595885328213161,0.002258780384623584,0.0023452512608800385,8.64708762564545e-5
683.0,0.23167972077159907,0.23762759807175862,0.005947877300159554,0.0022612959283333286,0.0023466269186956977,8.533099036236915e-5
684.0,0.23171361708784957,0.23768163659611452,0.005968019508264949,0.0022628713193434714,0.0023479337161919586,8.506239684848713e-5
685.0,0.23191135406915495,0.23773579429281252,0.005824440223657579,0.002263506557654013,0.002349175028229416,8.566847057540298e-5
686.0,0.23204112055123235,0.2377901750491958,0.005749054497963452,0.0022663270157528173,0.002350354117437804,8.402710168498679e-5
687.0,0.2320436360949421,0.23784488439000195,0.0058012482950598465,0.0022663270157528173,0.0023514741342159948,8.514711846317746e-5
688.0,0.2320464565530409,0.23790002947736302,0.00585357292432212,0.0022663270157528173,0.0023525381167319994,8.621110097918215e-5
689.0,0.2321210589402309,0.23795571944364458,0.005834660503413663,0.0022674450351793706,0.0023535489952956684,8.61039601162978e-5
690.0,0.23234977014155828,0.23801206658501994,0.005662296443461667,0.002268080273489912,0.002354509608381587,8.6429334891675e-5
691.0,0.2323793468372971,0.23806918542434335,0.0056898385870462476,0.0022710023697184033,0.002355422689010498,8.442031929209491e-5
692.0,0.23256458232865101,0.2381271937875455,0.005562611458894473,0.002271154826912933,0.002356290877479848,8.513605056691478e-5
693.0,0.232631892180036,0.23818621291800152,0.0055543207379655235,0.0022739498754793157,0.0023571167228182807,8.316684733896502e-5
694.0,0.23263544951457502,0.23824636747653108,0.005610917961956063,0.0022740515136090026,0.002357902682785642,8.385116917663952e-5
695.0,0.23263872734425742,0.23830778554139823,0.005669058197140808,0.0022740769231414243,0.0023586511238729777,8.457420073155336e-5
696.0,0.2329212813447863,0.23837059860831147,0.005449317263525183,0.002274762980516809,0.002359364321302532,8.460134078572311e-5
697.0,0.23300200742928992,0.2384349414373678,0.005432934008077872,0.002277303933758975,0.0023600444677011985,8.274053394222332e-5
698.0,0.23303961353727395,0.2385009534488381,0.005461339911564139,0.00227814244832889,0.002360693675423351,8.255122709446101e-5
699.0,0.23335682614002598,0.2385687777646937,0.005211951624667727,0.002278498181782793,0.0023613139716567332,8.28157898739401e-5
700.0,0.23348674507929795,0.2386385600021171,0.005151814922819159,0.0022826145260351023,0.002361907308609301,7.929278257419892e-5
701.0,0.2334927925480143,0.23871044827143367,0.005217655723419368,0.0022826145260351023,0.0023624755635401626,7.986103750506034e-5
702.0,0.23349894165486035,0.23878459317611161,0.005285651521251267,0.0022826145260351023,0.0023630205387595747,8.04060127244724e-5
703.0,0.2339354774218645,0.23886114781276202,0.00492567039089753,0.002283097307151114,0.0023635439616289454,8.044665447783138e-5
704.0,0.23406003494979546,0.23894026754432635,0.004880232594530881,0.002285714488990545,0.002364047485046258,7.833299605571314e-5
705.0,0.2341127597295704,0.23902210532090656,0.004909345591336156,0.0022865021844956164,0.002364532699917898,7.803051542228144e-5
706.0,0.23446668910667173,0.23910681833187097,0.004640129225199241,0.0022867054607549897,0.0023650011244221608,7.829566366717106e-5
707.0,0.2346109136126971,0.2391945609665141,0.004583647353817,0.0022905931192155043,0.0023654542131826854,7.486109396718111e-5
708.0,0.23461848565335874,0.23928548146730522,0.004666995813946473,0.0022905931192155043,0.0023658933634113605,7.530024419585618e-5
709.0,0.23462641342747428,0.23937972192988846,0.0047533085024141775,0.0022905931192155043,0.002366319914908325,7.572679569282058e-5
710.0,0.23515322926317261,0.23947741830308258,0.00432418903990997,0.0022908726240721423,0.0023667351500619668,7.58625259898245e-5
711.0,0.23531272489818336,0.23957870038888116,0.004265975490697793,0.0022935660345088384,0.002367140293848926,7.357425934008746e-5
712.0,0.23539146903915809,0.2396836915863934,0.004292222547235325,0.00229389635843032,0.002367536514227779,7.364015579745895e-5
713.0,0.2357344977268505,0.23979249876612282,0.004058001039272313,0.0022967676355939676,0.0023679249365730786,7.115730097911107e-5
714.0,0.2360155525649665,0.23990521841858267,0.0038896658536161643,0.002297428283436931,0.002368306631273586,7.087834783665523e-5
715.0,0.23602462376804106,0.24002193283392753,0.003997309065886467,0.002297428283436931,0.0023686826209483314,7.125433751140053e-5
716.0,0.23603366956158317,0.24014270536822033,0.004109035806637157,0.002297428283436931,0.0023690538881222336,7.162560468530277e-5
717.0,0.23669604525275104,0.24026758044343208,0.003571535190681041,0.002297580740631461,0.0023694213752261,7.184063459463865e-5
718.0,0.23690458128533562,0.24039658354744206,0.0034920022621064417,0.0023001725129384704,0.0023697859845966244,6.961347165815399e-5
719.0,0.23700210307076994,0.24052972123403785,0.0035276181632679093,0.00230047742732753,0.002370148578476392,6.967115114886197e-5
720.0,0.23735039153167364,0.2406669811229151,0.0033165895912414534,0.0023010618465732287,0.002370509979013875,6.944813244064629e-5
721.0,0.2375829395723967,0.24080833209944116,0.0032253925270444572,0.0023045175429825746,0.002370870968542665,6.635342556009054e-5
722.0,0.2375949074621673,0.2409537258851651,0.003358818422997789,0.0023045175429825746,0.002371232298218474,6.671475523589926e-5
723.0,0.23760839992388322,0.24110308420850013,0.0034946842846169113,0.0023045175429825746,0.002371594680147963,6.707713716538844e-5
724.0,0.2386350212623156,0.24125631163340022,0.0026212903710846336,0.002304949505033743,0.0023719587900369677,6.700928500322483e-5
725.0,0.23892575713228423,0.24141330033892808,0.0024875432066438496,0.0023070584962247404,0.0023723252710650304,6.526677484029004e-5
726.0,0.23906373089333385,0.24157393011925507,0.002510199225921217,0.0023075158678083304,0.0023726947338854067,6.517886607707631e-5
727.0,0.23979346725495154,0.24173806838366121,0.001944601128709672,0.002307871601262234,0.0023730677566250603,6.519615536282634e-5
728.0,0.2400944177569537,0.24190557015653527,0.0018111523995815726,0.002311073202347363,0.0023734448848846657,6.237168253730259e-5
729.0,0.2401080118567993,0.24207627807737464,0.001968266220575332,0.002311073202347363,0.002373826631738608,6.275342939124481e-5
730.0,0.2401080118567993,0.2422500224007854,0.002142010543986078,0.002311073202347363,0.002374213477734981,6.314027538761782e-5
731.0,0.24127161598451685,0.24242662855210892,0.0011550125675920675,0.0023114035262688445,0.002374605872044637,6.32023457757926e-5
732.0,0.24163387968825248,0.24260593010383458,0.0009720504155820986,0.0023138682509137457,0.002375004229641745,6.113597872799918e-5
733.0,0.24177071002034312,0.2427877491493377,0.0010170391289945901,0.0023144526701594443,0.0023754089299393385,6.095625977989424e-5
734.0,0.2425551022861998,0.24297191472398733,0.0004168124377875171,0.0023150370894051424,0.0023758203252615033,6.0783235856360935e-5
735.0,0.24293743952054855,0.24315826388001324,0.0002208243594646886,0.0023175780426473083,0.00237623874115124,5.8660698503931654e-5
736.0,0.24295278687813124,0.24334664168650602,0.0003938548083747828,0.0023175780426473083,0.0023766644763704653,5.9086433723157077e-5
737.0,0.24296561869200417,0.24353690122941699,0.000571282537412815,0.0023176288617121517,0.00237709780290001,5.946894118785814e-5
738.0,0.2441048042590645,0.24372890361155827,-0.00037590064750622765,0.002317933776101212,0.00237753896593962,5.960518983840835e-5
739.0,0.2444563451401182,0.2439225179526028,-0.0005338271875153788,0.0023197378529031497,0.0023779881839079585,5.8250331004808774e-5
740.0,0.2446022720848158,0.24411762353088207,-0.0004846485539337364,0.002319864900565258,0.0023784456524788638,5.858075191360595e-5
741.0,0.2452154295116829,0.24431412005203476,-0.0009013094596481419,0.0023208558723297025,0.0023789115511105474,5.80556787808449e-5
742.0,0.2455736785092959,0.24451191981115863,-0.0010617586981372662,0.0023227615872613273,0.0023793860300882217,5.662444282689442e-5
743.0,0.24558920373360554,0.24471094795168088,-0.0008782557819246584,0.0023227615872613273,0.00237986922799036,5.710764072903258e-5
744.0,0.2456048560055773,0.24491114281950105,-0.0006937131860762502,0.0023227615872613273,0.002380361273003483,5.759968574215596e-5
745.0,0.24699071731338712,0.245112455962991,-0.001878261350396121,0.002323142730247652,0.0023808622829221615,5.771955267450937e-5
746.0,0.24742428016509793,0.2453148521329951,-0.0021094280321028447,0.002324667302192952,0.002381372365149014,5.6705062956062015e-5
747.0,0.24760862632281708,0.24551830928283,-0.0020903170399870774,0.0023251500833089637,0.0023818916166947063,5.67415333857426e-5
748.0,0.2484238911705661,0.24572281856828476,-0.0027010726022813347,0.002325505816762867,0.0023824201241779545,5.6914307415087666e-5
749.0,0.24886070644242686,0.24592838306456707,-0.0029323233778597857,0.0023277672651483947,0.0023829579658034344,5.519070065503973e-5
750.0,0.24887511364730994,0.2461350105299486,-0.0027401031173613366,0.0023277672651483947,0.0023835052284490884,5.57379633006937e-5
751.0,0.24889000363330904,0.2463427271422643,-0.0025472764910447476,0.0023277672651483947,0.0023840619916449,5.629472649650545e-5
752.0,0.2501109316661699,0.24655156542015227,-0.0035593662460176034,0.0023281738176671412,0.002384628336879582,5.645451921244089e-5
753.0,0.25050355976114935,0.2467615613978583,-0.0037419983632910603,0.002330206580260874,0.0023852043509989284,5.4997770738054313e-5
754.0,0.2506709831702757,0.24697275462523574,-0.0036982285450399555,0.0023309180471686804,0.0023857901262058175,5.487207903713716e-5
755.0,0.2511418472155815,0.24718518816774562,-0.003956659047835903,0.002331197552025319,0.00238638576006021,5.518820803489125e-5
756.0,0.25150555926266516,0.24739890860645664,-0.004106650656208521,0.0023334844099432684,0.00238699135547915,5.35069455358814e-5
757.0,0.25151897549578384,0.2476139660380451,-0.003905009457738723,0.0023334844099432684,0.0023876070207367634,5.412261079349497e-5
758.0,0.2515317819001243,0.24783041407479506,-0.0037013678253292603,0.0023334844099432684,0.0023882328694642607,5.47484595209923e-5
759.0,0.25291517848328926,0.24804830946990986,-0.004866869013379405,0.002333763914799907,0.0023888690206855497,5.510510588564287e-5
760.0,0.2531874924422522,0.24826769905198515,-0.0049197933902670465,0.0023352630772127845,0.002389515603924796,5.425252671201154e-5
761.0,0.253352654402993,0.24848863037809746,-0.004864024024895525,0.002335669629731531,0.0023901727643135945,5.450313458206339e-5
762.0,0.25419365910708513,0.24871114897318408,-0.005482510133901053,0.002336355687106916,0.002390840653403916,5.4484966296999924e-5
763.0,0.25473007974603884,0.24893529262225192,-0.005794787123786921,0.0023383376306358055,0.0023915194279414452,5.3181797305639714e-5
764.0,0.25474651971351564,0.24916109137037742,-0.005585428343138216,0.0023383376306358055,0.0023922092498655755,5.387161922976993e-5
765.0,0.2547615875662417,0.2493885675227066,-0.005373020043535071,0.0023383376306358055,0.0023929102863094118,5.457265567360625e-5
766.0,0.2560136930953839,0.249617735644455,-0.006395957450928913,0.0023387950022193955,0.002393622709599769,5.4827707380373375e-5
767.0,0.2564661606392164,0.24984860256090777,-0.006617558078308633,0.002340726126683442,0.002394346697257174,5.362057057373224e-5
768.0,0.25665764687554604,0.2500811673574196,-0.006576479518126455,0.0023414375935912482,0.0023950824319958638,5.3644838404615525e-5
769.0,0.25759350536416825,0.2503154194002317,-0.007278085963936531,0.002341818736577573,0.002395830097305025,5.401136072745189e-5
770.0,0.25807077261164435,0.2505513318403483,-0.007519440771296071,0.002345299842519341,0.002396589872325604,5.129002980626277e-5
771.0,0.25808980435142814,0.25078886856775323,-0.007300935783674911,0.002345376071116606,0.0023973619459255486,5.1985874808942786e-5
772.0,0.25810609186171046,0.2510279808701664,-0.00707811099154404,0.002345376071116606,0.0023981464972105,5.277042609389427e-5
773.0,0.2594145557337639,0.2512686070293666,-0.008145948704397277,0.002345833442700196,0.0023989436941916865,5.31102514914907e-5
774.0,0.25987337566070184,0.2515106723211915,-0.008362703339510336,0.0023476629290345554,0.0023997536937859264,5.209076475137103e-5
775.0,0.2600314229523646,0.25175408901553764,-0.008277333936826947,0.002348450624539627,0.0024005766418156264,5.2126017275999637e-5
776.0,0.2607501823959761,0.25199875637636054,-0.008751426019615538,0.0023489588151880602,0.0024014126730087827,5.245385782072249e-5
777.0,0.2610542328609337,0.25224456066167456,-0.008809672199259155,0.002351499768430226,0.002402261910998981,5.076214256875475e-5
778.0,0.2610733662388472,0.2524913757237076,-0.008581990515139581,0.002351525177962648,0.0024031244644689576,5.1599286506309825e-5
779.0,0.2610930332169416,0.2527390637074633,-0.00835396950947831,0.002351525177962648,0.0024040004079562585,5.2475229993610706e-5
780.0,0.2628156724674681,0.25298747069214017,-0.00982820177532795,0.0023529227022458395,0.0024048898048037357,5.196710255789619e-5
781.0,0.26336660194943456,0.2532364333656385,-0.010130168583796062,0.002354777598112621,0.002405792687697565,5.101508958494424e-5
782.0,0.2635677946271493,0.25348577985183435,-0.010082014775314951,0.0023554382459555837,0.0024067090550313405,5.1270809075756874e-5
783.0,0.2645874029346333,0.2537353297105798,-0.01085207322405346,0.002355971846136439,0.002407638870906077,5.1667024769638196e-5
784.0,0.2649596525846106,0.25398489393770285,-0.010974758646907778,0.0023585127993786047,0.0024085820651302075,5.006926575160282e-5
785.0,0.26521682246225026,0.2542342749650072,-0.010982547497243034,0.0023585127993786047,0.0024095385332195845,5.102573384097985e-5
786.0,0.26523580338296926,0.25448326666027277,-0.010752536722696493,0.0023585127993786047,0.00241050813639748,5.199533701887547e-5
787.0,0.26665040287194797,0.25473165734267855,-0.011918745529269414,0.002359249675818833,0.0024114906974893025,5.224102167046942e-5
788.0,0.2671331077593623,0.25497923623076824,-0.01215387152859404,0.0023610029335559275,0.0024124859856760614,5.14830521201339e-5
789.0,0.2673341733894149,0.2552257830846828,-0.012108390304732097,0.002362120952982481,0.002413493731115778,5.1372778133296996e-5
790.0,0.2682541255107411,0.25547107972787886,-0.012783045782862268,0.0023628832389551305,0.0024145136177475823,5.1630378792451824e-5
791.0,0.26881323686214736,0.25571491102647376,-0.013098325835673608,0.0023662627067672116,0.0024155452822973806,4.928257553016898e-5
792.0,0.26883107435390735,0.25595706488924536,-0.012874009464661995,0.0023662627067672116,0.002416588314277851,5.0325607510639386e-5
793.0,0.26884667580681426,0.2561973322676323,-0.012649343539181956,0.0023662627067672116,0.002417642255988447,5.1379549221235166e-5
794.0,0.2700865593508617,0.2564355071557336,-0.013651052195128077,0.0023671520404019695,0.0024187066025153966,5.155456211342708e-5
795.0,0.27055328164238274,0.2566713865903092,-0.013881895052073545,0.002369083164866016,0.0024197808017317013,5.0697636865685344e-5
796.0,0.2707713716591579,0.2569047737304806,-0.013866597928677282,0.002370023317565617,0.0024208642576860266,5.0840940120409385e-5
797.0,0.27160965754328087,0.2571354856150206,-0.014474171928260282,0.0023704552796167855,0.0024219563301368743,5.1501050520088784e-5
798.0,0.27210072216686193,0.2573633435868401,-0.014737378580021832,0.0023734790139749635,0.0024230563264178266,4.9577312442863116e-5
799.0,0.27211612034350946,0.2575881803857587,-0.014527939957750757,0.0023734790139749635,0.0024241635208100223,5.068450683505879e-5
800.0,0.27213101032950854,0.2578098407448723,-0.01432116958463625,0.0023734790139749635,0.0024252771555689813,5.1798141594017796e-5
801.0,0.2732663590571732,0.258028181390553,-0.015238177666620223,0.002374469985739408,0.002426396440924603,5.1926455185194974e-5
802.0,0.2736973555461094,0.2582430710424491,-0.01545428450366032,0.0023764773388007194,0.0024275205550811666,5.104321628044729e-5
803.0,0.2738907474973707,0.2584543904134852,-0.015436357083885466,0.0023774937200975858,0.002428648644217331,5.1154924119745006e-5
804.0,0.27457060494684465,0.2586620322098621,-0.01590857273698254,0.0023783322346675006,0.002429779822486135,5.144758781863452e-5
805.0,0.27494857174161685,0.25886590112409985,-0.016082670617517003,0.002381584654817473,0.002430913172396145,4.932851757867172e-5
806.0,0.27496191174613827,0.2590659144801997,-0.015895997265938544,0.002381610064349895,0.002432047780859144,5.043771650924903e-5
807.0,0.27497385422637644,0.25926200535534677,-0.015711848871029666,0.002381610064349895,0.0024331827187843214,5.157265443442652e-5
808.0,0.2758926375092113,0.2594541190981192,-0.016438518411092062,0.0023823723503225446,0.0024343170428480546,5.1944692525509976e-5
809.0,0.2760007550696654,0.25964221212524186,-0.01635854294442357,0.0023843288843190128,0.00243544981635644,5.1120932037427257e-5
810.0,0.2763342551826998,0.2598262519215857,-0.016508003261114068,0.0023851928084213493,0.002436580109245293,5.138730082394384e-5
811.0,0.2768960853540751,0.2600062170401683,-0.01688986831390682,0.0023857772276670475,0.0024377069980801498,5.1929770413102275e-5
812.0,0.2772388599464433,0.2601820971021534,-0.01705676284428992,0.0023892837431412368,0.002438829566056264,4.954582291502715e-5
813.0,0.27724922703567134,0.26035389279685134,-0.016895334238820003,0.0023892837431412368,0.002439946902998609,5.06631598573724e-5
814.0,0.2772603055918072,0.26052161588171874,-0.01673868971008846,0.0023892837431412368,0.002441058105361878,5.177436222064116e-5
815.0,0.27806815085608905,0.2606852880149213,-0.017382862841167745,0.002389995210049043,0.0024421622844162222,5.216707436717918e-5
816.0,0.278360894079119,0.2608449359050115,-0.017515958174107504,0.002392332887031836,0.0024432586104977633,5.09257234659272e-5
817.0,0.27850143420294327,0.2610005973654781,-0.017500836837465172,0.002393247630199016,0.0024443462687550213,5.109863855600524e-5
818.0,0.278996462713582,0.26115231627107743,-0.017844146442504594,0.002393832049444714,0.0024454244757644355,5.159242631972132e-5
819.0,0.2792057864416717,0.2613001417635918,-0.017905644678079924,0.00239744020304859,0.0024464924840191683,4.905228097057835e-5
820.0,0.27921650926435365,0.26144412825182967,-0.017772381012523986,0.0023974656125810116,0.002447549581929104,5.008396934809249e-5
821.0,0.27922685094404925,0.2615843354116254,-0.017642515532423853,0.0023974656125810116,0.002448595093820849,5.1129481239837495e-5
822.0,0.28003845681912953,0.2617208281858396,-0.01831762863328995,0.0023983803557481916,0.002449628379937732,5.1248024189540393e-5
823.0,0.28029923485037306,0.26185367678435867,-0.01844555806601439,0.0024011499947821525,0.0024506488364398034,4.949884165765094e-5
824.0,0.2804176940905228,0.26198295439630875,-0.018434739694214053,0.0024020393284169108,0.002451655901259619,4.961657284270832e-5
825.0,0.2808631231938746,0.2621087355117273,-0.018754387682147267,0.002402522109532922,0.002452649066178908,5.0126956645986116e-5
826.0,0.2811392994017656,0.26223109889219604,-0.01890820050956954,0.0024067909109797615,0.002453627862369451,4.683695138968944e-5
827.0,0.28114852306203464,0.2623501242513547,-0.01879839881067996,0.0024067909109797615,0.0024545918611036522,4.7800950123890774e-5
828.0,0.2811576196746416,0.26246589220257,-0.018691727472071595,0.002406816320512183,0.0024555406738346166,4.8724353322433366e-5
829.0,0.2817572846397928,0.26257848425893565,-0.019178800380857175,0.0024075277874199895,0.0024564739521961486,4.8946164776159096e-5
830.0,0.28197001324522697,0.26268798283327227,-0.019282030411954698,0.0024081376161981093,0.0024573913880027547,4.925377180464534e-5
831.0,0.2820685514119582,0.2627944712381274,-0.01927408017383081,0.0024086712163789645,0.00245829271324964,4.962149687067537e-5
832.0,0.2824683449950806,0.2628980336857755,-0.01957031130930509,0.002409204816559819,0.002459177700112712,4.9972883552892866e-5
833.0,0.28270600035182036,0.26299875418260527,-0.019707246169215098,0.0024109072552320706,0.0024600461568497255,4.913890161765489e-5
834.0,0.28271278469697697,0.2630967154749281,-0.019616069222048893,0.0024109072552320706,0.0024608979285855506,4.9990673353479936e-5
835.0,0.28271865429896637,0.26319200076673444,-0.01952665353223193,0.0024109072552320706,0.0024617328987485113,5.082564351644066e-5
836.0,0.28316962268038604,0.2632846924196415,-0.01988493026074456,0.002411466264945347,0.002462550979221332,5.1084714275985e-5
837.0,0.283328406848489,0.2633748719304886,-0.019953534918000393,0.0024133973894093935,0.0024633521102249986,4.995472081560518e-5
838.0,0.283386137306151,0.2634626199313375,-0.01992351737481346,0.002413854760992983,0.002464136260318759,5.028149932577615e-5
839.0,0.2836687421257447,0.26354801618947216,-0.020120725936272565,0.0024167260381566308,0.0024649034264001223,4.817738824349155e-5
840.0,0.283782653059591,0.26363113960739887,-0.020151513452192127,0.002419571905787857,0.0024656536337048585,4.6081727917001315e-5
841.0,0.28383558111562535,0.26371206822284593,-0.020123512892779416,0.002419571905787857,0.002466386935807001,4.681503001914382e-5
842.0,0.28384002778379913,0.26379087919931465,-0.020049148584484477,0.002419571905787857,0.002467103413428126,4.753150764026876e-5
843.0,0.2839669229887129,0.2638676484980831,-0.020099274490629815,0.0024204866489550367,0.0024678031579649816,4.731650900994481e-5
844.0,0.28436356578981503,0.2639424507725778,-0.020421115017237257,0.0024208932014737833,0.002468486287950298,4.7593086476514605e-5
845.0,0.28441629056959,0.2640153596660288,-0.02040093090356121,0.0024219349923030715,0.0024691529403946784,4.7217948091606964e-5
846.0,0.2846022375278517,0.2640864478220494,-0.020515789705802312,0.002425034955258514,0.0024698032657332904,4.476831047477625e-5
847.0,0.28467536616216127,0.26415578688463587,-0.0205195792775254,0.0024253652791799956,0.0024704374278258635,4.507214864586792e-5
848.0,0.2846794062778163,0.26422344749816773,-0.020455958779648564,0.0024253652791799956,0.002471055603956691,4.569032477669526e-5
849.0,0.2846840054031846,0.2642894993074073,-0.02039450609577731,0.0024253652791799956,0.0024716579848346287,4.629270565463311e-5
850.0,0.28478178128394316,0.2643540109575003,-0.020427770326442884,0.0024263054318795973,0.0024722447745930964,4.593934271349912e-5
851.0,0.2852018516739381,0.26441705009397526,-0.02078480157996282,0.0024266611653335005,0.0024728161907900765,4.6155025456576064e-5
852.0,0.28524461591700373,0.26447868336274405,-0.02076593255425968,0.002427448860838572,0.002473372464408114,4.592360356954223e-5
853.0,0.2854576240272945,0.2645389764101014,-0.020918647617193142,0.002431285700234243,0.0024739138398543184,4.2628139620075334e-5
854.0,0.2855279576130377,0.26459799388272515,-0.02092996373031253,0.0024316160241557245,0.0024744405749603606,4.2824550804636177e-5
855.0,0.28553215018588723,0.26465579946677326,-0.02087635071911398,0.0024316160241557245,0.0024749529393830348,4.333691522731033e-5
856.0,0.28553611407294505,0.2647124565118082,-0.020823657561136855,0.0024316160241557245,0.0024754511863545052,4.383516219878076e-5
857.0,0.2856256826747314,0.2647680273515204,-0.02085765532321099,0.0024324545387256393,0.002475935580432207,4.3481041706567615e-5
858.0,0.28604862434188993,0.2648225735238949,-0.021226050817995057,0.0024327340435822777,0.0024764063978073444,4.367235422506662e-5
859.0,0.28608897467937555,0.2648761559705762,-0.021212818708799375,0.0024333946914252406,0.0024768639192436982,4.346922781845765e-5
860.0,0.28628399284071177,0.26492883503686826,-0.021355157803843505,0.0024373077594181764,0.002477308430077628,4.000067065945169e-5
861.0,0.2863587985041611,0.2649806704717346,-0.021378128032426502,0.0024373077594181764,0.0024777402202180703,4.043246079989387e-5
862.0,0.2863623812482326,0.2650317214277981,-0.021330659820434528,0.0024373077594181764,0.00247815958414654,4.085182472836346e-5
863.0,0.2863661164494986,0.26508204646134115,-0.02128406998815746,0.0024373077594181764,0.002478566820917129,4.125906149895272e-5
864.0,0.2864361705303851,0.2651317036398087,-0.021304466890576412,0.0024373077594181764,0.002478962233399325,4.165447398114851e-5
865.0,0.2868117488291097,0.2651807511343824,-0.021630997694727316,0.002438527416974416,0.002479346122298497,4.0818705324081016e-5
866.0,0.2868430025539883,0.2652292461223945,-0.0216137564315938,0.002439213474349801,0.0024797187928361844,4.050531848638324e-5
867.0,0.28693335885127974,0.2652772456828009,-0.02165611316847882,0.002440179036581824,0.002480080551661318,3.9901515079493986e-5
868.0,0.28711305506456575,0.2653248070049996,-0.02178824805956614,0.002442313437305244,0.002480431705678627,3.811826837338316e-5
869.0,0.2871162566656509,0.2653719873888305,-0.021744269276820383,0.002442313437305244,0.002480772562048637,3.8459124743392935e-5
870.0,0.28711950908580086,0.2654188442445756,-0.021700664841225237,0.002442313437305244,0.002481103428187671,3.8789990882427336e-5
871.0,0.2871254040973227,0.26546543509295895,-0.021659969004363733,0.002442313437305244,0.0024814246117678507,3.911117446260678e-5
872.0,0.2874896751541196,0.26551181756514664,-0.02197785758897297,0.0024431519518751587,0.0024817364207170944,3.858446884193569e-5
873.0,0.28751610106783815,0.2655580494027468,-0.02195805166509135,0.0024438888283153867,0.0024820391632191176,3.8150334903730865e-5
874.0,0.2876734877116579,0.2656041884578095,-0.02206929925384843,0.0024475986200489493,0.0024823331477134337,3.4734527664484396e-5
875.0,0.2877189199556278,0.26565029344151175,-0.022068626514116063,0.0024479035344380094,0.0024826186797730163,3.471514533500688e-5
876.0,0.28772201991858326,0.26569642385529585,-0.02202559606328741,0.0024479035344380094,0.002482896061904796,3.499252746678658e-5
877.0,0.28772552643405747,0.2657426393861293,-0.021982887047928168,0.0024479035344380094,0.002483165597156205,3.5262062718195535e-5
878.0,0.2877721275165188,0.26578900076729417,-0.021983126749224646,0.002448437134618864,0.002483427586138261,3.499045151939689e-5
879.0,0.28804835454347466,0.2658355697802969,-0.022212784763177784,0.002448437134618864,0.002483682327018171,3.524519239930671e-5
880.0,0.28811286934629327,0.2658824092548679,-0.022230460091425375,0.0024494026968508876,0.00248393011551933,3.452741866844227e-5
881.0,0.2882373252360946,0.2659295830689619,-0.02230774216713266,0.002454001822219208,0.002484171244921322,3.0169422702113792e-5
882.0,0.28827955587897935,0.26597715614875767,-0.02230239973022169,0.002454382965205533,0.002484406006059921,3.002304085438813e-5
883.0,0.28828260502286995,0.26602519446865824,-0.02225741055421171,0.002454382965205533,0.002484634687327089,3.025172212155593e-5
884.0,0.2882861877669414,0.26607376505282565,-0.022212422714115776,0.002454382965205533,0.0024848575746199966,3.0474609414463723e-5
885.0,0.288400174929385,0.26612293632636397,-0.022277238603021055,0.002455043613048496,0.002485074950082059,3.003133703356276e-5
886.0,0.2886893354083435,0.2661727785884043,-0.022516556819939193,0.002455272298840291,0.002485287093263645,3.0014794423354006e-5
887.0,0.28872783084996234,0.26622336339659014,-0.0225044674533722,0.002455805899021146,0.002485494280939543,2.9688381918397018e-5
888.0,0.28885792765596124,0.26627476346969847,-0.022583164186262772,0.002459337824027757,0.002485696786663151,2.6358962635394338e-5
889.0,0.28890564675784913,0.2663270526876396,-0.022578594070209512,0.002459490281222287,0.0024858948807664786,2.6404599544191474e-5
890.0,0.2889090516351936,0.2663803060914575,-0.022528745543736073,0.0024595156907547084,0.002486088830360146,2.6573139605437675e-5
891.0,0.28891370157962676,0.2664345998833294,-0.022479101696297354,0.0024595156907547084,0.002486278899333383,2.676320857867469e-5
892.0,0.28898614415656093,0.26649001142656603,-0.0224961327299949,0.0024595156907547084,0.0024864653483540325,2.6949657599324023e-5
893.0,0.28928983888806464,0.26654661924561157,-0.022743219642453072,0.0024596173288843953,0.0024866484348685454,2.703110598415012e-5
894.0,0.2893329588645842,0.2666045030260436,-0.022728455838540607,0.0024598460146761903,0.0024868284131019853,2.6982398425795008e-5
895.0,0.2894682646247295,0.26666374157751216,-0.022804523047217362,0.0024622091011914046,0.002487005534368771,2.479643317736648e-5
896.0,0.2895271131018181,0.26672441385421847,-0.022802699247599645,0.002462386967918356,0.0024871800476832253,2.479307976486914e-5
897.0,0.28953267778941844,0.2667866032798402,-0.022746074509578218,0.002462386967918356,0.002487352198953894,2.496523103553798e-5
898.0,0.2895381408388891,0.26685039108852515,-0.022687749750363972,0.002462412377450778,0.002487522231309866,2.510985385908819e-5
899.0,0.2896266676498462,0.2669158561272537,-0.022710811522592467,0.002462412377450778,0.0024876903851189297,2.527800766815181e-5
900.0,0.28998456091400526,0.2669830748558393,-0.023001486058165987,0.002462615653710151,0.002487856897987572,2.524124427742084e-5
901.0,0.29006325423591517,0.26705212134692785,-0.023011132888987318,0.002463174663423428,0.0024880220047609784,2.484734133755039e-5
902.0,0.29017675861724274,0.26712306728599844,-0.023053691331244297,0.0024650041497577876,0.002488185937523035,2.3181787765247288e-5
903.0,0.29020026243473274,0.2671959819713628,-0.02300428046336994,0.0024650041497577876,0.002488348925596325,2.3344775838537307e-5
904.0,0.2902062336748518,0.26727093231416543,-0.02293530136068639,0.0024650041497577876,0.002488511195542132,2.35070457843445e-5
905.0,0.29021327211533265,0.2673479828383838,-0.022865289276948864,0.0024650041497577876,0.002488672971160438,2.366882140265045e-5
906.0,0.29038336352536326,0.2674271937169682,-0.022956169808395044,0.0024658680738601237,0.002488834473138002,2.2966399277878254e-5
907.0,0.29088916567774886,0.2675086088992518,-0.02338055677849704,0.0024660967596519187,0.002488995918358615,2.2899158706696492e-5
908.0,0.2909812498232449,0.2675922768245675,-0.023388972998677426,0.0024665033121706653,0.0024891575244442143,2.265421227354899e-5
909.0,0.29117067788744844,0.2676782360178621,-0.023492441869586322,0.0024695016369964216,0.00248931950457037,1.9817867573948544e-5
910.0,0.2912487867901126,0.2677665113271982,-0.023482275462914426,0.002469679503723373,0.002489482066547846,1.980256282447298e-5
911.0,0.2912574514406684,0.2678571139237538,-0.023400337516914615,0.002469679503723373,0.0024896454128225994,1.996590909922628e-5
912.0,0.2912656587196406,0.2679500413018224,-0.023315617417818235,0.002469679503723373,0.002489809740475778,2.013023675240472e-5
913.0,0.29140637671019176,0.26804527727881283,-0.02336109943137893,0.0024701876943718066,0.0024899752412237235,1.978754685191689e-5
914.0,0.29196106680295664,0.2681427919952498,-0.02381827480770682,0.002470365561098758,0.0024901421014179703,1.977654031921211e-5
915.0,0.29205891891231245,0.26824254191477326,-0.02381637699753919,0.002471331123330781,0.002490310502045245,1.8979378714464e-5
916.0,0.2921989508454882,0.26834446981184473,-0.02385448103364346,0.0024728811048085023,0.0024904806187172066,1.7599513908704307e-5
917.0,0.2923568456799564,0.2684484942006383,-0.02390835147931808,0.0024734147049893574,0.002490652614799855,1.723790981049758e-5
918.0,0.2923705922369965,0.2685545069539586,-0.023816085283037913,0.002473440114521779,0.0024908266442531706,1.7386529731391442e-5
919.0,0.2923844404321663,0.26866238147775273,-0.023722058954413594,0.002473440114521779,0.002491002852228455,1.756273770667574e-5
920.0,0.2925526007177329,0.26877196793572905,-0.023780632782003874,0.0024752950103885604,0.0024911813693382005,1.588635894964009e-5
921.0,0.2931238324161043,0.2688830932493571,-0.024240739166747183,0.0024754982866479337,0.0024913623116560907,1.5864025008156986e-5
922.0,0.2932670913598976,0.26899556109786743,-0.02427153026203016,0.0024757777915045717,0.0024915457807170014,1.5767989212429716e-5
923.0,0.29351559658698145,0.2691091519182517,-0.024406444668729765,0.0024776580969037747,0.002491731863516999,1.4073766613224153e-5
924.0,0.2937738844840476,0.26922362290526275,-0.02455026157878487,0.002478013830357678,0.00249192063251334,1.3906802155662368e-5
925.0,0.29378526795457255,0.26933870801141446,-0.024446559943158086,0.002478013830357678,0.002492112145624475,1.4098315266797192e-5
926.0,0.29379703256808376,0.26945413280395863,-0.024342899764125125,0.002478013830357678,0.002492306444983298,1.4292614625620315e-5
927.0,0.2940788496921724,0.26956959549327025,-0.024509254198902153,0.0024787252972654846,0.002492503545046955,1.377824778147057e-5
928.0,0.29515341881828444,0.26968476776844835,-0.02546865104983609,0.0024789793925897013,0.00249270343913945,1.3724046549748545e-5
929.0,0.295303741612091,0.26979932837155846,-0.025504413240532542,0.002479665449965086,0.002492906105462491,1.3240655497405353e-5
930.0,0.29574053147441937,0.26991296321592784,-0.02582756825849153,0.0024830957368420104,0.0024931115071057746,1.0015770263764167e-5
931.0,0.2958802839027385,0.2700253653861453,-0.025854918516593217,0.0024835276988931787,0.0024933195920469843,9.791893153805568e-6
932.0,0.2958891010104888,0.2701362351380615,-0.02575286587242731,0.0024835276988931787,0.002493530293151793,1.000259425861438e-5
933.0,0.3007332504999516,0.2702452798987888,-0.03048797060116276,0.002503956962960194,0.002493743528173861,-1.021343478633304e-5
934.0,0.300744481513282,0.2703522142667011,-0.030392267246580895,0.002503956962960194,0.0024939591997548364,-9.997763205357724e-6
935.0,0.3009363997116628,0.27045676700897264,-0.030479632702690163,0.0025054561253730723,0.0024941771983476037,-1.1278927025468524e-5
936.0,0.3010046751252798,0.27055872293135363,-0.03044595219392615,0.002506447097137517,0.0024943974119516856,-1.2049685185831337e-5
937.0,0.30188112612710016,0.2706578912288737,-0.031223234898226482,0.0025104872127925614,0.0024946197143889998,-1.5867498403561615e-5
938.0,0.30204466187776596,0.27075411316840003,-0.03129054870936593,0.0025111986797003677,0.00249484398230151,-1.635469739885752e-5
939.0,0.302050328203496,0.27084726511736,-0.031203063086135963,0.0025111986797003677,0.0024950700971731934,-1.6128582527174303e-5
940.0,0.30205556256717486,0.270937258543741,-0.03111830402343385,0.0025111986797003677,0.002495297945330034,-1.5900734370333756e-5
941.0,0.3021958231861424,0.2710240400160904,-0.031171783170052036,0.0025133330804237874,0.0024955274179400294,-1.7805662483758034e-5
942.0,0.30277826048831175,0.27110759120351546,-0.03167066928479628,0.002513866680604642,0.0024957584110131864,-1.8108269591455683e-5
943.0,0.3028514145321537,0.27118792887568377,-0.031663485656469925,0.002514857652369087,0.002495990825401523,-1.8866826967563633e-5
944.0,0.3028834559525374,0.27126509113815894,-0.03161836481437846,0.0025166363196386034,0.0024962245717178306,-2.041174792077275e-5
945.0,0.30325171630592457,0.27133914747101645,-0.03191256883490812,0.002521082987812394,0.0024964595845673493,-2.4623403245044653e-5
946.0,0.3032546638116855,0.2714102057117667,-0.03184445809991876,0.0025212862640717672,0.0024966958133147052,-2.4590450757062e-5
947.0,0.3032577383651085,0.2714783816973652,-0.031779356667743286,0.002521311673604189,0.0024969332206823736,-2.4378452921815317e-5
948.0,0.30326215962374986,0.2715437990344934,-0.03171836058925648,0.0025213370831366107,0.0024971717827755226,-2.4165300361088035e-5
949.0,0.30356407568798405,0.2716065890995586,-0.031957486588425454,0.0025213370831366107,0.0024974114890820177,-2.3925594054593005e-5
950.0,0.3036878201108775,0.27166689103869435,-0.03202092907218318,0.0025239542649760417,0.002497652342472418,-2.630192250362368e-5
951.0,0.3038652802853104,0.27172485176776007,-0.032140428517550335,0.002530636972002939,0.0024978943591999776,-3.2742612802961254e-5
952.0,0.30391025515769676,0.27178062597234115,-0.03212962918535561,0.002530636972002939,0.0024981375689006467,-3.249940310229207e-5
953.0,0.3039134821683143,0.271834376107749,-0.0320791060605653,0.0025306623815353605,0.0024983820145930698,-3.228036694229077e-5
954.0,0.30391645508360765,0.27188626501326274,-0.03203019007034491,0.0025306623815353605,0.0024986277490239954,-3.203463251136513e-5
955.0,0.3039252213722931,0.2719364334015482,-0.03198878797074489,0.0025306623815353605,0.0024988748315647974,-3.178754997056315e-5
956.0,0.3043034930814544,0.271985026553043,-0.03231846652841136,0.0025328984203884667,0.0024991233380808023,-3.377508230766437e-5
957.0,0.30434247130418923,0.2720321833559535,-0.032310287948235705,0.0025340164398150195,0.002499373344274442,-3.464309554057762e-5
958.0,0.3044895416778458,0.2720780350109873,-0.03241150666685849,0.002538895070039979,0.002499624924685709,-3.9270145354269956e-5
959.0,0.30455431057598864,0.27212270503135294,-0.0324316055446357,0.0025393524416235684,0.002499878152692158,-3.947428893141033e-5
960.0,0.3045579695486573,0.27216630924276014,-0.032391660305897185,0.0025393524416235684,0.0025001331005089058,-3.921934111466262e-5
961.0,0.30456203507384483,0.27220895578341964,-0.03235307929042519,0.0025393524416235684,0.002500389839188631,-3.8962602434937463e-5
962.0,0.30457230052494316,0.2722507451040433,-0.03232155542089987,0.0025393524416235684,0.0025006484386215734,-3.8704003001995e-5
963.0,0.30496159997117545,0.27229177023727064,-0.03266982973390481,0.0025406483277770732,0.002500908965431471,-3.9739362345602314e-5
964.0,0.30501043709248987,0.2723321170501821,-0.03267832004230775,0.0025414360232821447,0.0025011714671923334,-4.0264556089811276e-5
965.0,0.305167366364726,0.2723718607731132,-0.03279550559161282,0.0025463146535071035,0.0025014359901035727,-4.4878663403530826e-5
966.0,0.30523035659559933,0.2724110704482619,-0.03281928614733742,0.002546746615558272,0.0025017025675229143,-4.5044048035357536e-5
967.0,0.30523401556826807,0.2724498096588607,-0.03278420590940739,0.002546746615558272,0.002501971216487594,-4.4775399070677915e-5
968.0,0.30523836059831216,0.2724881365291765,-0.03275022406913569,0.002546746615558272,0.002502241937714356,-4.450467784391588e-5
969.0,0.3053017065626394,0.27252610372451047,-0.032775602838128914,0.002547508901530922,0.0025025147155994546,-4.4994185931467295e-5
970.0,0.30547347500180977,0.2725637584511985,-0.03290971655061126,0.002547508901530922,0.0025027895182186547,-4.4719383312267266e-5
971.0,0.3054809454043418,0.2726011424566107,-0.032879802947731074,0.002547508901530922,0.0025030662973272296,-4.444260420369229e-5
972.0,0.3057704362072218,0.27263829202915163,-0.033132144178070144,0.002547508901530922,0.0025033449883599627,-4.416391317095926e-5
973.0,0.30582877649366186,0.2726752380050371,-0.033153538488624734,0.002547508901530922,0.002503625510436619,-4.388339109430298e-5
974.0,0.3058323084186685,0.2727120097360716,-0.03312029868259686,0.002547508901530922,0.0025039077663497116,-4.360113518121029e-5
975.0,0.3058359419818048,0.2727486333255246,-0.03308730865628018,0.002547508901530922,0.002504191632433921,-4.331726909700094e-5
976.0,0.3058423705935075,0.27278513014927236,-0.033057240444235136,0.002547508901530922,0.0025044769661776017,-4.30319353533202e-5
977.0,0.30617289779124846,0.27282151977999813,-0.03335137801125032,0.002547508901530922,0.0025047636112293117,-4.274529030161029e-5
978.0,0.3061795804982753,0.27285781998719233,-0.03332176051108299,0.002547508901530922,0.0025050513973978116,-4.245750413311034e-5
979.0,0.3064562648968148,0.2728940467371525,-0.033562218159662316,0.002553429322585169,0.002505340140652066,-4.808918193310299e-5
980.0,0.3065115814488968,0.2729302141929832,-0.0335813672559136,0.002553429322585169,0.0025056296431212417,-4.779967946392724e-5
981.0,0.3065145289546577,0.272966334714596,-0.03354819424006167,0.002553429322585169,0.00250591969309471,-4.750962949045872e-5
982.0,0.30651686663164046,0.27300241885870985,-0.03351444777293061,0.002553429322585169,0.0025062100650220455,-4.721925756312343e-5
983.0,0.30651940758488266,0.2730384753788505,-0.033480932206032155,0.002553429322585169,0.0025065005195130247,-4.6928803072144275e-5
984.0,0.3068045533577185,0.2730745117765442,-0.03373004158117432,0.002553429322585169,0.0025067908088896424,-4.663851369552654e-5
985.0,0.30680526482462633,0.2731105363622377,-0.033694728462388635,0.0025535309607148554,0.0025070806912432697,-4.6450269471585634e-5
986.0,0.3070561331382254,0.2731465553538425,-0.03390957778438286,0.0025594005627042594,0.0025073698999315695,-5.203066277268981e-5
987.0,0.30710044736276876,0.273182574421597,-0.03391787294117177,0.0025594005627042594,0.0025076581682439572,-5.1742394460302116e-5
988.0,0.30710065063902814,0.2732185989390869,-0.03388205169994124,0.0025594005627042594,0.0025079452324179097,-5.145533028634965e-5
989.0,0.3071008539152875,0.2732546339832456,-0.0338462199320419,0.0025594005627042594,0.0025082308316389623,-5.1169731065297056e-5
990.0,0.30710146374406566,0.27329068433435394,-0.03381077940971172,0.0025594005627042594,0.0025085147080407106,-5.088585466354878e-5
991.0,0.3073946897482116,0.27332675447604016,-0.034067935272171446,0.002559934162885114,0.0025087966067048107,-5.1137556180303346e-5
992.0,0.3076549595888067,0.27336284859528004,-0.03429211099352664,0.002565193936096398,0.0025090762756609783,-5.611766043541995e-5
993.0,0.3077139859326222,0.2733989705823969,-0.0343150153502253,0.002565193936096398,0.0025093534658869885,-5.5840470209409746e-5
994.0,0.30798805314932226,0.2734351240310615,-0.034552929118260745,0.002565193936096398,0.0025096279313086764,-5.556600478772182e-5
995.0,0.30820998000549304,0.2734713122382921,-0.03473866776720097,0.0025704028902428385,0.0025098994287999377,-6.050346144290076e-5
