Observation_Day,beta_i_symptomatic,beta_e_asymptomatic,phi_e_prop_asymptomatic,phi_r_recovery,phi_d_mortality,v_vaccination_rate
1.0,1.0041193801254799e-7,0.02809721658086893,1.0015869636625402e-7,0.012645531333606384,4.9771405042910536e-5,1.000160920719328e-7
2.0,1.004204862815218e-7,0.028018889531690475,1.001628151819301e-7,0.01269214032116949,5.0092675836634324e-5,1.0001658376629725e-7
3.0,1.0042934735101426e-7,0.027980616142555023,1.0016687728348238e-7,0.012736854977140168,5.038520236612375e-5,1.0001705105781535e-7
4.0,1.0043837744508598e-7,0.02798092193549955,1.0017081162883528e-7,0.01277892399010514,5.064512332395955e-5,1.0001748514043318e-7
5.0,1.0044742161945176e-7,0.02801849870517377,1.0017454220867577e-7,0.012817595019974194,5.0868598234171146e-5,1.0001787683307522e-7
6.0,1.0045631497352077e-7,0.02809220114867707,1.0017798934308017e-7,0.0128521225568776,5.105185953095447e-5,1.0001821680735518e-7
7.0,1.00464884570352e-7,0.028201043256319745,1.0018107135563856e-7,0.0128817762021826,5.1191268139661284e-5,1.0001849585781971e-7
8.0,1.0047295206913259e-7,0.02834419447242449,1.0018370659812326e-7,0.012905849232739785,5.1283371426761957e-5,1.0001870520660123e-7
9.0,1.0048033703431548e-7,0.028520975597578168,1.0018581577050877e-7,0.012923667291155499,5.1324962210131585e-5,1.000188368304741e-7
10.0,1.0048686084039572e-7,0.028730854373437746,1.001873244522473e-7,0.012934597031196907,5.1313137383252725e-5,1.0001888379475343e-7
11.0,1.0049235104478058e-7,0.028973440668094094,1.0018816573387207e-7,0.01293805453930628,5.124535461687816e-5,1.0001884057567638e-7
12.0,1.0049664605735283e-7,0.02924848116378793,1.0018828281624501e-7,0.012933513351261644,5.111948556729188e-5,1.0001870335128464e-7
13.0,1.0049959989852065e-7,0.029555853439007147,1.00187631431011e-7,0.012920511887536004,5.09338640465318e-5,1.0001847024073e-7
14.0,1.0050108681202084e-7,0.029895559333120013,1.0018618193250964e-7,0.012898660141761718,5.068732769842178e-5,1.0001814147357347e-7
15.0,1.0050100548804463e-7,0.030267717483126753,1.0018392092008875e-7,0.012867645473410039,5.037925187297214e-5,1.0001771947407638e-7
16.0,1.0049928265874337e-7,0.03067255492823772,1.0018085227083419e-7,0.012827237377543238,5.0009574595187824e-5,1.0001720885051693e-7
17.0,1.0049587585262e-7,0.031110397688283112,1.0017699749517508e-7,0.012777291130246438,4.9578811774029695e-5,1.000166162858239e-7
18.0,1.0049077513570341e-7,0.031581660236050434,1.001723953692859e-7,0.012717750236902806,4.908806208226161e-5,1.0001595033274251e-7
19.0,1.0048400372293984e-7,0.0320868338013045,1.0016710084517463e-7,0.012648647640613377,4.853900124565907e-5,1.0001522112366283e-7
20.0,1.0047561740860387e-7,0.032626473465476015,1.0016118328754575e-7,0.01257010567857931,4.7933865797241514e-5,1.000144400114497e-7
21.0,1.0046570283434639e-7,0.033201184030990954,1.0015472413143393e-7,0.012482334804091227,4.727542666559537e-5,1.0001361916247715e-7
22.0,1.0045437468191302e-7,0.03381160467828237,1.0014781409199907e-7,0.012385631119978183,4.656695326349056e-5,1.0001277112610533e-7
23.0,1.0044177193892129e-7,0.03445839245707989,1.0014055008436826e-7,0.012280372795222877,4.5812169012693165e-5,1.0001190840576814e-7
24.0,1.0042805343552614e-7,0.03514220469694424,1.0013303202484101e-7,0.012167015459382105,4.5015199473692143e-5,1.000110430556399e-7
25.0,1.004133928837729e-7,0.035863680465368794,1.0012535968442927e-7,0.012046086689057062,4.418051443750058e-5,1.0001018632373043e-7
26.0,1.0039797366799717e-7,0.03662342124992418,1.0011762975234046e-7,0.011918179716669563,4.331286547538291e-5,1.00009348357636e-7
27.0,1.0038198363355712e-7,0.03742197109323503,1.0010993324267727e-7,0.011783946504050182,4.241722052807679e-5,1.0000853798360155e-7
28.0,1.003656101038687e-7,0.03825979646477849,1.00102353345332e-7,0.011644090331761432,4.14986971477363e-5,1.0000776256363551e-7
29.0,1.0034903532487863e-7,0.03913726620966665,1.0009496378533064e-7,0.011499358059657178,4.0562495984417906e-5,1.0000702792975124e-7
30.0,1.0033243249540687e-7,0.040054631969037024,1.0008782771734893e-7,0.01135053221498361,3.961383603741952e-5,1.0000633838948184e-7
31.0,1.0031596249533442e-7,0.04101200951605694,1.0008099714705607e-7,0.0111984230614911,3.865789307494743e-5,1.0000569679298398e-7
32.0,1.0029977137552759e-7,0.04200936149189941,1.0007451284096273e-7,0.01104386079675809,3.769974246977574e-5,1.0000510464950205e-7
33.0,1.0028398862741081e-7,0.04304648205298697,1.000684046633304e-7,0.01088768801551316,3.6744307511462596e-5,1.000045622797366e-7
34.0,1.0026872620926823e-7,0.04412298394983941,1.000626922632965e-7,0.010730752564550358,3.579631404591999e-5,1.0000406899064255e-7
35.0,1.0025407827284551e-7,0.04523828854474179,1.0005738602768371e-7,0.010573900900310438,3.486025206988057e-5,1.0000362326016047e-7
36.0,1.0024012150887969e-7,0.04639161923654235,1.000524882142866e-7,0.01041797204385812,3.394034468037454e-5,1.0000322292108956e-7
37.0,1.0022691601416889e-7,0.047581998693721386,1.0004799418555027e-7,0.010263792210385985,3.304052455665608e-5,1.0000286533545502e-7
38.0,1.0021450657531126e-7,0.04880825020042736,1.0004389367198188e-7,0.010112170172101382,3.2164417942321416e-5,1.0000254755303665e-7
39.0,1.0020292426432738e-7,0.05006900329544602,1.0004017200679662e-7,0.0099638933949917,3.1315335905650254e-5,1.0000226644998196e-7
40.0,1.0019218824769276e-7,0.051362703734164884,1.0003681128672744e-7,0.00981972497206578,3.049627249212471e-5,1.0000201884545902e-7
41.0,1.0018230772133571e-7,0.05268762763393627,1.0003379142737214e-7,0.009680401358740131,2.970990924859728e-5,1.000018015960017e-7
42.0,1.0017328389838425e-7,0.05404189948141013,1.0003109109395516e-7,0.009546630900497921,2.8958625496002432e-5,1.000016116685157e-7
43.0,1.0016511199249401e-7,0.055423513495860346,1.0002868849929684e-7,0.0094190931291331,2.824451365743632e-5,1.0000144619384184e-7
44.0,1.0015778315630627e-7,0.05683035766595111,1.0002656206976014e-7,0.00929843879203261,2.756939890998365e-5,1.0000130250334771e-7
45.0,1.0015128635109987e-7,0.0582602396201371,1.0002469098688515e-7,0.00918529056917812,2.693486241960717e-5,1.000011781512929e-7
46.0,1.0014561013944832e-7,0.059710913363888986,1.000230556174258e-7,0.009080244424900241,2.6342267435489715e-5,1.0000107092575164e-7
47.0,1.001407444074021e-7,0.061180105830052865,1.0002163784780698e-7,0.008983871535837629,2.579278755942601e-5,1.0000097885074501e-7
48.0,1.0013668203639101e-7,0.06266554214959086,1.0002042134094651e-7,0.008896720732911747,2.52874365627818e-5,1.0000090018199545e-7
49.0,1.0013342055793244e-7,0.06416496856376312,1.0001939173429227e-7,0.00881932139324041,2.482709919360935e-5,1.0000083339841804e-7
50.0,1.0013096383680493e-7,0.065676171967269,1.0001853679817653e-7,0.008752186717545508,2.4412562495285816e-5,1.0000077719115108e-7
51.0,1.0012932384127032e-7,0.06719699519334991,1.0001784657353625e-7,0.008695817329508153,2.404454724139653e-5,1.0000073045163055e-7
52.0,1.001285225730589e-7,0.06872534732143386,1.0001731350801846e-7,0.008650705135418664,2.372373917586725e-5,1.0000069225995287e-7
53.0,1.0012859424623678e-7,0.07025920849768597,1.0001693260978744e-7,0.00861733738508799,2.3450819829462192e-5,1.0000066187456185e-7
54.0,1.0012958782405754e-7,0.07179662899861847,1.0001670163927571e-7,0.00859620087807623,2.3226496761231977e-5,1.0000063872414797e-7
55.0,1.0013157004807152e-7,0.07333572252596066,1.0001662136097331e-7,0.00858778626261081,2.3051533144424567e-5,1.0000062240256808e-7
56.0,1.0013462912613283e-7,0.07487465398477453,1.000166958804723e-7,0.008592592377895811,2.2926776679463704e-5,1.0000061266758653e-7
57.0,1.0013887928804656e-7,0.07641162225394177,1.0001693309677797e-7,0.008611130593667077,2.285318787102629e-5,1.0000060944431209e-7
58.0,1.0014446647269168e-7,0.07794483869697538,1.0001734530688083e-7,0.008643929103663456,2.2831867751623678e-5,1.0000061283436878e-7
59.0,1.0015157548275545e-7,0.0794725023713441,1.0001795000943251e-7,0.008691537132035194,2.2864085170344132e-5,1.0000062313211029e-7
60.0,1.0016043903822363e-7,0.08099277306752888,1.000187709679952e-7,0.008754529013492909,2.2951303792717427e-5,1.0000064084959026e-7
61.0,1.0017134928470842e-7,0.0825037434381341,1.0001983961298135e-7,0.008833508109144976,2.3095208976342888e-5,1.000006667525721e-7
62.0,1.001846724770622e-7,0.08400341155778256,1.0002119688676418e-7,0.008929110520429842,2.3297734697384454e-5,1.0000070191065478e-7
63.0,1.002008677750488e-7,0.08548965528324225,1.0002289567084178e-7,0.009042008563307197,2.3561090705701952e-5,1.0000074776567889e-7
64.0,1.0022051137265232e-7,0.0869602097590598,1.0002500398056538e-7,0.009172913963927519,2.388779008163849e-5,1.0000080622406858e-7
65.0,1.0024432755769733e-7,0.08841264933717521,1.0002760917615671e-7,0.009322580735388086,2.4280677355637272e-5,1.000008797808058e-7
66.0,1.002732287925639e-7,0.0898443750513296,1.0003082352452494e-7,0.00949180769294597,2.474295733314917e-5,1.0000097168553343e-7
67.0,1.0030836755771676e-7,0.09125260861170108,1.0003479156294739e-7,0.009681440562272771,2.5278224741834894e-5,1.0000108616513326e-7
68.0,1.0035120355718057e-7,0.09263439366660473,1.0003969987423023e-7,0.009892373632080065,2.5890494785921993e-5,1.0000122872243033e-7
69.0,1.0040359101403236e-7,0.09398660482228365,1.0004579009888836e-7,0.010125550898832525,2.6584234653709307e-5,1.0000140653800482e-7
70.0,1.0046789226938143e-7,0.09530596462630518,1.0005337630420446e-7,0.01038196664741015,2.7364395978568034e-5,1.0000162901224151e-7
71.0,1.0054712585067074e-7,0.09658906841392596,1.000628682314572e-7,0.010662665407622594,2.8236448201314305e-5,1.0000190849882523e-7
72.0,1.006451597375688e-7,0.09783241660065148,1.0007480249029643e-7,0.010968741222561742,2.9206412722524682e-5,1.0000226130045223e-7
73.0,1.0076696391060416e-7,0.099032453690062,1.0008988451643156e-7,0.011301336161064624,3.028089766736353e-5,1.0000270902474133e-7
74.0,1.0091894065509765e-7,0.10018561296691543,1.0010904512769947e-7,0.0116616380032174,3.1467133013095223e-5,1.000032804362219e-7
75.0,1.0110935681096769e-7,0.10128836557512823,1.0013351690178645e-7,0.012050877025043094,3.277300575123172e-5,1.0000401399306818e-7
76.0,1.0134890958590576e-7,0.10233727245209506,1.0016493748775018e-7,0.012470321806471486,3.420709467311244e-5,1.0000496133080666e-7
77.0,1.0165146715737323e-7,0.10332903741752435,1.0020548952895253e-7,0.012921273985592063,3.5778704280901856e-5,1.0000619205768309e-7
78.0,1.0203503766029302e-7,0.10426055960753093,1.0025809035135467e-7,0.013405061882252198,3.749789723725284e-5,1.0000780036899269e-7
79.0,1.0252303600075967e-7,0.10512898341147571,1.0032664926827216e-7,0.013923032915518285,3.937552467841116e-5,1.0000991418595196e-7
80.0,1.0314593809924417e-7,0.10593174411505125,1.0041641667750095e-7,0.014476544742618724,4.142325363000821e-5,1.0001270779989233e-7
81.0,1.0394343764302476e-7,0.10666660757956034,1.0053445760862725e-7,0.015066955052019946,4.365359068531629e-5,1.0001641938370524e-7
82.0,1.0496725235127444e-7,0.10733170249117031,1.0069029369924193e-7,0.015695609950575302,4.607990103581451e-5,1.000213752589512e-7
83.0,1.0628476637942809e-7,0.10792554398788237,1.0089677260678026e-7,0.016363830894607825,4.87164218872103e-5,1.0002802353195305e-7
84.0,1.0798374413091812e-7,0.10844704780473255,1.0117124368793329e-7,0.017072900127782856,5.157826925430906e-5,1.0003698070657797e-7
85.0,1.1017840969918667e-7,0.10889553445465913,1.0153714474738345e-7,0.017824044605214775,5.4681437108782824e-5,1.0004909623957124e-7
86.0,1.1301725655858279e-7,0.10927072336614757,1.0202613840622668e-7,0.018618418404036698,5.804278785784863e-5,1.0006554185024907e-7
87.0,1.1669303470660071e-7,0.10957271731027854,1.0268098010564246e-7,0.019457083646328734,6.16800331611103e-5,1.0008793489150169e-7
88.0,1.214554573020522e-7,0.10980197784957973,1.0355935517763849e-7,0.02034098999161707,6.561170414802451e-5,1.0011850844112283e-7
89.0,1.2762727494364208e-7,0.10995929291022298,1.0473899226836039e-7,0.021270952793913212,6.985711017865402e-5,1.0016034524537979e-7
90.0,1.3562448052420245e-7,0.11004573790024995,1.0632444732746056e-7,0.022247630063251245,7.443628539274403e-5,1.002176985710172e-7
91.0,1.4598152635402914e-7,0.11006263205487103,1.0845605898698546e-7,0.02327149842455924,7.936992241178154e-5,1.0029643080490228e-7
92.0,1.593825504347074e-7,0.11001149187391247,1.1132170473991718e-7,0.02434282832789946,8.467929268876718e-5,1.0040461077506321e-7
93.0,1.7669970936182155e-7,0.10989398361832156,1.1517213946113881e-7,0.025461658833636276,9.038615313236868e-5,1.0055332383637159e-7
94.0,1.990397862494722e-7,0.10971187684844053,1.2034087377233123e-7,0.026627772373341404,9.651263875639055e-5,1.0075776544171515e-7
95.0,2.278002637666362e-7,0.10946700091658222,1.2726974780082916e-7,0.027840669970780205,0.00010308114121224269,1.0103870995745359e-7
96.0,2.647360008966299e-7,0.10916120617416952,1.3654157138088288e-7,0.029099547494645574,0.00011011417314249356,1.0142447268671997e-7
97.0,3.1203749961768217e-7,0.10879633142657487,1.489214261338516e-7,0.030403273602088252,0.0001176342183411196,1.0195351525144824e-7
98.0,3.724214642482609e-7,0.10837417887703862,1.654084445804534e-7,0.03175037011444935,0.00012566356771790782,1.026778834069931e-7
99.0,4.4923391173231113e-7,0.10789649745724121,1.873000768880117e-7,0.033138995637528375,0.00013422414104306024,1.0366771260577726e-7
100.0,5.46565459455783e-7,0.10736497506072881,2.1627100058538094e-7,0.03456693329063513,0.00014333729440204015,1.0501709045362482e-7
101.0,6.693775806339444e-7,0.10678123979219765,2.544688888758986e-7,0.03603158343321694,0.00015302361323579468,1.0685162635978574e-7
102.0,8.23637572473569e-7,0.10614686993717252,3.046291883525148e-7,0.03752996226644459,0.0001633026908004509,1.0933814613677219e-7
103.0,1.0164587461128989e-6,0.1054634119597159,3.7021082053397083e-7,0.03905870713176118,0.00017419289188243462,1.1269700093056122e-7
104.0,1.2562409627316807e-6,0.10473240546705273,4.5555426397867397e-7,0.040614089222541,0.0001857111016834579,1.1721755205700844e-7
105.0,1.5528051804271082e-6,0.10395541375527945,5.660627456815602e-7,0.04219203426464877,0.00019787245998076694,1.232774606038997e-7
106.0,1.9175142464642593e-6,0.10313405828421508,7.08406228913857e-7,0.043788151506295274,0.00021069008100596377,1.3136646524071076e-7
107.0,2.3633709036225473e-6,0.10227005523462723,8.90746499340998e-7,0.045397771090883124,0.00022417475999986862,1.4211536308671507e-7
108.0,2.9050830337297232e-6,0.10136525218772216,1.1229799125615096e-6,0.04701598957701091,0.00023833466811084165,1.5633090331444978e-7
109.0,3.5590857013228073e-6,0.10042166294190054,1.4169922935686044e-6,0.04863772303074985,0.00025317503821542395,1.7503724505337017e-7
110.0,4.3435097422456675e-6,0.09944149854859545,1.7869181282892142e-6,0.05025776676437477,0.0002686978453408749,1.9952450116881822e-7
111.0,5.2780875925526935e-6,0.09842719280643968,2.249393658512284e-6,0.051870860453901886,0.0002849014866265878,2.3140466700923963e-7
112.0,6.383988846959319e-6,0.09738142069535506,2.8237909294839404e-6,0.05347175705787772,0.0003017804671205603,2.72674897561752e-7
113.0,7.683580676063881e-6,0.09630710854898832,3.532417434396906e-6,0.055055293704645764,0.0003193250990917768,3.257876293449975e-7
114.0,9.200111634902972e-6,0.09520743514030132,4.400663980262262e-6,0.05661646253543104,0.00033752122385398035,3.9372643225749404e-7
115.0,1.0957321389473723e-5,0.09408582327224287,5.457082018804913e-6,0.058150479402509773,0.000356349966231134,4.800857188814358e-7
116.0,1.297898321757293e-5,0.09294592190147549,6.733371203802869e-6,0.05965284833603998,0.0003757875326329189,5.891515464963844e-7
117.0,1.52883904878392e-5,0.09179157925466785,8.26425859412318e-6,0.061119419813233905,0.00039580506413481085,7.2597975187165e-7
118.0,1.7907802336162546e-5,0.09062680780027571,1.0087252914689595e-5,0.06254644108512522,0.0004163685558687348,8.964666159836308e-7
119.0,2.085786709707217e-5,0.08945574229196267,1.2242260735629367e-5,0.06393059712735556,0.0004374388533475113,1.1074062463617891e-6
120.0,2.415704440993602e-5,0.08828259238390566,1.4771056351170324e-5,0.06526904116366482,0.0004589717350233745,1.3665279955663546e-6
121.0,2.7821048087466053e-5,0.08711159151886905,1.7716603431086452e-5,0.06655941414056635,0.0004809180884144614,1.6825066332240286e-6
122.0,3.186233169608005e-5,0.08594694389839842,2.1122233943187734e-5,0.0677998529824373,0.0005032241845682369,2.064937795892591e-6
123.0,3.628963736315217e-5,0.0847927713583948,2.503069804043362e-5,0.06898898790062458,0.0005258320525623274,2.5242715913264064e-6
124.0,4.110762572129379e-5,0.08365306189653,2.9483107092515593e-5,0.07012592944232432,0.0005486799523131147,3.0716982482399464e-6
125.0,4.6316601350405596e-5,0.08253162144018099,3.451780025859304e-5,0.07121024632259354,0.000571702940351715,3.7189814543096885e-6
126.0,5.191234388053798e-5,0.0814320302192417,4.0169172345081357e-5,0.07224193536863092,0.0005948335196429885,4.4782375260021054e-6
127.0,5.788605040316328e-5,0.08035760483517716,4.6466506581404e-5,0.07322138510818645,0.0006180023611834596,5.361661735936054e-6
128.0,6.422439033300645e-5,0.07931136681567036,5.343285985484659e-5,0.07414933464885,0.0006411390822280332,6.3812068293222716e-6
129.0,7.090966965898086e-5,0.07829601813290038,6.108404946799646e-5,0.07502682952344568,0.0006641730637463381,7.548222744732392e-6
130.0,7.79200978522141e-5,0.07731392386126698,6.942778937373654e-5,0.0758551761257351,0.0006870342882381011,8.87307049635366e-6
131.0,8.523014771801758e-5,0.07636710187295433,7.846302004705394e-5,0.07663589624137487,0.0007096541784292239,1.0364726709093595e-5
132.0,9.281099626517088e-5,0.07545721922932805,8.817946981319578e-5,0.07737068300587091,0.0007319664176504818,1.2030398050861327e-5
133.0,0.00010063103322654245,0.07458559473108387,9.855747690231763e-5,0.07806135940999658,0.0007539077338308576,1.3875166441682734e-5
134.0,0.00010865642314784695,0.07375320694457621,0.000109568091240637,0.0787098402398982,0.0007754186309219799,1.5901686182557165e-5
135.0,0.00011685170687323064,0.07296070692646936,0.0001211734636388019,0.0793180980990614,0.0007964440540664871,1.810995290327584e-5
136.0,0.00012518042868133944,0.07220843482119012,0.00013332751829165098,0.07988813392575324,0.0008169339777563274,2.0497161486731285e-5
137.0,0.0001336057761412854,0.07149643950065775,0.00014597689306516904,0.08042195220329583,0.0008368439094051566,2.3057666046542578e-5
138.0,0.00014209122084886486,0.07082450044677316,0.0001590621215796856,0.08092154086957393,0.0008561353039903825,2.578304991094646e-5
139.0,0.00015060114946983372,0.07019215113660553,0.0001725190221765598,0.0813888557716745,0.0008747758885276404,2.866230780056644e-5
140.0,0.00015910147587976865,0.06959870327033482,0.00018628025192493072,0.08182580938396312,0.0008927398979728241,3.168213644421735e-5
141.0,0.00016756022659163668,0.06904327127525423,0.00020027697918190403,0.0822342634133436,0.0009100082265881875,3.482732422959251e-5
142.0,0.0001759480930652439,0.06852479661869315,0.00021444062600202966,0.08261602485214373,0.0009265685007821174,3.808122556974098e-5
143.0,0.0001842389458767651,0.06804207156265861,0.00022870463188648385,0.08297284500384573,0.0009424150808989626,4.142630183557797e-5
144.0,0.00019241030708374147,0.06759376208846583,0.00024300619282078612,0.08330642099563658,0.0009575490003937042,4.484470820222311e-5
145.0,0.00020044377845242326,0.06717842980687469,0.00025728793401588246,0.08361839929992376,0.000971977851305281,4.8318904700460354e-5
146.0,0.00020832542452634494,0.06679455274551804,0.0002714994809073505,0.08391038080990534,0.0009857156249946286,5.1832270147728e-5
147.0,0.00021604611081660127,0.06644054496893954,0.0002855989004031696,0.084183927047561,0.0009987825168079748,5.5369699339946716e-5
148.0,0.00022360179869517017,0.066114775036389,0.0002995539927099126,0.08444056712207429,0.0010112047027403365,5.891816671505044e-5
149.0,0.0002309937998823254,0.06581558333844033,0.00031334342293201997,0.084681805099314,0.001023014095388005,6.246724339447716e-5
150.0,0.00023822899474662909,0.06554129837588346,0.0003269576906861174,0.08490912748588589,0.0010342480855679436,6.600955878829764e-5
151.0,0.0002453200199894653,0.06529025205411838,0.0003403999449112637,0.08512401057241817,0.0010449492750136638,6.954120253457641e-5
152.0,0.00025228543267374084,0.06506079406481068,0.0003536866596585201,0.08532792741884612,0.001055165204587362,7.306206718211088e-5
153.0,0.0002591498589866125,0.0648513054156267,0.0003668481947498047,0.08552235429884941,0.0010649480815191608,7.657613650978849e-5
154.0,0.00026594413760845827,0.06466021115055778,0.0003799292727182675,0.08570877645118799,0.0010743545083245693,8.009172855182805e-5
155.0,0.00027270546910610686,0.06448599228010285,0.0003929894103618417,0.08588869301290267,0.0010834452152746904,8.362170617162773e-5
156.0,0.0002794775843919668,0.06432719691507621,0.00040610334960787634,0.08606362103405743,0.0010922847976010796,8.718367136228613e-5
157.0,0.0002863109470105934,0.06418245057293748,0.0004193615383139914,0.08623509849710642,0.0011009414579971036,9.08001623685468e-5
158.0,0.00029326300585480106,0.06405046560428726,0.00043287071729457434,0.08640468628755718,0.0011094867544085962,9.449887529109536e-5
159.0,0.0003003985169067057,0.06393004967257108,0.00044675467549840455,0.08657396908805048,0.001117995352558301,9.831293415878666e-5
160.0,0.00030778995478739275,0.06382011321498968,0.0004611552411623005,0.08674455519708368,0.0011265447820844724,0.00010228123567874993
161.0,0.00031551803733736425,0.063719675819806,0.00047623358327507966,0.08691807530822641,0.0011352151945527558,0.00010644889716283954
162.0,0.0003236723892101819,0.06362787147694399,0.0004921719052062053,0.08709618032762227,0.0011440891208782833,0.00011086783865951977
163.0,0.0003323523736351704,0.06354395269672083,0.0005091756213380114,0.0872805383585741,0.0011532512248271546,0.0001155975332736222
164.0,0.00034166812520776977,0.06346729354677194,0.000527476118495144,0.08747283104359098,0.001162788048209508,0.0001207059632025997
165.0,0.00035174182094362957,0.06339739172992438,0.000547334217445069,0.08767474952770765,0.001172787742089653,0.00012627082329893626
166.0,0.00036270923206592915,0.06333386991522007,0.0005690444663500752,0.0878879903930471,0.0011833397767864898,0.00013238101907368357
167.0,0.00037472160530920115,0.06327647663876164,0.0005929404184226547,0.08811425201387098,0.001194534621591517,0.00013913851198649502
168.0,0.0003879479301942406,0.06322508720777142,0.0006194010708351571,0.08835523189347258,0.0012064633829744493,0.00014666057148224603
169.0,0.0004025776581003924,0.06317970516637873,0.0006488586718254852,0.0886126256680888,0.0012192173875749666,0.00015508250017304
170.0,0.00041882395045824414,0.06314046501026903,0.000681808138553079,0.08888812859631888,0.0012328876935111188,0.00016456090513351334
171.0,0.0004369275475366002,0.06310763696345496,0.0007188183701320532,0.08918344049171859,0.0012475645105164178,0.00017527759328812148
172.0,0.0004571613667644259,0.06308163474700505,0.0007605457887641237,0.0895002751959254,0.0012633365062334897,0.0001874441704116961
173.0,0.000479835961143563,0.0630630273684473,0.0008077504970749644,0.08984037582233609,0.0012802899727793627,0.00020130741840398603
174.0,0.0005053059951213304,0.06305255603252669,0.0008613155012071574,0.09020553711590813,0.0012985078246618756,0.00021715550988155884
175.0,0.0005339779286286231,0.06305115730876222,0.0009222695157969638,0.09059763636002531,0.0013180683965631074,0.0002353250865073733
176.0,0.0005663191415165059,0.06305999367762795,0.0009918139364497812,0.09101867430021714,0.0013390440078190544,0.00025620916918040506
177.0,0.0006028687824286394,0.06308049250333567,0.0010713546340071507,0.09147082752717128,0.0013614992601527322,0.00028026577267434516
178.0,0.0006442506908079265,0.06311439433513404,0.0011625392869523221,0.09195651364512256,0.0013854890370480649,0.00030802694988100754
179.0,0.000691188821394877,0.06316381120946338,0.0012673010151144893,0.09247847032114265,0.0014110561779305285,0.0003401077741405444
180.0,0.0007445257009719261,0.06323129530271654,0.0013879090971293199,0.0930398489398394,0.0014382288090417706,0.000377214463905038
181.0,0.0008052445715609918,0.06331991786259064,0.0015270275290050804,0.09364432305125962,0.0014670173266608305,0.0004201504467748511
182.0,0.0008744960275694082,0.06343335782391378,0.0016877820891265467,0.0942962110759908,0.0014974110482594114,0.0004698186445824634
183.0,0.0009536301414600017,0.06357599889795752,0.0018738363870894983,0.09500061180655209,0.0015293745742881034,0.0005272176547198952
184.0,0.0010442352980128977,0.06375303322616784,0.0020894770538057122,0.09576355011540928,0.0015628439382467515,0.0005934288619893744
185.0,0.0011481852245569964,0.06397056893192131,0.0023397077352911976,0.09659212895971353,0.0015977226655443926,0.0006695909578552272
186.0,0.00126769601451186,0.06423573811658949,0.002630350833710822,0.09749468229171922,0.0016338779114730396,0.0007568580701433129
187.0,0.0014053952904160836,0.06455680106235631,0.0029681549453231372,0.09848092189212966,0.0016711369031099268,0.0008563380066936756
188.0,0.0015644060289768031,0.0649432416563457,0.0033609046279338113,0.09956206951082806,0.0017092839651083774,0.0009690083496422951
189.0,0.0017484479514756018,0.06540584836308308,0.0038175274549214883,0.10075096411102367,0.0017480584591790405,0.0010956106500671244
190.0,0.001961959727579285,0.06595677445368016,0.0043481912697598745,0.10206213256487569,0.0017871540037408067,0.0012365269481951257
191.0,0.0022102454836179426,0.06660957063673094,0.00496438217988894,0.10351181094176848,0.001826219354416938,0.001391648081831325
192.0,0.0024996491471985195,0.06737918268975543,0.005678951224930913,0.10511790266526391,0.0018648613079538332,0.0015602489446604779
193.0,0.0028377598512374425,0.0682819061045178,0.006506115017229397,0.1068998593923233,0.0019026499329447076,0.0017408905352386125
194.0,0.0032336507544756888,0.06933528907593628,0.007461393293727874,0.10887847059798061,0.0019391263246062154,0.001931370359121408
195.0,0.003698151931650296,0.07055797435077357,0.008561464678210645,0.11107554866499167,0.0019738129270130984,0.0021287397411351074
196.0,0.004244155083407191,0.07196946954453053,0.009823921597538308,0.11351349796503916,0.0020062262707725874,0.0023293981706093707
197.0,0.004886943276816356,0.07358983468326967,0.01126690687876943,0.11621475923212726,0.002035891751134338,0.002529262069970124
198.0,0.005644532269662885,0.07543927524046731,0.01290861873892983,0.11920112480719958,0.002062359842539523,0.0027239913937900095
199.0,0.006538000740460724,0.07753762931157467,0.014766678207859324,0.12249292647037793,0.0020852229377179765,0.002909246292514317
200.0,0.007591774649779778,0.07990373947097099,0.016857363743170574,0.12610810595071517,0.002104131841739399,0.0030809411692401755
201.0,0.008833816088731395,0.08255470406972697,0.01919473165660736,0.13006118903538288,0.0021188108703739886,0.0032354661555274752
202.0,0.010295650114608314,0.08550501001855383,0.02178965705413234,0.13436219736447216,0.0021290705167233723,0.0033698550012737465
203.0,0.01201214609824796,0.08876555998851043,0.024648846619177715,0.1390155468002266,0.002134816767892885,0.003481890330368875
204.0,0.014020956338288978,0.09234262148454045,0.027773889369828726,0.1440189962590854,0.0021360563683298387,0.0035701484334966617
205.0,0.016361509138770186,0.09623674265667823,0.031160421714628756,0.1493627238497592,0.0021328976185371485,0.00363399352891855
206.0,0.019073462694499336,0.10044169826892997,0.03479748601676415,0.1550286151963887,0.002125546636168162,0.0036735347156463998
207.0,0.022194557068793648,0.104943546166121,0.038667155464202844,0.16098984888309736,0.0021142993532090484,0.003689558253052759
208.0,0.0257578600830807,0.10971988628135311,0.042744481681857044,0.16721085349759449,0.002099529839056499,0.003683444840855404
209.0,0.029788490744249007,0.11473941690425815,0.046997796314535135,0.17364768859954652,0.002081675790374298,0.0036570779433738763
210.0,0.03430001516835118,0.11996187343847411,0.051389366654027935,0.1802488690055981,0.0020612221897484836,0.003612746241967713
211.0,0.0392908291133167,0.12533841175428517,0.05587637254852651,0.18695661140043612,0.0020386841942077838,0.0035530417317050367
212.0,0.044740942531432716,0.1308124625648012,0.06041214213523079,0.19370843991600425,0.0020145902732871834,0.0034807548896617817
213.0,0.05060963351023195,0.1363210389728604,0.0649475617317644,0.20043904959752873,0.0019894664886677595,0.0033987693245153433
214.0,0.05683441303023703,0.14179643284500476,0.0694325634819072,0.20708229994386518,0.0019638226169982047,0.003309959690084699
215.0,0.06333162383559714,0.1471681945771221,0.07381759410462185,0.21357319952219203,0.0019381405926125386,0.003217097705651197
216.0,0.06999879588018605,0.15236526220512897,0.07805497835797134,0.2198497486571611,0.0019128655159603638,0.0031227713630718576
217.0,0.0767186329971565,0.15731809449893805,0.0821001090081885,0.22585452877465678,0.0018883992611916985,0.003029321629188804
218.0,0.08336426481889518,0.16196067003676307,0.0859124177001582,0.23153595979569838,0.0018650965403466011,0.0029387993242463604
219.0,0.0898052207656188,0.16623223800354817,0.08945610456738942,0.2368491851138655,0.0018432631520201807,0.002852942767166977
220.0,0.09591350874837186,0.17007874139860116,0.09270062566528205,0.24175658108801182,0.0018231560617347547,0.002773174704252301
221.0,0.10156922042280227,0.17345387280749977,0.09562095429216447,0.24622791966915542,0.001804984925999023,0.002700615385272334
222.0,0.1066652170535312,0.17631976036859154,0.09819764398815554,0.2502402356334324,0.0017889146745188403,0.0026361076557978678
223.0,0.11111063402784216,0.17864731197818762,0.10041672744243722,0.2537774628228488,0.0017750687955569988,0.002580249639811695
224.0,0.11483313101401281,0.18041626623956242,0.10226948736583999,0.25682990745309076,0.001763533018054487,0.0025334308816266867
225.0,0.11777997063658592,0.1816150085282359,0.10375213366679496,0.2593936227529559,0.001754359141845415,0.0024958685075627826
226.0,0.11991811009354043,0.1822402110098747,0.10486541719929708,0.2614697403095896,0.0017475688268618144,0.0024676408486185605
227.0,0.12123353378265422,0.18229634885672272,0.10561420504957518,0.2630638018662126,0.0017431572083507487,0.002448716863031128
228.0,0.12173005040863794,0.18179513407715772,0.10600703671364962,0.264185122958314,0.0017410962544298775,0.002438980496202527
229.0,0.1214277416911004,0.1807548960141851,0.10605567526222173,0.2648462081588495,0.0017413378230165173,0.0024382497560139355
230.0,0.12036119914408171,0.17919992592617048,0.1057746631160741,0.2650622277637437,0.0017438164067476495,0.002446290749942428
231.0,0.11857763500831893,0.17715979372875817,0.1051808885723059,0.26485055794074214,0.0017484515773007062,0.0024628272410857793
232.0,0.11613491316342997,0.17466863885175876,0.10429316676733565,0.2642303807801837,0.001755150155408236,0.002487546461305042
233.0,0.11309952070426026,0.17176443451186266,0.10313183725311452,0.2632223371750384,0.0017638081410073874,0.0025201020021492207
234.0,0.10954449157723464,0.1684882252496164,0.10171837963725282,0.2618482237276617,0.001774312440664006,0.002560114615410284
235.0,0.10554729779173254,0.16488334064941154,0.10007504859412968,0.26013072457535436,0.0017865424279433033,0.0026071717162344703
236.0,0.10118773674604321,0.16099459281215228,0.09822452977998683,0.2580931697760107,0.00180037136797204,0.0026608263075461776
237.0,0.0965458596980072,0.15686747032353646,0.09618961857975197,0.25575931334737867,0.0018156677311449926,0.002720595945036391
238.0,0.0917000010413039,0.15254734612934856,0.09399292400444442,0.25315312589355105,0.001832296413731445,0.0027859622440130315
239.0,0.08672497652318166,0.14807872003129863,0.0916566003123826,0.2502985987108352,0.0018501198758511684,0.0028563712987091762
240.0,0.08169051826563561,0.14350451786297694,0.08920210895705971,0.24721955812318136,0.0018689992005788295,0.0029312352470981717
241.0,0.07666000486226549,0.13886546854036894,0.08665001322778765,0.24393949038892393,0.001888795072310691,0.003009935076676419
242.0,0.07168952728118959,0.13419957719389733,0.08401980744717132,0.2404813787331049,0.0019093686683413027,0.003091824636758094
243.0,0.06682730862858545,0.12954170786756702,0.08132978185924573,0.23686755483265168,0.001930582455049619,0.00317623570860917
244.0,0.062113471559978886,0.12492328341548188,0.07859692344699297,0.23311956740320336,0.001952300879236423,0.0032624838936083055
245.0,0.057580124743645406,0.12037210393583575,0.07583685193648732,0.22925807043677765,0.001974390945908757,0.0033498750172210427
246.0,0.053251722034241736,0.11591227904103138,0.07306378925986273,0.22530273318295735,0.001996722675981379,0.0034377117159730356
247.0,0.04914563653764866,0.11156426404209811,0.07029055983782913,0.22127217324055765,0.002019169440684323,0.003525299875784788
248.0,0.04527288696434889,0.10734498612417007,0.06752861826863721,0.21718391323193217,0.002041608173597734,0.003611954619896744
249.0,0.041638954965964564,0.10326804400675559,0.06478810042027437,0.21305436056992824,0.0020639194658237715,0.0036970055975317564
250.0,0.038244638210613094,0.09934396342872975,0.06207789354233118,0.20889880889184906,0.002085987554497963,0.003779801393107797
251.0,0.035086893135333946,0.09558049093199271,0.05940572085002648,0.20473145890438493,0.002107700219315,0.0038597129523172315
252.0,0.032159631985730935,0.09198290959569681,0.05677823607494225,0.20056545571724554,0.0021289486057207417,0.003936135998248409
253.0,0.029454449527947124,0.08855436230067099,0.054201123701426906,0.1964129392782048,0.0021496269966875797,0.004008492481720121
254.0,0.026961264679019558,0.08529617048243145,0.051679200981764026,0.19228510427408704,0.0021696325573940536,0.004076231170691637
255.0,0.02466887062491011,0.08220813889154044,0.04921651830960637,0.18819226582720996,0.002188865078586114,0.004138827531530375
256.0,0.022565393506941082,0.07928883940287561,0.04681645509133453,0.18414392747566696,0.0022072267448785994,0.004195783089437609
257.0,0.020638664451878123,0.07653586924027383,0.04448180885229359,0.18014884824788382,0.0022246219537800493,0.0042466244773079476
258.0,0.018876512772483398,0.07394608100761274,0.04221487591664113,0.1762151060893267,0.0022409572098450294,0.004290902393588291
259.0,0.01726698984566045,0.07151578359022817,0.040017522578519364,0.1723501554314462,0.002256141116148577,0.004328190692625486
260.0,0.015798533789631,0.06924091430057686,0.03789124621703165,0.16856087726984284,0.0022700844823186086,0.00435808582782555
261.0,0.014460084904958795,0.06711718360742087,0.03583722628261913,0.16485362070360948,0.0022827005647331785,0.0043802068604898246
262.0,0.013241161175529198,0.06514019444547754,0.03385636548804277,0.16123423544963975,0.002293905450261485,0.004394196236431943
263.0,0.012131902155736495,0.06330553849930885,0.03194932186831004,0.1577080953596452,0.0023036185901621526,0.0043997215183622755
264.0,0.011123088460304745,0.06160887204139147,0.030116532629722123,0.15428011341600198,0.002311763485504467,0.0043964782433436956
265.0,0.010206142938842276,0.06004597392846769,0.02835823089113476,0.15095474905431552,0.002318268519804565,0.004384194049004029
266.0,0.009373118535287012,0.05861278826667577,0.026674456535282,0.14773600895078565,0.0023230679285380414,0.004362634176233413
267.0,0.008616676849151244,0.05730545408281535,0.02506506244096779,0.14462744262115187,0.0023261028888984276,0.0043316084056545185
268.0,0.007930060554332733,0.05612032411804253,0.023529717365347067,0.14163213430906135,0.0023273227067528526,0.004290979415842402
269.0,0.00730706209946545,0.05505397461648313,0.022067906697107308,0.13875269270171323,0.0023266860713890424,0.0042406724592122524
270.0,0.006741990507822459,0.05410320773390393,0.02067893221385601,0.13599124000762078,0.0023241623425979798,0.0041806861343647705
271.0,0.006229637604623473,0.05326504795473308,0.01936191185802549,0.13334940187399139,0.0023197328291997186,0.004111103892027653
272.0,0.005765244611752044,0.0525367336889864,0.018115780402461732,0.13082829951808547,0.0023133920136532288,0.004032105750459496
273.0,0.00534446974958135,0.05191570503003987,0.016939291716643705,0.12842854530591508,0.0023051486742842646,0.003943979525965567
274.0,0.0049633572582170275,0.051399588492745,0.015831023174030446,0.12615024283989668,0.0022950268553120464,0.003847130722429795
275.0,0.004618308082373802,0.05098617941978706,0.014789382566963803,0.1239929924207647,0.00228306663561602,0.00374209009463056
276.0,0.004306052343184931,0.05067342264118794,0.013812617724237223,0.12195590253360333,0.002269324650340578,0.0036295178328491166
277.0,0.004023623636062489,0.05045939189466608,0.012898828863922119,0.12003760777816769,0.002253874325147633,0.003510203341692498
278.0,0.0037683351375368446,0.050342268459138015,0.012045983565879959,0.11823629342439501,0.0022368057911883246,0.003385059730742382
279.0,0.0035377574686667975,0.050320319414991974,0.011251934119481536,0.11654972653000874,0.002218225459473709,0.0032551124137964703
280.0,0.003329698242419049,0.05039187591721813,0.01051443689638637,0.11497529331371059,0.0021982552458669415,0.0031214816234981994
281.0,0.0031421832129053507,0.05055531184507827,0.00983117331867643,0.11351004224073834,0.002177031451779784,0.002985359161301618
282.0,0.002973438942123872,0.05080902316883348,0.009199771940773071,0.1121507320545667,0.0021547033200469026,0.0028479802660242803
283.0,0.0028218769023189935,0.05115140834476388,0.008617831139576444,0.11089388378711706,0.002131431299470388,0.002710592024570768
284.0,0.0026860789373793098,0.051580850009958025,0.008082941909962305,0.10973583560855953,0.0021073850642341894,0.0025744201839210403
285.0,0.002564784013495191,0.05209569819527724,0.007592710289657794,0.10867279924527433,0.0020827413448931947,0.002440636479646741
286.0,0.002456876196658871,0.05269425520757376,0.007144778985030241,0.10770091660894845,0.002057681635193587,0.0023103286226573224
287.0,0.002361373801868494,0.053374762251946324,0.006736847833068016,0.10681631524788612,0.0020323898430451895,0.002184474869147603
288.0,0.00227741966566403,0.054135387775122966,0.006366692809944842,0.10601516125802835,0.0020070499542828853,0.0020639246670486784
289.0,0.0022042724995874428,0.05497421741773953,0.006032183378004483,0.10529370837753713,0.001981843774461656,0.0019493862903407807
290.0,0.002141299287128409,0.05588924537387567,0.005731298045924918,0.10464834213324535,0.0019569488071604878,0.0018414217276081712
291.0,0.0020879686905465695,0.05687836687943609,0.005462138096783828,0.10407561810417462,0.0019325363177087758,0.0017404484744770086
292.0,0.002043845436534301,0.0579393714958553,0.005222939511952144,0.1035722936074268,0.0019087696196662999,0.0016467473684377623
293.0,0.0020085856508816635,0.059069936830587824,0.005012083182129097,0.10313535238268838,0.0018858026086604814,0.0015604752496627065
294.0,0.0019819331119909547,0.060267622347723725,0.004828103548131259,0.10276202213870864,0.0018637785552068505,0.001481681051593392
295.0,0.0019637163910872944,0.061529862975121086,0.004669695851721006,0.10244978511256737,0.001842829155742976,0.0014103239097058833
296.0,0.0019538468430586172,0.06285396230965878,0.004535722199918807,0.10219638206444925,0.0018230738299998403,0.001346291993890029
297.0,0.001952317405741111,0.06423708535672296,0.004425216654489829,0.10199981037216527,0.0018046192435574343,0.0012894209760172417
298.0,0.0019592021567784064,0.06567625090691125,0.004337389551565179,0.10185831708798468,0.001787559027337075,0.001239511294782117
299.0,0.0019746565654784618,0.06716832384113748,0.004271631234751657,0.10177038796529568,0.0017719736610433412,0.001196343635907959
300.0,0.0019989183618487343,0.06871000785009136,0.004227515348721458,0.10173473354705524,0.0017579304851943547,0.0011596922783935475
301.0,0.0020323089256206947,0.07029783923747439,0.004204801789185096,0.10175027342782564,0.0017454838062523465,0.0011293361488420683
302.0,0.0020752350739487195,0.07192818262849934,0.004203439339232092,0.10181611975526819,0.0017346750612781668,0.001105067568336499
303.0,0.0021281910969459055,0.07359722950471807,0.004223567941051393,0.10193156092668251,0.0017255330122190572,0.0010866987699791005
304.0,0.0021917608546946697,0.07530100051270859,0.004265520455791396,0.10209604626525733,0.0017180739451094127,0.001074066315625239
305.0,0.0022666197073265824,0.07703535242913107,0.004329823652767639,0.1023091722348495,0.0017123018558258905,0.0010670335561189515
306.0,0.002353536000844152,0.07879599049406717,0.004417198042882453,0.10257067047897865,0.0017082086113038599,0.0010654912704288603
307.0,0.002453371775430049,0.08057848654073153,0.004528556031457017,0.10288039765894728,0.0017057740830109594,0.0010693565956576027
308.0,0.0025670823002603713,0.08237830295364354,0.004664997715671324,0.10323832672946948,0.0017049662577013785,0.0010785703317402276
309.0,0.002695713969951549,0.08419082199088535,0.004827803496573742,0.10364453894238115,0.00170574133873933,0.0010930926808947075
310.0,0.002840400023962866,0.08601137943307119,0.005018422523070833,0.10409921552735375,0.0017080438592432046,0.0011128974709055078
311.0,0.0030023534735736236,0.08783530090884581,0.0052384558467745935,0.10460262768356686,0.0017118068355717923,0.0011379649205125416
312.0,0.003182856544541001,0.08965793864308338,0.00548963305729119,0.10515512325155663,0.0017169519957969009,0.0011682730405632635
313.0,0.0033832458717269,0.09147470583848896,0.005773781106749963,0.10575710824585796,0.0017233901222690367,0.00120378783004625
314.0,0.0036048926212606043,0.09328110549929705,0.006092784043058104,0.10640902134370332,0.0017310215496292567,0.0012444525222988804
315.0,0.0038491766750387737,0.09507275030316066,0.006448532479128952,0.10711129946941496,0.0017397368590930714,0.001290176259643317
316.0,0.004117454003504686,0.09684537018397138,0.006842861856469042,0.10786433281163807,0.0017494178060295346,0.001340822714716116
317.0,0.004411016391291357,0.0985948046502783,0.007277478940044059,0.10866840797869386,0.0017599385104122192,0.0013961993175519796
318.0,0.004731042786021641,0.10031697755597241,0.007753876525056276,0.1095236385445094,0.0017711669284821354,0.0014560478666500829
319.0,0.005078541736641137,0.10200785305904289,0.008273237051912272,0.11042988296019142,0.0017829666090983707,0.0015200373732242004
320.0,0.005454284700065263,0.1036633728155929,0.008836326703873095,0.1113866506861793,0.0017951987203035532,0.0015877599837518486
321.0,0.005858730449836905,0.10527937599169879,0.009443382572456659,0.11239299840264727,0.0018077243115585814,0.0016587307251002415
322.0,0.00629194144033166,0.1068515053358194,0.010093996564279697,0.11344741923040276,0.0018204067562685136,0.0017323916085603339
323.0,0.006753493777656948,0.10837510421485198,0.010787000810448184,0.11454772897437471,0.0018331142993201599,0.00180812032035117
324.0,0.007242383419662879,0.10984511103722142,0.011520360324487848,0.11569095440754057,0.0018457226172583854,0.001885243342145411
325.0,0.007756932343103969,0.11125595872221712,0.012291079420784083,0.11687322945721695,0.0018581172863081702,0.001963052929278516
326.0,0.008294699613605462,0.11260148769107413,0.013095128832601572,0.11808970574840227,0.0018701960473277229,0.0020408269815239996
327.0,0.008852403472873796,0.11387488113979678,0.013927400448386489,0.11933448421631379,0.0018818707581094646,0.0021178505283643394
328.0,0.00942586157755483,0.1150686310292806,0.01478169603671799,0.12060057435264471,0.0018930689327248458,0.0021934373646906534
329.0,0.01000995721262442,0.11617454226260654,0.015650755217480068,0.12187988705082381,0.0019037347845544219,0.0022669503416170357
330.0,0.010598639469229674,0.11718378093100315,0.016526326279086765,0.12316326594950913,0.0019138297131843737,0.0023378189435716156
331.0,0.011184964839925138,0.1180869703699204,0.01739928131981205,0.124440560663351,0.001923332203717849,0.002405553045401889
332.0,0.011761186300323275,0.11887433619484525,0.018259774744450053,0.12570074339941784,0.0019322371379773117,0.002469752101267934
333.0,0.012318893647497674,0.11953589864335512,0.019097441560453433,0.12693206829033224,0.001940554548060616,0.002530109420024574
334.0,0.012849205691729816,0.12006170762354504,0.01990162940098833,0.1281222704689321,0.0019483078713157576,0.0025864115790451194
335.0,0.013343011017991048,0.1204421130592705,0.020661655967828322,0.12925879962509934,0.0019555317899077316,0.0026385333777557787
336.0,0.013791249747677368,0.12066806062404906,0.021367081822506122,0.1303290806924055,0.0019622697562054502,0.002686429004688733
337.0,0.014185224452787568,0.12073140094061985,0.022007987301979365,0.13132079257053286,0.001968571316333197,0.0027301202737189073
338.0,0.014516924586393714,0.12062519892944121,0.022575241877709724,0.13222215453322214,0.001974489348228695,0.0027696828758802215
339.0,0.01477934598450242,0.12034402930997064,0.023060754531829417,0.13302220929490088,0.0019800773278845153,0.0028052316024444876
340.0,0.014966785590474305,0.11988424433852563,0.023457694646964646,0.1337110916572052,0.001985386729075338,0.0028369054386094494
341.0,0.015075091846202414,0.11924420070401612,0.023760674403137054,0.13428027222259076,0.0019904646490622345,0.00286485332343145
342.0,0.015101853290050527,0.1184244340536358,0.023965885617321832,0.13472276679144146,0.0019953517369165007,0.002889221238349216
343.0,0.015046511691904078,0.1174277718044554,0.024071186202410725,0.13503330365801744,0.002000080483576472,0.0029101411392382205
344.0,0.014910391221919242,0.11625937760383949,0.024076133813734718,0.13520844296946474,0.0020046739147262247,0.002927722097579711
345.0,0.014696641197404655,0.1149267238971615,0.02398196665321242,0.13524664447848836,0.002009144709998932,0.0029420438736839786
346.0,0.014410096272955416,0.11343949239006514,0.02379153369008689,0.135148282271391,0.0020134947555163606,0.002953153014410069
347.0,0.014057063887246018,0.11180940558166515,0.02350917862904784,0.1349156072656518,0.0020177151217774148,0.0029610614522809896
348.0,0.013645053757451944,0.11004999580876375,0.02314058372718182,0.1345526603374019,0.0020217864455922573,0.0029657474832101714
349.0,0.013182467744065651,0.10817632118806983,0.022692580965669305,0.1340651407703021,0.0020256796831741013,0.0029671589159702906
350.0,0.012678270201174922,0.10620464028819188,0.022172939073810776,0.13346023624435363,0.0020293571916285866,0.0029652181172646406
351.0,0.012141658898929644,0.10415205914179389,0.021590135453624617,0.13274642175623103,0.002032774087892825,0.0029598286209836363
352.0,0.011581754887393929,0.10203616519547636,0.020953122154216238,0.13193323565035692,0.0020358798276788066,0.0029508829283901826
353.0,0.011007326577979903,0.09987466292087842,0.020271094708800872,0.13103104132862403,0.002038619942228875,0.002938271097406322
354.0,0.010426559291349023,0.0976850250731864,0.01955327190846159,0.13005078320067515,0.00204093786780436,0.002921889704043827
355.0,0.009846877058593667,0.09548417205325989,0.01880869350252106,0.12900374505809262,0.002042776801938978,0.002901650757707349
356.0,0.009274819052639705,0.09328818964540578,0.01804604146295291,0.12790131834421223,0.0020440815217230286,0.0028774901649759868
357.0,0.008715969082517507,0.09111209275660057,0.017273488922132756,0.12675478680201543,0.002044800102816851,0.0028493753637083715
358.0,0.008174933402146992,0.08896963989877066,0.01649857929054152,0.125575132784189,0.0020448854835042906,0.0028173117906986666
359.0,0.007655359830820774,0.08687320026401565,0.01572813648514908,0.12437286917932802,0.0020442968257486853,0.0027813479008792774
360.0,0.007159989887279454,0.08483367255473508,0.014968205743106788,0.12315789952710395,0.002043000634628584,0.0027415785228110875
361.0,0.006690735226955422,0.08286045241779993,0.014224023236011905,0.12193940754119376,0.002040971608299356,0.002698146411780439
362.0,0.006248769990162379,0.0809614435116338,0.013500011692606317,0.12072577600176346,0.0020381932022320087,0.0026512419453148806
363.0,0.005834631524822341,0.0791431059656694,0.01279979851289849,0.11952453387621968,0.0020346579033322615,0.002601100992654603
364.0,0.0054483231400457325,0.07741053527522074,0.0121262524202116,0.11834232961852535,0.002030367221028071,0.002548001075328893
365.0,0.005089413893256927,0.07576756446638766,0.011481534533287695,0.11718492790673841,0.0020253314129472927,0.0024922560156892806
366.0,0.004757131763906656,0.07421688258645816,0.010867159814552267,0.11605722661160514,0.002019568971880885,0.002434209339136066
367.0,0.004450447812195593,0.07276016312730749,0.010284065117405141,0.11496329053684465,0.002013105907949044,0.0023742267492749838
368.0,0.004168149993388212,0.07139819676865868,0.009732680463600854,0.11390639841291417,0.002005974865008988,0.002312688029641302
369.0,0.003908906164608827,0.07013102373626294,0.009213000679747172,0.11288909973081458,0.001998214113268234,0.002249978738562364
370.0,0.003671316476800678,0.06895806202161753,0.008724655062102061,0.11191327823639458,0.001989866460850022,0.0021864820545511483
371.0,0.003453955804627462,0.06787822863678242,0.00826697328077316,0.11098021923283641,0.0019809781258825054,0.0021225710995858766
372.0,0.0032554071580328525,0.0668900519310319,0.007839046246559477,0.11009067822524007,0.0019715976078382826,0.0020586020198059417
373.0,0.003074287172753661,0.0659917737442636,0.00743978112376232,0.10924494885569316,0.001961774592692089,0.0019949080420967854
374.0,0.0029092648256547403,0.06518144079960839,0.007067950066859595,0.10844292849403087,0.0019515589213818475,0.0019317946562432775
375.0,0.002759074494099027,0.06445698524119643,0.006722232582100904,0.10768418024823304,0.0019409996454413671,0.0018695360015869788
376.0,0.002622524402182308,0.06381629460821633,0.006401251667023542,0.10696799052419056,0.0019301441878832983,0.0018083724698446085
377.0,0.0024985013910920322,0.06325727181482169,0.006103604066203783,0.10629342158767557,0.001919037621760431,0.0017485094764300908
378.0,0.002385972831738139,0.06277788589188343,0.00582788510770341,0.10565935885653285,0.0019077220735717031,0.0016901173044733232
379.0,0.0022839863763929463,0.06237621435705774,0.00557270866063562,0.10506455287685704,0.0018962362539871297,0.0016333318904961098
380.0,0.0021916681299113928,0.06205047812983178,0.0053367227895138696,0.10450765611457499,0.001884615114357039,0.0015782563987345461
381.0,0.002108219714791321,0.061799069912537204,0.005118621684697434,0.10398725482681247,0.0018728896241971132,0.001524963421536855
382.0,0.0020329146102836737,0.0616205769294223,0.0049171544286270045,0.10350189637044589,0.0018610866623015557,0.0014734976443867623
383.0,0.0019650940648028485,0.061513798864327555,0.00473113112184756,0.10305011236379856,0.001849229012291064,0.0014238788236462072
384.0,0.001904162812794014,0.061477761771873425,0.004559426847013202,0.10263043814727443,0.0018373354521798923,0.001376104940626883
385.0,0.0018495847711055059,0.061511728664019334,0.004400983897903515,0.10224142899544793,0.001825420926859041,0.001330155414720125
386.0,0.0018008788445557822,0.06161520739837716,0.004254812647576582,0.10188167352199201,0.0018134967921443353,0.0012859942789563233
387.0,0.0017576149343938913,0.061787956420343036,0.004119991377775264,0.10154980469454054,0.0018015711191325951,0.0012435732418464315
388.0,0.0017194102153439575,0.06202998884035513,0.003995665342406516,0.10124450884323075,0.0017896490479558582,0.0012028345784442173
389.0,0.0016859257255942301,0.062341575261864283,0.003881045292483169,0.10096453300769376,0.0017777331805423596,0.0011637138104581204
390.0,0.0016568632982681556,0.06272324571565302,0.0037754056490033644,0.10070869092545032,0.001765824002615718,0.0011261421495196732
391.0,0.0016319628515804893,0.06317579100212425,0.003678082474117853,0.1004758679222222,0.001753920325835892,0.0010900486892769746
392.0,0.0016110000471767044,0.0637002636948274,0.0035884713596128796,0.10026502492325531,0.0017420197416654684,0.0010553623409559425
393.0,0.0015937843213714104,0.06429797901518357,0.0035060253250546523,0.1000752017655534,0.0017301190792037874,0.0010220135137054068
394.0,0.0015801572915749294,0.06497051574922365,0.00343025279563846,0.09990551995474635,0.0017182148598511157,0.000989935545791576
395.0,0.0015699915396847031,0.0657197173410436,0.0033607157115450436,0.09975518497762072,0.0017063037422369498,0.0009590658959457349
396.0,0.0015631897752893076,0.06654769326329074,0.0032970278060980183,0.09962348825232328,0.0016943829513695336,0.0009293471063029958
397.0,0.0015596843839525405,0.06745682073078343,0.0032388530789169215,0.09950980877288941,0.0016824506864431285,0.0009007275497706713
398.0,0.0015594373694622975,0.0684497467876134,0.0031859044822674905,0.09941361448286413,0.0016705065021849982,0.0008731619756467958
399.0,0.001562440703665592,0.06952939075883008,0.003137942833650527,0.09933446339406853,0.0016585516590484483,0.000846611868120814
400.0,0.0015687171033539995,0.07069894701287867,0.003094775965097379,0.09927200445062746,0.0016465894379764103,0.0008210456331054082
401.0,0.001578321260657192,0.07196188792796583,0.0030562581194326223,0.09922597812477456,0.0016346254158871951,0.0007964386297754175
402.0,0.001591341561643884,0.07332196689183298,0.003022289605724381,0.0991962167192358,0.0016226676984852759,0.0007727730642654301
403.0,0.001607902337465539,0.07478322108724113,0.002992816730084808,0.09918264434072155,0.0016107271074884322,0.0007500377641811059
404.0,0.0016281667036009237,0.07634997372191937,0.0029678320237341823,0.09918527649984858,0.0015988173198989975,0.0007282278538429637
405.0,0.0016523400558038758,0.07802683524896512,0.0029473747976307267,0.09920421928436894,0.0015869549575379877,0.0007073443514013174
406.0,0.001680674306496073,0.079818702989061,0.002931532061827813,0.09923966804472827,0.001575159625708755,0.0006873937100134115
407.0,0.0017134729628884543,0.08173075840729671,0.0029204398578794597,0.09929190552369739,0.001563453900558005,0.0006683873260278222
408.0,0.0017510971683918145,0.08376846111362,0.00291428506390161,0.0993612993552911,0.001551863265446959,0.0006503410374543683
409.0,0.0017939728522339722,0.08593753844717239,0.002913307744132266,0.09944829885279236,0.0015404159974182806,0.0006332746358092481
410.0,0.0018425991589759686,0.08824396927318771,0.002917804127831676,0.09955343100206038,0.0015291430056229044,0.0006172114136450657
411.0,0.0018975583601150243,0.0906939603717816,0.0029281303159235704,0.09967729557526371,0.0015180776243275077,0.0006021777686733212
412.0,0.0019595274844004997,0.09329391353960644,0.002944706827672624,0.0998205592828168,0.0015072553638257056,0.0005882028833726623
413.0,0.0020292919419528,0.09605038127156595,0.002968024113648298,0.09998394888886965,0.0014967136231892448,0.0005753184963987617
414.0,0.0021077614596192416,0.09897000866008007,0.002998649174890622,0.10016824322960531,0.001486491369283539,0.0005635587790510899
415.0,0.0021959886907318817,0.10205945897031742,0.0030372334410954504,0.10037426409529422,0.0014766287868004332,0.0005529603266076558
416.0,0.0022951909105477486,0.1053253202558796,0.0030845220721160914,0.10060286596798539,0.0014671669041998877,0.0005435622706148493
417.0,0.002406775257423567,0.10877399041364641,0.0031413648562043845,0.10085492464816445,0.001458147200377525,0.0005354065143064299
418.0,0.0025323680264742504,0.11241153829015114,0.003208728883880529,0.1011313248567013,0.0014496111965721893,0.0005285380892828712
419.0,0.002673848563003932,0.1162435389030647,0.0032877131763098606,0.1014329469635166,0.001441600037493604,0.0005230056274206547
420.0,0.0028333883315196217,0.1202748815919262,0.0033795654390967843,0.10176065307156372,0.0014341540648950466,0.0005188619376490052
421.0,0.0030134957445083523,0.12450955102216746,0.0034857010931661947,0.10211527277304579,0.001427312385864991,0.0005161646726036894
422.0,0.0032170673124299093,0.128950382485621,0.003607724699559696,0.10249758899224415,0.001421112437006751,0.0005149770650401382
423.0,0.00344744560823208,0.1335987948972563,0.0037474538390132096,0.10290832443248682,0.0014155895444760843,0.000515368707981156
424.0,0.0037084844079772377,0.13845450727388267,0.003906945423277237,0.10334812924842902,0.0014107764786325408,0.0005174163455418886
425.0,0.004004621151599574,0.14351524723501863,0.004088524295106947,0.10381757066162348,0.0014067030009305656,0.0005212046328285137
426.0,0.004340956538100346,0.14877646305840955,0.004294813808254768,0.10431712531751876,0.0014033953997519737,0.0005268268128560873
427.0,0.004723340598051752,0.15423105383863758,0.004528767857298127,0.10484717523300043,0.0014008760113052108,0.0005343852457426564
428.0,0.0051584639418971135,0.15986913503357975,0.004793703539157584,0.10540800819004165,0.0013991627216524871,0.0005439917103282431
429.0,0.005653952035234228,0.16567785875480148,0.005093333264045729,0.1059998233751046,0.001398268446554258,0.0005557673809331528
430.0,0.006218459277781191,0.17164130912315262,0.005431794686331257,0.10662274292607811,0.0013982005873320476,0.0005698423627536141
431.0,0.006861758348673095,0.17774049242077852,0.005813676293496452,0.10727682980904327,0.001398960463531257,0.0005863546496022014
432.0,0.007594818734536962,0.18395343923833726,0.006244035880389863,0.1079621120886278,0.0014005427269751217,0.0006054483494585531
433.0,0.008429866614832747,0.19025543110148269,0.00672840846487901,0.10867861316649459,0.0014029347669413089,0.0006272710098956701
434.0,0.009380416416143199,0.1966193571583214,0.007272799504817132,0.10942638694107461,0.001406116122666425,0.0006519698715516729
435.0,0.010461262485316513,0.20301619771952276,0.007883658610692927,0.11020555610151031,0.0014100579270443338,0.0006796868895092617
436.0,0.011688417644742318,0.20941562140125075,0.008567828393173646,0.11101635094326133,0.0014147224138827599,0.000710552396983912
437.0,0.013078984107964256,0.21578667227355278,0.009332462744897446,0.11185914523879795,0.001420062529820263,0.0007446773508373028
438.0,0.014650941621700457,0.2220985139232933,0.010184908858982891,0.11273448489584857,0.001426021700104447,0.0007821442009945673
439.0,0.01642283806186147,0.2283211899196158,0.011132547775520111,0.11364310449152619,0.0014325338037417664,0.0008229965698117571
440.0,0.018413369352525213,0.23442635590581853,0.01218258936533218,0.1145859264018385,0.0014395234166854152,0.0008672281111832838
441.0,0.020640838779246794,0.24038793819355025,0.013341819530377852,0.11556403727326503,0.0014469063802779857,0.0009147711325540298
442.0,0.023122490753018442,0.24618267758994972,0.014616300096318723,0.11657863711204278,0.0014545907447641214,0.0009654857849484371
443.0,0.025873720973406514,0.25179052499225796,0.01601102538809261,0.11763095736901942,0.0014624781233511768,0.0010191508239215902
444.0,0.028907173727724687,0.25719486627207994,0.017529543694783614,0.11872214609197648,0.0014704654706819236,0.0010754570757240398
445.0,0.032231747557154695,0.2623825669831438,0.019173556491319126,0.11985312045487309,0.0014784472712532398,0.0011340047621488237
446.0,0.03585154230050829,0.2673438410861942,0.020942512995177052,0.12102438963349844,0.0014863180899000559,0.0011943057049015454
447.0,0.03976479288634799,0.2720719608001372,0.022833221875932168,0.12223585389041958,0.001493975400683239,0.0012557911245522366
448.0,0.043962847143026326,0.2765628356318869,0.02483950510756119,0.12348658861683325,0.0015013225759948265,0.0013178252782587334
449.0,0.048429254938133916,0.28081449668003733,0.0269519204630446,0.12477462468383126,0.001508271888552596,0.0013797245882261472
450.0,0.05313904244765118,0.2848265268955191,0.029157578504140823,0.12609673850912628,0.0015147473592675438,0.0014407812763894967
451.0,0.058058246463513694,0.28859947895432553,0.031440076828582735,0.12744826650475957,0.001520687277092092,0.0015002899383495865
452.0,0.06314377772655644,0.29213431995584704,0.03377956880859338,0.12882295884868014,0.0015260462249352404,0.0015575750604978566
453.0,0.06834366827427335,0.29543193681186714,0.03615297643543037,0.13021288670490994,0.0015307964688498063,0.0016120172862587928
454.0,0.07359773573720517,0.2984927286663789,0.03853434784896085,0.1316084150773192,0.0015349286043284483,0.0016630763081260309
455.0,0.07883866883484125,0.30131630384960084,0.04089535060132551,0.1329982504883191,0.00153845140031444,0.001710308590843711
456.0,0.08399350593311544,0.3039012896254949,0.04320588271355636,0.13436956878597298,0.001541390833789674,0.0017533786622689976
457.0,0.08898544653204879,0.306245254194565,0.04543477611233393,0.13570822384576833,0.0015437883603063494,0.0017920633565283225
458.0,0.09373590852790374,0.3083447327844595,0.047550561841962144,0.13699903306030498,0.0015456985135152124,0.0018262490630722675
459.0,0.09816672612197826,0.3101953437262857,0.049522263955884264,0.13822613066065698,0.0015471859654173422,0.0018559226380969079
460.0,0.10220237695360743,0.3117919764678106,0.05132018923062034,0.13937337546069667,0.0015483222059058867,0.0018811571074247462
461.0,0.10577213291295946,0.3131290315685558,0.05291668246892218,0.1404247959119531,0.001549182013953346,0.001902093597674268
462.0,0.10881204534032983,0.3142006926916751,0.054286821541309024,0.1413650526949675,0.0015498398938850622,0.001918921069586184
463.0,0.11126669825635303,0.31500121212104637,0.05540903167827209,0.14217989765750264,0.0015503666401865785,0.0019318554110360855
464.0,0.11309068817716823,0.3155251939549562,0.056265604085246085,0.14285660783467416,0.001550826175693738,0.0019411193097526836
465.0,0.11424981127080608,0.3157678623947512,0.05684310904611919,0.1433843745303475,0.0015512727836410744,0.0019469241056653073
466.0,0.11472195445169736,0.3157253060254335,0.05713269785720313,0.1437546298767638,0.0015517488266386967,0.0019494545578830373
467.0,0.11449769455692488,0.31539469232354006,0.057130290995225784,0.14396129671040905,0.001552283017524746,0.0019488571833761667
468.0,0.11358060908637342,0.3147744495807579,0.05683665192411334,0.14400095174163458,0.0015528892798907445,0.0019452325565725214
469.0,0.11198729511818954,0.3138644158653348,0.05625734714946766,0.1438728965627133,0.00155356621092408,0.0019386317150251054
470.0,0.10974708340555071,0.3126659565187808,0.0554025939406551,0.14357913574216602,0.0015542971364935496,0.0019290566015565116
471.0,0.10690142659276013,0.31118205303140195,0.05428699801915254,0.14312426581735888,0.0015550507281449715,0.001916464287446593
472.0,0.10350293819912831,0.3094173670194276,0.0529291848881499,0.14251528317487375,0.0015557821336984387,0.001900774560907869
473.0,0.09961406583240284,0.3073782835037459,0.051351330669442447,0.14176132238440808,0.0015564345572780269,0.00188188032672848
474.0,0.09530539959353435,0.30507293780967815,0.04957860145662251,0.1408733393497363,0.001556941210858983,0.0018596601450692753
475.0,0.0906536440630305,0.30251123018249937,0.04763851420366482,0.13986375552537525,0.0015572275480441214,0.0018339921418284088
476.0,0.08573931632214651,0.29970483163275424,0.04556023672877072,0.13874608033684585,0.001557213682295443,0.0018047684550266119
477.0,0.0806442677012994,0.29666718357036226,0.043373849006665376,0.13753452881307532,0.001556816886937563,0.0017719093490739571
478.0,0.07544915671530412,0.29341349245947745,0.04110959189838022,0.1362436503370465,0.0015559540736284011,0.0017353761399507138
479.0,0.07023101853620022,0.28996071907997656,0.0387971321472962,0.13488798246185865,0.0015545441502119806,0.0016951821360629412
480.0,0.06506107776239922,0.28632756014194133,0.0364648732678829,0.13348174110614147,0.0015525101681442357,0.0016514009148033515
481.0,0.06000293458327081,0.28253441817193947,0.03413934049246064,0.13203855536834713,0.0015497811837663909,0.001604171421140863
482.0,0.055111221649700066,0.2786033540448286,0.031844664140902076,0.13057125194465016,0.0015462937758281934,0.001553699583023897
483.0,0.05043078509451993,0.2745580155711272,0.02960217988978587,0.12909169096037953,0.0015419931826013075,0.0015002563740717089
484.0,0.04599639515939559,0.2704235354405097,0.027430156997622863,0.12761065216155684,0.0015368340441019917,0.001444172497276274
485.0,0.04183294701833411,0.2662263927521991,0.02534365736761473,0.1261377680400042,0.0015307807566536527,0.0013858300921540626
486.0,0.03795607662200523,0.26199423437706415,0.023354520268042567,0.12468149869345836,0.0015238074666396146,0.001325652060364805
487.0,0.03437309338772031,0.2577556553650044,0.021471460404418618,0.12324914208955365,0.0015158977464862064,0.0012640897431529308
488.0,0.031084122330750242,0.25353994123310986,0.01970026149703946,0.12184687288110324,0.0015070440077705365,0.001201609756075609
489.0,0.028083351427338928,0.24937677880805598,0.018044043957749275,0.12047980292896135,0.0014972467134607365,0.0011386807881667072
490.0,0.02536029267413257,0.24529594584561099,0.016503583790796618,0.11915205711340673,0.0014865134537501775,0.001075761108002787
491.0,0.02290098382127309,0.24132699242357514,0.015077660312154099,0.11786685872721019,0.0014748579482267157,0.0010132873995072776
492.0,0.02068907856679466,0.23749892871577155,0.013763412336842397,0.1166266196189927,0.0014622990319894226,0.0009516653925412514
493.0,0.018706793216325786,0.23383993398286065,0.012556685655262675,0.11543303118666222,0.0014488596756981737,0.0008912625768299848
494.0,0.016935695449245707,0.23037710043623402,0.011452358406656009,0.11428715322451792,0.001434566080343934,0.0008324031118030563
495.0,0.015357334825028967,0.22713622320928717,0.010444634900226719,0.11318949844757287,0.001419446877611108,0.0007753648860212844
496.0,0.01395372471810036,0.22414164432029104,0.009527302160675091,0.11214011122103103,0.0014035324567828467,0.000720378550129766
497.0,0.012707691743171993,0.22141615463355172,0.008693946725635449,0.11113863960019084,0.0013868544297688634,0.0006676282535883761
498.0,0.011603112006629944,0.21898095383749727,0.007938131852117204,0.11018440023947464,0.0013694452374055145,0.0006172537595498596
499.0,0.01062505440759572,0.21685566473036194,0.00725353725080818,0.10927643607104363,0.0013513378929389998,0.0005693535916447737
500.0,0.009759850426476613,0.21505839491587592,0.006634064789995246,0.1084135669002313,0.0013325658526865522,0.0005239888754934397
501.0,0.008995108005132927,0.21360583652958023,0.006073914373663394,0.10759443323451127,0.0013131629993179564,0.00048118756919403625
502.0,0.008319684742970308,0.21251339289540136,0.005567634505870611,0.10681753377142451,0.0012931637199827448,0.0004409488230642812
503.0,0.007723633077538524,0.21179532001151208,0.005110152017558903,0.10608125703306559,0.0012726030595490978,0.00040324726228141135
504.0,0.007198127637084511,0.21146487037724723,0.004696785157871797,0.1053839076618896,0.0012515169284031545,0.0003680370406565705
505.0,0.006735382697994687,0.211534426757449,0.0043232438306953416,0.10472372789377468,0.0012299423444410847,0.0003352555649527003
506.0,0.0063285657293088455,0.21201561389117704,0.003985620261316419,0.10409891470624075,0.001207917689910248,0.0003048268337904588
507.0,0.005971711384007698,0.21291937676314096,0.0036803728622171166,0.10350763310757119,0.0011854829654499824,0.0002766643715675071
508.0,0.005659638992942017,0.21425601478259246,0.0034043055687576194,0.10294802599007909,0.0011626800258732173,0.00025067376538566926
509.0,0.005387875602768434,0.21603516202096498,0.0031545444585419084,0.10241822092080842,0.0011395527847494324,0.0002267548320642942
510.0,0.005152585835391699,0.2182657045687196,0.002928513065379369,0.10191633418788625,0.001116147377541745,0.00020480345384241334
511.0,0.004950509292134662,0.22095562716458333,0.0027239074547634975,0.10144047236260922,0.001092512275780548,0.00018471312661531863
512.0,0.004778905842052228,0.2241117826629412,0.0025386718420727216,0.10098873157819087,0.0010686983474123858,0.00016637626493669574
513.0,0.004635508885673311,0.2277395798213254,0.002370975303260329,0.10055919466812197,0.001044758860961857,0.0001496853049573588
514.0,0.00451848654356743,0.23184258752674544,0.0022191899448206647,0.10014992625293151,0.0010207494334308334,0.0001345336412568367
515.0,0.004426410659597457,0.2364220571649537,0.0020818707587271688,0.09975896581697546,0.0009967279239019439,0.00012081642725333763
516.0,0.004358233512887683,0.24147636957560892,0.001957737282267336,0.09938431878071205,0.0009727542766018343,0.00010843126242486688
517.0,0.004313272186408046,0.2470004190639923,0.001845657106113322,0.09902394555363793,0.0009488903187171888,9.727878357932652e-5
518.0,0.004291200633637896,0.2529849542610233,0.0017446312211185577,0.09867574855458401,0.0009251995195536829,8.726317229463767e-5
519.0,0.00429204961131105,0.25941590404010695,0.0016537811605653477,0.09833755721635092,0.0009017467186970665,7.829258663843956e-5
520.0,0.004316214801690513,0.26627372573828806,0.0015723378760607038,0.0980071110585333,0.0008785978316843973,7.027952243979792e-5
521.0,0.0043644736301658785,0.2735328217807633,0.001499632278931733,0.097682041024242,0.0008558195423249665,6.314110767289475e-5
522.0,0.004438011492700459,0.2811610783048471,0.001435087382476397,0.09735984944160236,0.0008334789912195791,5.6799332793307935e-5
523.0,0.004538458343238165,0.2891195840408474,0.0013782119921291291,0.09703788919668202,0.0008116434702052539,5.1181219963804803e-5
524.0,0.004667936854488672,0.2973625878776663,0.0013285959094650505,0.09671334299566035,0.0007903801323886375,4.621893482379365e-5
525.0,0.0048291236572128105,0.3058377476392834,0.0012859066415431921,0.09638320395095258,0.0007697557271194588,4.184984560811415e-5
526.0,0.005025325482929816,0.3144867094697244,0.0012498876394869806,0.0960442591419858,0.0007498363686962351,3.801653584548065e-5
527.0,0.005260572380606247,0.3232460365432306,0.0012203581301012906,0.09569307825976206,0.000730687346805783,3.466677844324381e-5
528.0,0.005539730543778485,0.33204847845525726,0.0011972146530131952,0.09532600991530843,0.0007123729857085237,3.175348062041756e-5
529.0,0.00586863765988039,0.34082454088791275,0.0011804344752503859,0.09493918862927371,0.0006949565580443423,2.923461086775022e-5
530.0,0.006254264059427074,0.34950428259659766,0.0011700811280659293,0.09452855585839233,0.0006785002579191089,2.707312093547526e-5
531.0,0.006704903268184147,0.3580192379618689,0.0011663124008306077,0.09408989857074392,0.0006630652367236895,2.5236877886205337e-5
532.0,0.007230395801500787,0.36630434297184994,0.0011693912387208247,0.09361890875689854,0.0006487117040269577,2.3698623687339403e-5
533.0,0.007842390110920116,0.37429973441658104,0.001179700130887523,0.0931112667527488,0.000635499094958116,2.243598292770476e-5
534.0,0.008554644384455934,0.38195229842269407,0.0011977597516640189,0.09256275025517682,0.0006234863048186114,2.1431543410338464e-5
535.0,0.009383372243636093,0.3892168650202449,0.0012242528391201205,0.09196936936747768,0.0006127319912667475,2.067304012392001e-5
536.0,0.010347634026157718,0.39605697754905683,0.0012600545754168494,0.09132752591014115,0.0006032949442641885,2.0153681149948496e-5
537.0,0.011469772945544462,0.40244520475037343,0.0013062710875478198,0.09063419265533158,0.0005952345239416078,1.9872665410075834e-5
538.0,0.012775891507201868,0.4083630037091441,0.0013642881343401685,0.08988710528498979,0.0005886111664002585,1.983595816206496e-5
539.0,0.014296357525618359,0.41380017791595186,0.0014358326092146097,0.08908495705168488,0.0005834869568587212,2.0057412703553974e-5
540.0,0.016066320200877414,0.41875400230291937,0.0015230501955500104,0.08822758376606618,0.0005799262679813561,2.056035846335191e-5
541.0,0.018126204195461904,0.423228103746641,0.0016286033937639181,0.08731612533422875,0.0005779964580511195,2.137982018456099e-5
542.0,0.020522132844856933,0.42723119085891886,0.0017557952300120713,0.08635315009134253,0.0005777686181132629,2.256559523432746e-5
543.0,0.02330621031060943,0.43077572233121725,0.0019087252884691225,0.08534272996797701,0.0005793183484589768,2.4186503009757756e-5
544.0,0.02653656735369898,0.4338765913049514,0.002092486308020682,0.08429045819487375,0.0005827265319164967,2.6336240995003982e-5
545.0,0.03027704883405239,0.4365498873805779,0.0023134114569506306,0.08320340660608885,0.0005880800534237762,2.9141447889587283e-5
546.0,0.03459639790925063,0.4388117810466089,0.0025793845156297734,0.0820900261242212,0.0005954723913371141,3.277279946784067e-5
547.0,0.039566780404158515,0.4406775600946831,0.002900227459766774,0.08096000093355028,0.0006050039750078229,3.74602627317766e-5
548.0,0.04526150473614218,0.4421608358772857,0.003288182134654556,0.07982407327857415,0.0006167821645882937,4.351402112571895e-5
549.0,0.05175184251723266,0.44327293024558156,0.003758504452633816,0.0786938609412117,0.0006309206623411761,5.1353059033845034e-5
550.0,0.05910295644651268,0.4440224522759497,0.0043301901657526246,0.07758169266133139,0.0006475381100235347,6.15439277728187e-5
551.0,0.06736910289466606,0.44441507762174,0.0050268496999346796,0.07650048783573221,0.000666755565417325,7.485271088471742e-5
552.0,0.07658848943350285,0.4444535523396161,0.005877744178857965,0.07546370589891777,0.000688692486000369,9.231343401637977e-5
553.0,0.08677840191604815,0.4441379567859689,0.0069189833187315135,0.07448538829726416,0.0007134607856604783,0.00011531565367620925
554.0,0.09793141374782953,0.44346628248312714,0.008194865265160738,0.07358031252439413,0.0007411564829270137,0.00014571184171477045
555.0,0.11001357347069966,0.44243539343104826,0.00975930490183393,0.07276427390662293,0.000771848445269128,0.00018594001217922106
556.0,0.12296535870824984,0.44104245906780337,0.011677246676290609,0.07205450721310333,0.0008055637814415648,0.00023914670144308277
557.0,0.13670584250057208,0.439286952171206,0.014025887419934623,0.07147025703688818,0.0008422695802257158,0.00030927744998543027
558.0,0.1511399662056156,0.4371732913595916,0.016895443859084425,0.07103350340139326,0.0008818509845747377,0.0004010748941458958
559.0,0.16616815318542374,0.43471416133921115,0.02038909486717622,0.07076984722721004,0.000924086071571967,0.00051989132400474
560.0,0.1816968851781403,0.4319344504892525,0.024621627490619486,0.07070955911508796,0.00096861871463478,0.000671195960735595
561.0,0.19764845482708518,0.42887559453377405,0.02971625181154412,0.07088879422886794,0.0010149315344899898,0.0008596658739729396
562.0,0.21396800239005903,0.42559990890067423,0.03579907414424545,0.0713509754574612,0.0010623221361089458,0.0010878351540530573
563.0,0.23062615549398918,0.42219425529559557,0.04299089444926556,0.07214834529448294,0.0011098869251178235,0.0013544691364764582
564.0,0.24761606392645677,0.4187721743435986,0.051396378492889076,0.07334368127978384,0.0011565176378444837,0.0016530929278772027
565.0,0.2649442902433784,0.41547350752111023,0.06109126128455273,0.0750121551645821,0.0012009159531337981,0.0019712899953922055
566.0,0.282615857791622,0.4124606173193318,0.07210899067943603,0.07724328338502881,0.001241630806077041,0.002291291936404959
567.0,0.3006148041418517,0.4099106553090223,0.08442892591398661,0.0801428528983248,0.0012771210113693364,0.002591926392695136
568.0,0.3188828720825475,0.4080039162912023,0.09796857694796196,0.0838345951134207,0.0013058424835784349,0.0028513941469429692
569.0,0.33730038846074106,0.4069090597281736,0.1125821236435887,0.08846120387508832,0.0013263550324896522,0.003050017972838675
570.0,0.3556745326307276,0.40676671909576373,0.12806646925060203,0.09418404026305702,0.0013374391328456034,0.00317228236971142
571.0,0.3737403279838255,0.40767358691375194,0.14417453532168528,0.10118054788370193,0.001338209240021411,0.0032080013600818812
572.0,0.3911779366906048,0.40966933113287524,0.16063386011380704,0.10963807380624835,0.0013282082370896764,0.003152914728210834
573.0,0.40764584698240247,0.41272859826028296,0.17716739140931215,0.11974258661548291,0.0013074683048756993,0.0030091287175682217
574.0,0.4228242022032043,0.41675985862051884,0.19351307021165104,0.13166094165209538,0.0012765272188455742,0.0027855511417417935
575.0,0.4364580803500932,0.4216119425385933,0.2094394224919358,0.14551618757963813,0.0012363953823643372,0.0024980008149132153
576.0,0.44838953374046914,0.4270878594965157,0.22475559627650224,0.16135722872236558,0.0011884766567568897,0.0021683124397802317
577.0,0.4585706680674112,0.43296408208985554,0.2393156223972575,0.17912694820201178,0.0011344535754355316,0.0018218709612939901
578.0,0.4670564599388455,0.43901227840695667,0.25301773179730275,0.19863600311426519,0.00107615306908924,0.0014837420457562156
579.0,0.4739822043670714,0.44501991910914895,0.26580013371300437,0.21955144887214922,0.0010154110631769818,0.0011745330648445605
580.0,0.4795337585916927,0.4508065395143677,0.2776347645268269,0.24140826867999415,0.0009539528169863541,0.0009075289280741519
581.0,0.48391844410741186,0.4562336238753748,0.28852030199050926,0.2636467317790539,0.0008933012845940909,0.0006880522858256062
582.0,0.4873417988853359,0.46120767300542403,0.2984753775625024,0.28567042536357046,0.0008347195242534583,0.0005148506334674011
583.0,0.4899921609993106,0.4656774585700575,0.30753254717720946,0.3069122866379644,0.0007791869564556873,0.00038250146033355566
584.0,0.4920326155331375,0.4696273430080204,0.3157332750992034,0.32689295932083157,0.0007274044463261428,0.00028377578467993713
585.0,0.49359857451608724,0.47306873865671123,0.3231239725785246,0.3452589702083474,0.0006798204586242379,0.0002113534198014517
586.0,0.4947989855355728,0.4760314466718335,0.32975300666804536,0.36179569048625343,0.0006366698841078968,0.0001587756789658345
587.0,0.4957194590438599,0.4785560287443161,0.3356685345339677,0.376417871142171,0.0005980180482882591,0.00012080223040684328
588.0,0.49642609960324735,0.48068776854197504,0.34091700246077755,0.3891454466044403,0.000563804184203857,9.340802419985174e-5
589.0,0.49696930051522875,0.4824723201646222,0.3455421578094468,0.40007332550182517,0.0005338806443022346,7.36125322138075e-5
590.0,0.4973871227377649,0.48395286022266804,0.34958444315148923,0.40934208887650064,0.0005080459089004161,5.926155427937748e-5
591.0,0.4977081158225096,0.48516843504049184,0.35308066637004637,0.41711364267812895,0.0004860708072608434,4.882227372193188e-5
592.0,0.49795357422654324,0.4861531757069225,0.3560638641353856,0.4235532719357528,0.00046771826172671403,4.1214582556701895e-5
593.0,0.49813928831672,0.48693609296866636,0.35856329674115384,0.4288178134823253,0.0004527573576454178,3.5682026569412104e-5
594.0,0.49827687296143197,0.4875412256936119,0.3606045292072888,0.43304881606427115,0.00044097273543788483,3.169738808196714e-5
595.0,0.49837475729465647,0.48798797945925826,0.3622095669603637,0.43636933981235737,0.0004321703008998821,2.8895599239506435e-5
596.0,0.4984389093650097,0.48829154553601245,0.3633970247727275,0.43888317791059445,0.0004261801416731752,2.702704288302352e-5
597.0,0.49847335597150194,0.48846333201494063,0.3641823155504348,0.44067555025070715,0.0004228573833148974,2.592558678962509e-5
598.0,0.4984805446184018,0.48851136869737743,0.36457785154736344,0.4418145985960768,0.00042208155661685676,2.548709610013396e-5
599.0,0.4984615827473533,0.48844066777096384,0.3645932551051078,0.4423532494617793,0.00042375490066412876,2.5655367854631295e-5
600.0,0.4984163796929456,0.4882535356822627,0.3642355794305635,0.44233118907857333,0.0004277999037714343,2.6413356230952566e-5
601.0,0.4983437091110109,0.48794984012676407,0.36350954248274725,0.4417768184695345,0.0004341562899747311,2.7778227020123404e-5
602.0,0.49824120370720676,0.48752724136855397,0.3624177789155441,0.44070913665908,0.0004427775913956397,2.979924183229628e-5
603.0,0.4981052896841122,0.4869814003295208,0.3609611163043597,0.4391395476238751,0.0004536274039244234,3.2557772321933003e-5
604.0,0.4979310652251437,0.486306177773426,0.3591388825961321,0.43707361098285785,0.00046667540195303395,3.616891805172645e-5
605.0,0.4977121254365159,0.485493839828419,0.35694925183241066,0.43451276425617585,0.0004818931837470064,4.078427333206458e-5
606.0,0.4974403354766414,0.48453528515589234,0.35438963462927603,0.43145604031959006,0.0004992500287023001,4.659537538818293e-5
607.0,0.49710555422592545,0.4834203082157038,0.35145711855235795,0.42790179058083566,0.0005187086671137597,5.383728207129273e-5
608.0,0.49669531299386976,0.4821379111276325,0.3481489612879271,0.4238494049476322,0.0005402211876626431,6.2791587691876e-5
609.0,0.4961944576970304,0.4806766733990654,0.34446313628777864,0.41930099645194713,0.000563725232603681,7.378801390945843e-5
610.0,0.49558476896132575,0.47902518416502743,0.34039892631386015,0.4142629945636941,0.0005891406502688309,8.720354535808046e-5
611.0,0.4948445829356575,0.47717253561770717,0.33595755507796726,0.40874757053392363,0.0006163667837632894,0.00010345796875626319
612.0,0.49394844630363816,0.47510886927552437,0.33114284114702947,0.4027738047023773,0.0006452805690913158,0.0001230046850041981
613.0,0.49286685176251893,0.4728259592193377,0.3259618518235157,0.39636850347600716,0.0006757355923950493,0.0001463158657216899
614.0,0.49156611428577074,0.47031780922303185,0.32042552836795596,0.38956658534247623,0.0007075622137429913,0.00017386147488262607
615.0,0.4900084622350085,0.4675812348050288,0.31454924845222315,0.3824109814052806,0.000740568805953388,0.00020608239098689708
616.0,0.488152428349838,0.46461639760080736,0.30835328800860135,0.37495203432363267,0.0007745440861187476,0.0002433588011907533
617.0,0.4859536303436403,0.4614272588722515,0.30186314360884875,0.36724642522931256,0.0008092604420403076,0.0002859760732626806
618.0,0.4833660249727387,0.4580219217956306,0.2951096790091441,0.35935570416745954,0.0008444780842991208,0.0003340912484639056
619.0,0.4803436984486275,0.45441283824997614,0.28812906609073496,0.3513445382745204,0.000879949795794787,0.00038770390408778476
620.0,0.47684321608884833,0.4506168644729138,0.2809625012080165,0.34327881681886074,0.000915426011392045,0.0004466351962152461
621.0,0.4728264935526712,0.4466551600631126,0.27365569241427673,0.3352237595948837,0.0009506599452079134,0.0005105182928713954
622.0,0.4682640733030556,0.44255293510355537,0.2662581299994499,0.3272421646379151,0.0009854124929753276,0.0005788021767056287
623.0,0.4631386010713503,0.4383390594517651,0.2588221704909858,0.31939290579091645,0.0010194566692886282,0.0006507691298955834
624.0,0.45744821219866655,0.434045555587502,0.2514019806218695,0.31172975563615224,0.0010525813890100034,0.0007255644304094049
625.0,0.4512094757352186,0.42970700134727463,0.24405240061412048,0.3043005709667596,0.0010845944616392155,0.0008022352433572126
626.0,0.4444595251923972,0.4253598713585232,0.23682779367329598,0.29714684208586284,0.0011153247295891363,0.000879774676322237
627.0,0.43725704439711377,0.42104184629358615,0.2297809497549099,0.2903035780330529,0.0011446233394424895,0.0009571666359344994
628.0,0.4296818797226182,0.41679111765083315,0.22296210628454707,0.2837994796135086,0.0011723641844207419,0.0010334274601719712
629.0,0.4218332056320919,0.4126457131257585,0.21641813738184953,0.27765734120607605,0.0011984435935450536,0.0011076411519336715
630.0,0.4138263533235694,0.4086428641796929,0.21019194783654485,0.2718946196685327,0.0012227793673840815,0.0011789861713738512
631.0,0.40578858677105434,0.40481843346593943,0.20432209066798082,0.2665241123169663,0.0012453092725788488,0.0012467529178559155
632.0,0.3978542406944433,0.4012064155610929,0.19884260971156456,0.26155469374202506,0.0012659891093433943,0.0013103520570504823
633.0,0.3901596950171539,0.39783852015107973,0.19378309318443057,0.2569920711094572,0.0012847904602708167,0.0013693146117543184
634.0,0.38283864146642316,0.39474384260273426,0.18916891192115376,0.25283952795547654,0.0013016982175526315,0.0014232852013003818
635.0,0.37601801004868046,0.3919486228843957,0.1850216076137301,0.24909863620054898,0.0013167079714673264,0.0014720100088417276
636.0,0.36981479016818886,0.3894760902569687,0.18135939197580214,0.24576992450258864,0.0013298233276542956,0.0015153210384181615
637.0,0.36433383297911076,0.38734638819369044,0.1781977168033516,0.24285349785732308,0.0013410532057733199,0.0015531180669157026
638.0,0.3596665854077779,0.38557657170714266,0.17554987661562443,0.2403496084927757,0.0013504091587715039,0.0015853494680735899
639.0,0.3558906009770741,0.38418066769755727,0.1734276089830949,0.23825918171123442,0.0013579027409359734,0.0016119928419754826
640.0,0.35306960651635777,0.3831697880330621,0.17184166185774322,0.23658430258489677,0.0013635429447832073,0.0016330361639632282
641.0,0.35125387640952294,0.38255228469193814,0.17080230142793815,0.23532867049049433,0.0013673337220839513,0.0016484599976598277
642.0,0.3504806708370793,0.38233393623025924,0.17031973764562747,0.23449802850959398,0.0013692716033640473,0.0016582212131947913
643.0,0.3507745230554268,0.3825181548290558,0.1704044472725535,0.23410057378823465,0.001369343433485677,0.0016622386221920417
644.0,0.3521472055500145,0.3831062029480609,0.17106737595730387,0.2341473530124229,0.0013675242488669528,0.0016603809898737855
645.0,0.35459726088903937,0.3840974079068624,0.17232000160675562,0.23465264407736303,0.0013637753350330942,0.0016524580134063876
646.0,0.35810904826247786,0.3854893613185303,0.17417424149226313,0.23563432055033165,0.0013580425219730367,0.0016382150631747484
647.0,0.36265133128981203,0.38727808809923364,0.17664218568302395,0.2371141892616598,0.0013502547995238375,0.001617332763565771
648.0,0.368175517737358,0.3894581668000235,0.17973564028462258,0.23911828278360697,0.0013403233657198104,0.0015894328251852346
649.0,0.3746137568340925,0.39202277949390213,0.18346546653416088,0.24167707703079125,0.0013281412571249684,0.0015540918953052345
650.0,0.3818772002879628,0.3949636659278191,0.18784070717689746,0.24482558902371615,0.001313583750047671,0.001510865500165673
651.0,0.3898548274701182,0.39827095400686824,0.1928675009031671,0.2486032903267702,0.0012965097622039457,0.0014593242959047659
652.0,0.3984133036651441,0.40193283824563336,0.19854780003502687,0.25305374740590125,0.0012767645208512732,0.0013991046429899067
653.0,0.40739835507934147,0.4059350813957923,0.2048779268144312,0.2582238714461419,0.001254183788123374,0.001329974713153175
654.0,0.4166380745537448,0.41026032423949205,0.2118470294811603,0.26416262872007246,0.0012285999367855286,0.001251915601238144
655.0,0.42594839308959975,0.41488720689077296,0.21943552952010337,0.2709190325728479,0.0011998501364575145,0.0011652139105390237
656.0,0.4351406596743378,0.4197893338966872,0.22761368299362866,0.2785392176054138,0.0011677868257907065,0.0010705578065378443
657.0,0.4440308940634105,0.4249341557863593,0.23634040679915497,0.2870623994782868,0.0011322904939512909,0.0009691227825668257
658.0,0.45244988209617915,0.43028188981881144,0.24556253828170296,0.2965155707411531,0.0010932845618086618,0.0008626273024748143
659.0,0.46025296955117173,0.4357846568997469,0.2552146962497076,0.3069069017656207,0.0010507518344210916,0.0007533341245839473
660.0,0.4673282816133515,0.44138605910172196,0.2652198861879464,0.3182180361989373,0.0010047516018857625,0.0006439736010138658
661.0,0.4736022202727942,0.4470214466192848,0.2754909384540268,0.3303958133798933,0.0009554360283573537,0.000537574006650575
662.0,0.47904147338082786,0.4526191046133561,0.28593278701222197,0.34334440698924135,0.0009030640510140959,0.00043720279744051
663.0,0.4836513293959714,0.458102511432192,0.2964454963216185,0.3569193723930651,0.0008480107040000029,0.0003456492975057245
664.0,0.4874706949584537,0.46339367267985165,0.30692784067431184,0.37092549350414605,0.0007907697005507799,0.00026510563068263623
665.0,0.4905647093711605,0.46841733286387754,0.31728115311722177,0.38512038147063254,0.0007319473632723721,0.00019691668008748033
666.0,0.4930161299441116,0.4731056456946113,0.3274131091696919,0.3992252512539347,0.0006722466665158306,0.00014146119622715904
667.0,0.49491668516171766,0.4774027049856492,0.3372411069986596,0.41294305344730586,0.0006124412474063343,9.819366739398091e-5
668.0,0.49635939288140296,0.4812682650784971,0.3466949533884505,0.4259823149388334,0.0005533406424379361,6.583130910980293e-5
669.0,0.4974325028235098,0.484680056649773,0.35571865496016136,0.4380831573322465,0.0004957494828225664,4.263120218393559e-5
670.0,0.49821534629772946,0.4876343300056052,0.3642712285348663,0.44904077146500093,0.00044042461586468447,2.6685074777452676e-5
671.0,0.4987760455818169,0.4901445806049676,0.3723265609986067,0.45872177116915697,0.0003880347871851525,1.616784963780722e-5
672.0,0.4991708016990283,0.4922387413941789,0.379872447109139,0.46707045494658544,0.000339127394289666,9.502827318356991e-6
673.0,0.49944435785154406,0.49395537222985453,0.3869089996753728,0.47410452595336816,0.00029410586958906625,5.437227587402916e-6
674.0,0.4996312137302476,0.49533947989650845,0.39344665556446995,0.47990229798764866,0.0002532196557870346,3.0449208641413462e-6
675.0,0.49975721472114026,0.496438556206808,0.3995039962953708,0.4845849804077051,0.00021656685777483406,1.6835219928786809e-6
676.0,0.4998412269108851,0.4972992657374311,0.4051055722489705,0.4882979257758718,0.00018410791352661644,9.321134728880972e-7
677.0,0.49989670538135506,0.49796501144424976,0.41027987555807877,0.49119395044811626,0.00015568737309334024,5.286085521979364e-7
678.0,0.4999330499628457,0.49847441512972684,0.4150575585918345,0.493420539189122,0.0001310602952633451,3.170895131705264e-7
679.0,0.4999567092702142,0.49886060906772084,0.41946995019975986,0.495111461393842,0.00010991985855393423,2.0847672577903542e-7
680.0,0.49997203814218105,0.49915115804486343,0.42354788505889673,0.4963823935014903,9.192337694952267e-5,1.5365224486637782e-7
681.0,0.49998193821935905,0.49936841060908255,0.4273208343433563,0.4973296525495239,7.67147771552177e-5,1.2635223913086504e-7
682.0,0.49998832130326926,0.4995300970162121,0.43081630826325173,0.49803102653730436,6.394250487746757e-5,1.1289500680664508e-7
683.0,0.4999924355831525,0.4996500302493083,0.43405949137539374,0.4985478005575884,5.3272614549651755e-5,1.063059769581365e-7
684.0,0.49999509017553706,0.49973881037162265,0.4370730680553334,0.4989272934505862,4.4397371358152944e-5,1.0309105849001602e-7
685.0,0.4999968067903161,0.4998044718593266,0.4398771962572021,0.4992054477703252,3.704003891139835e-5,1.0152307336037681e-7
686.0,0.4999979205984946,0.4998530441162988,0.44248959107219243,0.4994092083727875,3.095667097004933e-5,1.0075641639855178e-7
687.0,0.49999864647837655,0.4998890164033164,0.44492568440376384,0.4995585658368961,2.5935724566602235e-5,1.0037960027504391e-7
688.0,0.4999991220924572,0.49991571121735523,0.44719883244965786,0.4996682324894759,2.1796220725462213e-5,1.0019295133565119e-7
689.0,0.4999994356847912,0.4999355767789035,0.44932054806225324,0.4997489712472599,1.8385045128661124e-5,1.0009956062875308e-7
690.0,0.4999996439180731,0.4999504117563938,0.45130074011763843,0.49980862256517733,1.55738382935352e-5,1.0005225692281589e-7
691.0,0.49999978327575534,0.4999615353356844,0.45314794657899565,0.49985288265243494,1.3255793756704881e-5,1.0002795450313944e-7
692.0,0.49999987733441964,0.49996991442384864,0.4548695519059642,0.49988588434942904,1.1342573440839947e-5,1.000152681802155e-7
693.0,0.4999999413982398,0.4999762579369986,0.4564719828109643,0.49991062570389583,9.761464596025971e-6,1.0000852843516101e-7
694.0,0.4999999854534906,0.49998108621687604,0.45796087910373395,0.49992928341221554,8.45284093425414e-6,1.0000487935964606e-7
695.0,0.5000000160547972,0.49998478188483786,0.45934123852691905,0.4999434405748084,7.367948222102515e-6,1.0000286339134157e-7
696.0,0.5000000375322504,0.49998762697037036,0.46061753611476636,0.4999542514338175,6.467007462981509e-6,1.0000172578323292e-7
697.0,0.5000000527663914,0.49998982996109803,0.46179381976172773,0.499962560174158,5.717612909158264e-6,1.00001069534568e-7
698.0,0.5000000636877244,0.4999915454893136,0.4628737844339605,0.49996898645592563,5.093394127907295e-6,1.0000068230035469e-7
699.0,0.5000000716001515,0.49999288865713876,0.4638608278644375,0.4999739869619592,4.5729085589087924e-6,1.0000044849019302e-7
700.0,0.5000000773914725,0.4999939454663299,0.46475809071208884,0.499977899704164,4.138731475747457e-6,1.0000030402400761e-7
701.0,0.5000000816711542,0.4999947804207152,0.4655684841042559,0.4999809759554078,3.7767126117708613e-6,1.0000021270576041e-7
702.0,0.5000000848610385,0.4999954420764935,0.4662947072805095,0.4999834033032749,3.475371989017466e-6,1.0000015369687702e-7
703.0,0.5000000872554424,0.4999959671017817,0.4669392577668605,0.49998532232967374,3.2254110927851585e-6,1.0000011476872401e-7
704.0,0.5000000890612327,0.4999963832513336,0.46750443617516185,0.4999868387062276,3.019319096522162e-6,1.0000008860834367e-7
705.0,0.5000000904247186,0.4999967115496923,0.46799234737577733,0.49998803198360764,2.8510571580543443e-6,1.0000007076212098e-7
706.0,0.5000000914498015,0.49999696789451215,0.46840489945572006,0.4999889619870084,2.7158067820618255e-6,1.0000005847211919e-7
707.0,0.5000000922102829,0.49999716423280155,0.4687438015644501,0.49998967346841705,2.6097708462109683e-6,1.000000500069619e-7
708.0,0.5000000927582247,0.4999973094200753,0.46901056147345055,0.4999901994791325,2.530018130916192e-6,1.0000004427149064e-7
709.0,0.5000000931296112,0.4999974098412769,0.4692064834360717,0.4999905637914893,2.4743641092929083e-6,1.0000004057663424e-7
710.0,0.5000000933481252,0.499997469849486,0.46933266672932517,0.4999907826013569,2.4412823894283587e-6,1.0000003850359223e-7
711.0,0.5000000934275703,0.4999974920614222,0.46939000508471923,0.4999908656714981,2.4298426047428047e-6,1.000000378255419e-7
712.0,0.5000000933732685,0.4999974775357928,0.4693791870643569,0.4999908170221484,2.439671769371101e-6,1.000000384666508e-7
713.0,0.5000000931826244,0.49999742585025453,0.46930069730372215,0.4999906352331989,2.4709372021400823e-6,1.0000004048814486e-7
714.0,0.5000000928449342,0.49999733508411537,0.4691548184157777,0.4999903133875279,2.5243501208804757e-6,1.0000004409790627e-7
715.0,0.500000092340422,0.4999972017060184,0.4689416332241048,0.49998983865360325,2.6011899629102627e-6,1.0000004968566932e-7
716.0,0.5000000916383863,0.4999970203579358,0.4686610268582215,0.49998919147415627,2.703350441180099e-6,1.0000005789203964e-7
717.0,0.5000000906942249,0.49999678351807725,0.46831268809511484,0.4999883442932608,2.833409342705945e-6,1.0000006972814995e-7
718.0,0.500000089444949,0.4999964810148958,0.4678961091618437,0.4999872597129396,2.9947251619866972e-6,1.0000008677651616e-7
719.0,0.5000000878025914,0.4999960993511967,0.4674105830208056,0.499985887918134,3.1915648853334316e-6,1.000001115271986e-7
720.0,0.5000000856445919,0.4999956207800387,0.46685519694003297,0.49998416313992455,3.429268654493971e-6,1.0000014794506137e-7
721.0,0.5000000827997838,0.49999502205081026,0.4662288209062394,0.49998199883382116,3.714458696369243e-6,1.0000020243930796e-7
722.0,0.5000000790278969,0.4999942727120297,0.46553008917179955,0.4999792811225251,4.055301871584865e-6,1.0000028554501468e-7
723.0,0.5000000739894114,0.49999333281350766,0.4647573729451182,0.4999758598766932,4.461837533951216e-6,1.0000041488466612e-7
724.0,0.5000000672009373,0.4999921497895858,0.46390874194690257,0.49997153656326443,4.946385173039017e-6,1.0000062046573672e-7
725.0,0.5000000579687051,0.4999906542202387,0.46298191227564034,0.49996604765152075,5.524049597995269e-6,1.0000095430451304e-7
726.0,0.5000000452887156,0.4999887540481075,0.4619741777692275,0.4999590418942491,6.213345265857423e-6,1.000015081766971e-7
727.0,0.5000000276957409,0.49998632666320575,0.4608823218322208,0.4999500491424917,7.036965790282582e-6,1.0000244684544737e-7
728.0,0.5000000030333028,0.49998320803373386,0.45970250653467587,0.4999384374347699,8.022729667842734e-6,1.0000407115762502e-7
729.0,0.49999996810072483,0.49997917773404377,0.45843013569102514,0.4999233538258622,9.204738729063275e-6,1.0000693950632269e-7
730.0,0.49999991810767574,0.4999739382616319,0.4570596886028948,0.4999036426512419,1.0624791530220325e-5,1.0001210469798386e-7
731.0,0.4999998458252499,0.4999670863921619,0.4555845211987517,0.4998777324804018,1.233409941867114e-5,1.000215814971592e-7
732.0,0.4999997402556404,0.49995807342418597,0.45399663142047636,0.4998434796577039,1.439535759938938e-5,1.0003927982834228e-7
733.0,0.49999958453346544,0.4999461499187051,0.4522863858842173,0.49979795175774827,1.6885226043868887e-5,1.000728861804174e-7
734.0,0.49999935259371125,0.49993028881904805,0.45044220507647964,0.4997371281151883,1.989727375781171e-5,1.0013769010103919e-7
735.0,0.49999900384920737,0.499909078487001,0.4484502046491295,0.49965548638254825,2.3545432205867906e-5,1.0026442432892483e-7
736.0,0.4999984746402814,0.49988057402334424,0.4462937907964548,0.49954543335012674,2.7967986006291685e-5,1.0051542203418035e-7
737.0,0.49999766442797267,0.4998420910470159,0.44395320834017793,0.4993965246158138,3.333209656156736e-5,1.0101804945459946e-7
738.0,0.49999641339755924,0.49978992069276024,0.44140504121027246,0.4991944009548204,3.9838800958668084e-5,1.0203402992409967e-7
739.0,0.4999944659894589,0.4997189378431425,0.4386216668108437,0.4989193498525525,4.7728346911688e-5,1.0410317773336373e-7
740.0,0.4999914113403425,0.49962206664842296,0.4355706687831737,0.49854438031313425,5.728560670393572e-5,1.0834066044934247e-7
741.0,0.49998658583120814,0.49948955877355,0.43221421760215334,0.4980326817267109,6.884515155434553e-5,1.1704856969686033e-7
742.0,0.4999789135282789,0.4993080319452108,0.4285084361718793,0.4973343312077105,8.279535801095855e-5,1.3496376672706464e-7
743.0,0.4999666451397738,0.49905921204624687,0.4244027792538824,0.4963821326618423,9.958066194447786e-5,1.7177441560756105e-7
744.0,0.4999469319967718,0.4987183261517182,0.41983947248440484,0.49508653845433614,0.00011970078764038768,2.471169203600666e-7
745.0,0.4999151338813052,0.49825211443053297,0.414753080283674,0.4933297565833696,0.00014370549244362992,4.003026851657926e-7
746.0,0.49986370200456803,0.49761647726417846,0.4090703032596072,0.49095943083858623,0.00017218314045186947,7.087858266598714e-7
747.0,0.4997803934074379,0.49675386511227626,0.40271014511099057,0.4877827522030376,0.00020574134159207253,1.32216307471155e-6
748.0,0.4996454528614738,0.49559066836333593,0.39558463520779785,0.4835625528972004,0.00024497808323075294,2.5224390518171205e-6
749.0,0.499427239376364,0.4940350829445174,0.38760034159013707,0.47801781776946684,0.0002904423719331146,4.825949588368856e-6
750.0,0.499075586077702,0.49197620720832363,0.37866095085101714,0.4708319344893179,0.00034258450485020407,9.145854427035449e-6
751.0,0.498512004536622,0.48928542198578695,0.36867121020093163,0.46167244871213564,0.0004016977419469348,1.7032009438450474e-5
752.0,0.4976157789694655,0.485821315657119,0.3575424987661469,0.4502253436104814,0.0004678552518068948,3.0989115735543305e-5
753.0,0.49620525122294756,0.4814393678507796,0.34520018842599043,0.4362440471956903,0.000540848461525723,5.483300272839996e-5
754.0,0.4940145450686795,0.47600708486298193,0.3315927361022413,0.4196080595634998,0.0006201348591548785,9.396972843876728e-5
755.0,0.4906681711080817,0.46942412306019193,0.3167020971700863,0.4003792496137407,0.000704804250146693,0.00015538047197257798
756.0,0.48565999708562874,0.4616451911757714,0.30055457299604643,0.37883851301226634,0.0007935718734093626,0.0002470140715134321
757.0,0.4783491090564451,0.45270161291141536,0.2832306703504957,0.35548588307236295,0.0008848043285732181,0.0003763298846464439
758.0,0.46799164738828547,0.4427161731002659,0.26487209559537095,0.33099601826998637,0.0009765801259864258,0.0005480144912352697
759.0,0.45383001436014025,0.43190617730936626,0.2456838333993035,0.3061360472031337,0.0010667815641690875,0.0007614204899176103
760.0,0.4352504167250088,0.4205719657231585,0.22592957481072976,0.281666761471229,0.0011532096819264841,0.001008777706079309
761.0,0.41198894912407513,0.4090719015007791,0.20591967262056132,0.25825333346013174,0.0012337103950107963,0.0012752317127771816
762.0,0.3843209952045039,0.3977886439495927,0.18599221797131665,0.23640567615271738,0.001306298439431298,0.0015410259768189024
763.0,0.35313846834436047,0.3870936907625644,0.16648940865571954,0.21645572754318787,0.0013692666216117907,0.0017850692259155116
764.0,0.3198446600803654,0.37731690212319163,0.14773261269095087,0.19856667917897125,0.0014212706982627162,0.0019885217248976597
765.0,0.28608296417711543,0.36872540964529577,0.12999996244916398,0.1827624466719404,0.0014613841311781064,0.0021372923172126084
766.0,0.25340699387513604,0.3615132179269262,0.11350975836278311,0.16896506852794368,0.001489121045898567,0.002223106110834651
767.0,0.2230226402741199,0.35580020430753084,0.09841160628089429,0.15703087913762304,0.001504429226287824,0.0022434484140706323
768.0,0.19567524084216995,0.3516378040090517,0.08478553360005903,0.14678046149205976,0.0015076574992430472,0.0022008999773224912
769.0,0.17167310368809044,0.3490184373312108,0.07264785807068375,0.13802079416051713,0.0014995033345552916,0.002102244680535777
770.0,0.15099022406311,0.34788628351892087,0.06196168405086539,0.13056009896520354,0.0014809470517985288,0.001957495889774539
771.0,0.13338871343786482,0.3481478477500044,0.05264966856304855,0.12421683027356736,0.0014531789205857334,0.001778829626058106
772.0,0.1185238572105051,0.3496815509252931,0.044606999481376766,0.11882442820328125,0.0014175248801978732,0.0015793910636494185
773.0,0.10601847290660849,0.35234612708708496,0.037713117964858815,0.1142332587768944,0.001375375751349444,0.001372024483836524
774.0,0.09550800037167463,0.35598791321956835,0.03184136413931121,0.11031083385466534,0.001328123776739699,0.001168084994741363
775.0,0.08666356436174544,0.3604472119656023,0.02686627311046141,0.1069410763730238,0.001277109191169531,0.0009765391684536369
776.0,0.0792007299301555,0.3655638770515281,0.022668630323500243,0.10402312740584925,0.0012235783655701494,0.0008035112478616482
777.0,0.07288002351554544,0.37118218730414865,0.019138610428915608,0.10146999295991196,0.0011686539762127137,0.0006523076048261765
778.0,0.06750330920793567,0.37715499278223746,0.016177406994490644,0.09920719282218293,0.0011133167029679259,0.000523822879333914
779.0,0.0629084942875771,0.3833470675412268,0.013697756395430506,0.09717148751938615,0.0010583972252277835,0.0004171569738811107
780.0,0.05896392612514022,0.3896375984123945,0.01162370777900618,0.09530970877562137,0.001004576798390589,0.0003302705771765406
781.0,0.05556315199636495,0.3959217721485582,0.009889921051810895,0.09357769225085928,0.0009523944600939437,0.00026055613565090474
782.0,0.05262031716722563,0.40211147912419215,0.008440704276159448,0.09193930001611685,0.0009022589042950361,0.00020526533333269225
783.0,0.05006626600362729,0.4081352126218153,0.007228939922010516,0.09036551783193933,0.0008544632216073442,0.00016178647945591805
784.0,0.04784530916440303,0.4139372935537257,0.0062149995446650836,0.08883361450000797,0.0008092009755830341,0.00012779568360543533
785.0,0.04591257830183238,0.4194765821076859,0.005365708736173887,0.08732635453775514,0.0007665824087947234,0.00010131659389012843
786.0,0.04423187903934978,0.42472484758175355,0.004653397093867881,0.0858312594994697,0.000726649901854648,8.072194872129985e-5
787.0,0.042773956923137076,0.42966495809816674,0.004055049369625318,0.08433991655727789,0.0006893921092087312,6.470310104760287e-5
788.0,0.041515100788694005,0.43428902851019646,0.003551561837916346,0.08284733512927661,0.0006547564481464925,5.2225545339765935e-5
789.0,0.04043601915763255,0.438596634079378,0.0031271004635695676,0.08135135340748798,0.000622659814424231,4.2481538108945385e-5
790.0,0.03952093589391886,0.44259316514355457,0.002768553239463769,0.07985209678750588,0.0005929975403301174,3.484583102670423e-5
791.0,0.038756860659753326,0.4462883682135539,0.00246506702701788,0.07835148970106029,0.0005656507053750158,2.8837217053409566e-5
792.0,0.03813299758047755,0.44969509418214304,0.002207658591221241,0.07685282146981413,0.000540491965042502,2.4086621455762965e-5
793.0,0.037640262076935674,0.4528282555457841,0.0019888897326852026,0.0753603657608441,0.0005173900886404676,2.0311424149161935e-5
794.0,0.03727088126136077,0.4557039815825407,0.0018025971120677955,0.07387905220027938,0.0004962134019582001,1.7295230695124878e-5
795.0,0.03701805783552523,0.45833895250896745,0.0016436682938022018,0.07241418780028312,0.00047683232143365596,1.487217070960867e-5
796.0,0.03687568127073726,0.46074988968853225,0.001507856551661996,0.07097122513258466,0.0004591211495576606,1.2914835379006084e-5
797.0,0.036838073350467085,0.4629531778949425,0.0013916279844721911,0.0695555736563047,0.00044295928044243597,1.132507481821208e-5
798.0,0.036899758050716415,0.46496459648160393,0.0012920354330704265,0.06817245026999674,0.00042823194271288497,1.0027008017029725e-5
799.0,0.03705524832765627,0.46679913829920594,0.0012066145428115144,0.06682676498443768,0.0004148305859538625,8.96172616127715e-6
800.0,0.0372988447603094,0.46847089776234996,0.0011332980696479999,0.06552303757522318,0.00040265299790497874,8.083282437289592e-6
801.0,0.037624443219183686,0.4699930121971088,0.0010703451824264536,0.0642653411444624,0.0003916032229279505,7.355654534112339e-6
802.0,0.038025350836804514,0.4713776432523811,0.0010162830756172488,0.0630572686741467,0.00038159133810961634,6.750440540757316e-6
803.0,0.0384941115538152,0.4726359875848485,0.0009698586842543052,0.061901918869665284,0.00037253313160988925,6.2451071360776875e-6
804.0,0.03902234438726147,0.473778308161575,0.0009299986964992881,0.060801897854037855,0.0003643497182968001,5.8216537259334424e-6
805.0,0.0396005992698106,0.47481397934644465,0.0008957763990028955,0.05975933356820432,0.0003569671200502644,5.465590231013956e-6
806.0,0.0402182367678522,0.4757515404571037,0.0008663841754216982,0.05877590004853667,0.00035031583206759605,5.165151946665928e-6
807.0,0.04086333911069675,0.476598753724318,0.0008411107172466806,0.05785284907907051,0.00034433039178306574,4.910694235970795e-6
808.0,0.04152266065090572,0.47736266358929696,0.0008193222053805909,0.05699104704288246,0.000338948963361127,4.69422432586732e-6
809.0,0.042181626029894614,0.47804965507175823,0.0008004468861628311,0.05619101511529879,0.00033411294790901367,4.50903834859526e-6
810.0,0.04282438386622762,0.4786655095660497,0.0007839626009373003,0.05545297124270825,0.0003297666273808412,4.3494399139714295e-6
811.0,0.043433922674889554,0.47921545690521056,0.0007693869367160802,0.05477687262731971,0.00032585684844375744,4.210522589961183e-6
812.0,0.04399225397017618,0.47970422290053727,0.0007562697488899755,0.05416245768432177,0.0003223327512058062,4.0880032101073615e-6
813.0,0.04448066516153206,0.4801360718404228,0.0007441878663716482,0.053609286649298094,0.0003191455465483987,3.978096282029573e-6
814.0,0.0448800420292949,0.4805148436368179,0.0007327418256727159,0.05311678018787347,0.00031624834476910165,3.877422206232141e-6
815.0,0.04517125741188013,0.4808439854571593,0.0007215544938050921,0.05268425549549509,0.0003135960372486389,3.782943721080567e-6
816.0,0.045335619411037954,0.48112657778740986,0.00071027143154574,0.05231095947353141,0.00031114523185447055,3.6919261105540724e-6
817.0,0.045355369085175894,0.4813653549483843,0.0006985628203467933,0.05199609863017595,0.00030885424174489885,3.6019173579959942e-6
818.0,0.045214214383064874,0.48156272014029194,0.0006861267311045619,0.05173886538351207,0.0003066831261228411,3.510744698022054e-6
819.0,0.04489788406227966,0.48172075512411255,0.0006726934557758239,0.05153846044259235,0.00030459378030438895,3.4165240032359264e-6
820.0,0.04439468259020904,0.481841224664935,0.0006580305597813344,0.051394110913873116,0.0003025500712273823,3.3176782407037013e-6
821.0,0.04369602457053464,0.48192557586102136,0.0006419482521372937,0.051305083728318705,0.00030051801325739556,3.2129609522274248e-6
822.0,0.04279692511650137,0.481974932459928,0.0006243046202805154,0.0512706939125692,0.00029846597789390077,3.1014804665988925e-6
823.0,0.04169642090088359,0.48199008421422185,0.0006050102469205376,0.051290307139597376,0.00029636492978929896,2.982720455886793e-6
824.0,0.04039789554688674,0.481971471247177,0.0005840317255909054,0.05136333589468396,0.0002941886804265076,2.8565526048569834e-6
825.0,0.03890928290905155,0.4819191632752711,0.0005613936266075142,0.05148922848681807,0.00029191414991824063,2.723237650142124e-6
826.0,0.03724312308356736,0.4818328333609208,0.0005371785394573425,0.05166745003118336,0.0002895216267519092,2.5834118994761818e-6
827.0,0.0354164492263016,0.48171172563794107,0.0005115249306248224,0.05189745443562444,0.00028699501495917063,2.438057542856074e-6
828.0,0.03345048898017269,0.4815546161576262,0.0004846227020550998,0.05217864635775299,0.0002843220581747523,2.2884565386419526e-6
829.0,0.03137017290422989,0.4813597656421113,0.00045670650449921375,0.05251033208074881,0.00028149453038088377,2.136129464004834e-6
830.0,0.029203453806487385,0.48112486250541886,0.00042804703732279007,0.05289165831433948,0.0002785083838005633,1.9827622850456616e-6
831.0,0.026980454857423668,0.48084695401954564,0.00039894073465949337,0.053321538102751156,0.00027536384536398773,1.8301253349549605e-6
832.0,0.024732479726567884,0.4805223629804331,0.0003696983790379825,0.05379856336557142,0.00027206545435625546,1.6799897107641946e-6
833.0,0.022490933047686523,0.4801465866961943,0.0003406332815463189,0.05432090417500065,0.00026862203516260546,1.5340466786373162e-6
834.0,0.02028621213381348,0.47971417462320265,0.0003120497101507462,0.05488619575874472,0.00026504660034560413,1.3938354540733011e-6
835.0,0.01814663877447665,0.479218580581097,0.00028423222906037693,0.05549141549014158,0.00026135618050324963,1.2606839219917723e-6
836.0,0.016097501251808467,0.47865198527846076,0.0002574365334534225,0.05613275385364125,0.0002575715783803426,1.1356655909574275e-6
837.0,0.01416027035313739,0.47800508500268046,0.0002318822342404382,0.056805485587442764,0.0002537170455059609,1.019574509794561e-6
838.0,0.01235203929783584,0.4772668429353395,0.00020774788184241763,0.05750384986856048,0.00024981988026383234,9.129182230743821e-7
839.0,0.010685217641830263,0.4764242008589243,0.0001851683352841951,0.05822095136480662,0.00024590994694015145,8.159273136447704e-7
840.0,0.009167486024707763,0.47546175128194684,0.00016423440360630018,0.05894869691189307,0.00024201911622856895,7.285788505223581e-7
841.0,0.007801995377480656,0.47436137353884306,0.00014499452940763984,0.0596777849535094,0.00023818062930156385,6.506302448049298e-7
842.0,0.006587774177653234,0.4731018425727374,0.00012745816381349575,0.060397765966930396,0.00023442839031848466,5.816596593228651e-7
843.0,0.005520293084662596,0.47165842625870213,0.00011160040702279926,0.061097190995188067,0.00023079619650085516,5.211091951707554e-7
844.0,0.004592129194783998,0.47000249661678967,9.736746102262267e-5,0.06176386123634103,0.00022731692081211433,4.6832751090805027e-7
845.0,0.003793672252684032,0.46810119231044534,8.468245718849602e-5,0.06238518379184861,0.000224021669596737,4.22609205540359e-7
846.0,0.0031138212909056742,0.46591718433325924,7.345127267893562e-5,0.06294862715221959,0.00022093894552321257,3.832290915795922e-7
847.0,0.0025406304060088705,0.4634086130874752,6.356802426055579e-5,0.06344225572991463,0.00021809385357583156,3.4947028665684927e-7
848.0,0.0020618745336016984,0.4605292815502336,5.492001411323632e-5,0.06385530774404138,0.000215507393012482,3.206457724943679e-7
849.0,0.0016655181926594309,0.4572292029801065,4.739198794994426e-5,0.06417876792681952,0.00021319587945209755,2.9611365065670705e-7
850.0,0.0013400808189775143,0.45345560809169067,4.086964258212319e-5,0.06440587909055585,0.00021117053726636567,2.752867388123403e-7
851.0,0.001074900745297365,0.4491545097097961,3.5242382240905193e-5,0.06453253722547488,0.0002094372927563027,2.5763739943410747e-7
852.0,0.0008603059404113797,0.4442728956396901,3.0405368234744164e-5,0.06455752463080078,0.0002079967838651612,2.426985946664807e-7
853.0,0.0006877035063136835,0.4387615666738129,2.6260935433733423e-5,0.06448255360927967,0.00020684458423331993,2.300621477048067e-7
854.0,0.0005496020339349874,0.43257855354017055,2.271946411174295e-5,0.06431211636069388,0.0002059716208782928,2.1937509784789523e-7
855.0,0.00043958162167686296,0.4256929380751972,1.9699800249827103e-5,0.06405316041841634,0.0002053647485571582,2.1033489719183336e-7
856.0,0.0003522259858501896,0.4180887832792548,1.7129314911518853e-5,0.06371462869926461,0.0002050074323773735,2.0268404013396186e-7
857.0,0.0002830298919520001,0.409768767584092,1.4943686555048485e-5,0.06330691555273237,0.00020488048492822827,1.96204563586307e-7
858.0,0.00022829333697983758,0.4007570510684729,1.3086481144371879e-5,0.06284129365324122,0.00020496280534708011,1.9071271964954564e-7
859.0,0.00018501174590245068,0.3911009055012244,1.1508594907365802e-5,0.062329361836695685,0.00020523207440927398,1.8605401038900104e-7
860.0,0.00015076914664376636,0.38087073491683004,1.016761428954369e-5,0.06178255328980955,0.00020566537024492074,1.8209868803118585e-7
861.0,0.00012363907829853103,0.37015829672744016,9.027137506237228e-6,0.061211729832890555,0.00020623968162847427,1.787377616385649e-7
862.0,0.00010209604155430356,0.35907317709934045,8.056092431395153e-6,0.06062687423557173,0.00020693230807521023,1.7587950947774445e-7
863.0,8.49387262260443e-5,0.3477378290693578,7.228076661446149e-6,0.060036880684406754,0.00020772114676769778,1.7344647053045082e-7
864.0,7.122508556611455e-5,0.3362816904847996,6.520737703022025e-6,0.059449434834198345,0.0002085848747563016,1.713728746901655e-7
865.0,6.021854917564673e-5,0.32483501439088736,5.915204531312264e-6,0.05887096958648881,0.00020950304061929869,1.6960246550612257e-7
866.0,5.134421644928171e-5,0.3135230451962593,5.395576336088853e-6,0.05830668047731456,0.00021045608295750307,1.680866690031275e-7
867.0,4.415367427604568e-5,0.30246106877252454,4.94847010075159e-6,0.0577605846117226,0.00021142529414092866,1.6678306498865089e-7
868.0,3.8297059916573747e-5,0.29175068766725,4.56262564690115e-6,0.05723560865828213,0.0002123927471513384,1.6565412186114324e-7
869.0,3.3501076653113446e-5,0.2814774697112417,4.228564765265789e-6,0.05673369379838745,0.00021334120171134855,1.6466616124834239e-7
870.0,2.9551814862376992e-5,0.27170993238726887,3.9382998568800185e-6,0.05625590816218307,0.00021425400362595038,1.6378852417368078e-7
871.0,2.628139857783175e-5,0.2624996857517552,3.685086936855872e-6,0.05580255980648966,0.00021511498874990368,1.6299291544873303e-7
872.0,2.355764435301699e-5,0.2538824754662511,3.4632177329749295e-6,0.055373305490898965,0.00021590840048861022,1.622529073448921e-7
873.0,2.1276072244353834e-5,0.24587984149481512,3.2678457946147907e-6,0.05496725229824503,0.00021661882739772967,1.615435871260934e-7
874.0,1.935374191289933e-5,0.2385011246252125,3.0948418958736324e-6,0.054583050517995196,0.0002172311653481989,1.6084133560525864e-7
875.0,1.7724498585321943e-5,0.23174559607159956,2.9406744807694263e-6,0.05421897720577984,0.00021773060689465122,1.6012372544611269e-7
876.0,1.6335304892718384e-5,0.2256045400453694,2.802311394131098e-6,0.05387301051105862,0.00021810265891856326,1.5936952844051914e-7
877.0,1.5143407696421462e-5,0.2200631740131959,2.677139626280055e-6,0.05354289529475719,0.00021833318828693143,1.5855882047336248e-7
878.0,1.411414666121349e-5,0.21510233937121748,2.562900246140848e-6,0.05322620080206949,0.00021840849414061123,1.576731714292281e-7
879.0,1.3219256292339858e-5,0.2106999331976159,2.457636091543888e-6,0.052920371265893607,0.000218315404472661,1.5669590505838523e-7
880.0,1.2435547905983625e-5,0.20683207907175635,2.359650121537621e-6,0.052622770336363076,0.0002180413938508411,1.5561241104532824e-7
881.0,1.1743884693321832e-5,0.2034740527691423,2.2674726140822044e-6,0.05233072019434257,0.00021757471846236371,1.544104885328621e-7
882.0,1.1128383435856067e-5,0.20060098880989452,2.1798356183953104e-6,0.05204153613539913,0.00021690456410356615,1.5308069753901093e-7
883.0,1.0575791961046142e-5,0.19818839835597993,2.0956532521511432e-6,0.05175255732224521,0.00021602120230030194,1.5161669249868895e-7
884.0,1.0075003221597842e-5,0.19621252962780414,2.0140065791505e-6,0.051461174308946284,0.00021491614943003467,1.5001551101164886e-7
885.0,9.616675821436203e-6,0.19465060030923617,1.9341319233296065e-6,0.051164853846059295,0.00021358232353130619,1.4827779118832855e-7
886.0,9.192937580028283e-6,0.19348092842480644,1.8554115805430071e-6,0.050861161386073675,0.00021201419343951918,1.4640789306841364e-7
887.0,8.797153850998351e-6,0.1926829846616094,1.7773659903311905e-6,0.050547781624763165,0.00021020791498853835,1.4441390360882945e-7
888.0,8.423746195668724e-6,0.19223738555820583,1.699646534474542e-6,0.05022253733672775,0.0002081614492717793,1.423075106720409e-7
889.0,8.06804996802168e-6,0.19212584367699037,1.6220282441906648e-6,0.04988340669219867,0.00020587465836647908,1.4010373904615641e-7
890.0,7.72620163329421e-6,0.19233108795549372,1.5444018274753171e-6,0.04952853917648941,0.0002033493744873004,1.3782055032816855e-7
891.0,7.395048401274313e-6,0.19283676494157712,1.4667645734917647e-6,0.04915627017275243,0.00020058943924065428,1.3547831784078592e-7
892.0,7.07207414773818e-6,0.193627329544452,1.3892098501078185e-6,0.04876513421262968,0.00019760071048212708,1.3309919683770462e-7
893.0,6.755336730048335e-6,0.19468793223198758,1.3119150786556162e-6,0.0483538768480678,0.00019439103521256296,1.3070641823905211e-7
894.0,6.443412755366835e-6,0.19600430821338333,1.2351282391159663e-6,0.04792146505153777,0.00019097018795329924,1.2832354023630078e-7
895.0,6.135346689710648e-6,0.19756267299935593,1.159153119711307e-6,0.047467096012151,0.0001873497750824478,1.2597369567575218e-7
896.0,5.830601942093725e-6,0.19934962776709933,1.084333666976213e-6,0.04699020416305392,0.00018354310665263032,1.2367887377384657e-7
897.0,5.529012243466084e-6,0.2013520771195081,1.0110379057419919e-6,0.0464904662526075,0.00017956503820530997,1.214592723378454e-7
898.0,5.230732275119347e-6,0.2035571610728928,9.396419746565745e-7,0.04596780425989246,0.00017543178600736803,1.193327514827728e-7
899.0,4.936187085037078e-6,0.20595220240156628,8.705148560490547e-7,0.045422385955547415,0.000171160719924189,1.1731441236587604e-7
900.0,4.646020354705469e-6,0.20852466979030054,8.040043668146388e-7,0.04485462292303343,0.00016677013877784732,1.1541631544996522e-7
901.0,4.361042029426098e-6,0.21126215658765965,7.404249211318262e-7,0.044265165883729085,0.00016227903349360005,1.1364734313902239e-7
902.0,4.082176186480215e-6,0.21415237431641218,6.800474817103709e-7,0.043654897211673226,0.0001577068435963178,1.1201320221082891e-7
903.0,3.81041027299662e-6,0.21718315949288258,6.230919927602904e-7,0.043024920579291796,0.0001530732126738602,1.1051655312563434e-7
904.0,3.546746988549998e-6,0.22034249175363546,5.697224462757302e-7,0.04237654774215528,0.0001483977482801391,1.0915724666615525e-7
905.0,3.292160112256991e-6,0.2236185208083505,5.200445860791841e-7,0.04171128254591222,0.0001436997914198121,1.079326438760297e-7
906.0,3.0475554843421045e-6,0.22699959935676964,4.7410611379713284e-7,0.04103080231847046,0.00013899820026117712,1.0683799306524418e-7
907.0,2.813738160231722e-6,0.2304743188483703,4.3189913856341735e-7,0.04033693689113364,0.00013431115209295387,1.0586683764822812e-7
908.0,2.591386481523516e-6,0.2340315448449428,3.9336451633605396e-7,0.03963164556933622,0.00012965596680836216,1.0501143047422467e-7
909.0,2.3810334792268678e-6,0.2376604487806815,3.583976606693456e-7,0.03891699244252538,0.00012504895440334954,1.0426313365854307e-7
910.0,2.1830556706817677e-6,0.24135053310578622,3.2685537655890867e-7,0.03819512047959436,0.00012050528815218983,1.0361278721416409e-7
911.0,1.9976689633917033e-6,0.245091647142496,2.9856327123273083e-7,0.0374682248978146,0.00011603890430886769,1.0305103449969146e-7
912.0,1.824931064985426e-6,0.24887399146260164,2.7332332637010703e-7,0.03673852631704544,0.00011166242840845951,1.0256859717898283e-7
913.0,1.6647495417824466e-6,0.2526881091899373,2.5092126906269566e-7,0.036008244215881724,0.00010738712753620543,1.0215649666005636e-7
914.0,1.5168944848709774e-6,0.25652486331064034,2.3113344665308041e-7,0.03527957119222897,0.00010322288731383866,1.0180622258919841e-7
915.0,1.3810146398983922e-6,0.26037539980361135,2.1373298595916727e-7,0.034554648498650656,9.917821183745042e-5,1.0150985177942941e-7
916.0,1.2566558344164728e-6,0.2642310971464726,1.9849509345350903e-7,0.03383554327479408,9.526024439659132e-5,1.0126012291354499e-7
917.0,1.1432805869336817e-6,0.26808350347068,1.852014240083534e-7,0.033124227838164905,9.147480651235885e-5,1.010504735271103e-7
918.0,1.0402878916559879e-6,0.27192426329677416,1.7364350763397512e-7,0.032422561323972934,8.782645264967846e-5,1.0087504625054639e-7
919.0,9.47032325743143e-7,0.27574503634364245,1.6362527363690728e-7,0.031732273888436545,8.431853787818762e-5,1.0072867120935911e-7
920.0,8.6284180410962e-7,0.2795374113447616,1.5496474873963533e-7,0.03105495361159008,8.09532957664208e-5,1.0060683099615577e-7
921.0,7.870334934833147e-7,0.2832928180959051,1.4749503015916574e-7,0.030392036158782856,7.773192388232071e-5,1.0050561387966387e-7
922.0,7.189275780462477e-7,0.2870024410850855,1.4106464763849443e-7,0.02974479718778961,7.465467442543468e-5,1.0042166002894739e-7
923.0,6.578587322391775e-7,0.29065713800616355,1.355374317913936e-7,0.029114347423262934,7.172094771797622e-5,1.0035210460562094e-7
924.0,6.031852946298265e-7,0.29424736623017633,1.307920019923227e-7,0.02850163026400138,6.89293865191866e-5,1.0029452068714356e-7
925.0,5.542962461451937e-7,0.2977631199093312,1.267209775899879e-7,0.02790742174237266,6.62779693869949e-5,1.0024686417943647e-7
926.0,5.106161756322239e-7,0.301193879833677,1.2323000344882808e-7,0.027332332619747733,6.376410158097826e-5,1.0020742218484668e-7
927.0,4.716084673081918e-7,0.30452857747526996,1.2023666643663897e-7,0.0267768123769637,6.138470227088619e-5,1.0017476572253584e-7
928.0,4.3677697157969293e-7,0.3077555738746546,1.1766936482959782e-7,0.02624115484413283,5.913628707688171e-5,1.0014770725090069e-7
929.0,4.0566642732078447e-7,0.31086265319375733,1.1546617868205709e-7,0.02572550520874049,5.701504521445725e-5,1.001252631055897e-7
930.0,3.778618947185105e-7,0.31383702992936435,1.1357377665180505e-7,0.025229868143823744,5.501691074344242e-5,1.0010662072736156e-7
931.0,3.52987437782662e-7,0.316665368008054,1.1194638393820133e-7,0.024754116807920834,5.313762762312442e-5,1.0009111039482025e-7
932.0,3.307042686513046e-7,0.31933380932387656,1.1054482700955462e-7,0.024298002484192994,5.137280845203448e-5,1.000781810813999e-7
933.0,3.107085353021077e-7,0.3218280087886134,1.0933566363094844e-7,0.02386116464645345,4.971798692040242e-5,1.0006738000861433e-7
934.0,2.927289028547328e-7,0.3241331726884092,1.0829040120890469e-7,0.023443141263715623,4.816866412576676e-5,1.0005833545530094e-7
935.0,2.765240482502992e-7,0.32623409711707474,1.0738480243664776e-7,0.023043379181298684,4.6720348998584e-5,1.0005074239442641e-7
936.0,2.6188016000934723e-7,0.32811520350886886,1.0659827441885902e-7,0.02266124444465413,4.5368593156497284e-5,1.0004435055629732e-7
937.0,2.486085097623251e-7,0.32976056883101085,1.0591333564267523e-7,0.02229603246111231,4.410902055523632e-5,1.0003895455312157e-7
938.0,2.3654314067820613e-7,0.3311539488123729,1.053151541237277e-7,0.02194697792398467,4.293735233335984e-5,1.0003438573996428e-7
939.0,2.2553869986522522e-7,0.33227879366021285,1.0479114959964862e-7,0.021613264452155292,4.184942725983848e-5,1.0003050552786868e-7
940.0,2.1546842718106978e-7,0.33311825702072256,1.0433065260633994e-7,0.021294033925694327,4.084121819063786e-5,1.0002719990405627e-7
941.0,2.0622230146524924e-7,0.3336552004324671,1.0392461352260268e-7,0.020988395523255824,3.9908844925825545e-5,1.0002437495034113e-7
942.0,1.9770533674718757e-7,0.333872197159492,1.0356535510316837e-7,0.020695434489102188,3.9048583835159284e-5,1.0002195318349024e-7
943.0,1.898360152323379e-7,0.3337515410226768,1.0324636256058526e-7,0.020414220675437047,3.825687459041312e-5,1.0001987056998009e-7
944.0,1.8254484056925876e-7,0.33327526761737625,1.0296210584574435e-7,0.02014381691814675,3.753032430954916e-5,1.0001807409247763e-7
945.0,1.7577299379522476e-7,0.33242519704530166,1.0270788937516616e-7,0.019883287309874476,3.6865709383806376e-5,1.000165197666387e-7
946.0,1.6947107517163956e-7,0.33118300891411534,1.0247972503396015e-7,0.019631705432487056,3.625997522616055e-5,1.0001517102479109e-7
947.0,1.635979175433591e-7,0.3295303617564305,1.0227422483016267e-7,0.01938816260061816,3.571023415050634e-5,1.0001399739812908e-7
948.0,1.5811946052541236e-7,0.3274490700382676,1.0208851007980388e-7,0.019151776148637785,3.5213761567031514e-5,1.0001297344156667e-7
949.0,1.5300767931440803e-7,0.32492135236168873,1.0192013445846946e-7,0.018921697765271434,3.4767990661922004e-5,1.0001207785574527e-7
950.0,1.4823956676306776e-7,0.32193016405444075,1.0176701866352429e-7,0.018697121844055108,3.437050571956197e-5,1.0001129276919981e-7
951.0,1.437961720352652e-7,0.3184596257595278,1.0162739479275776e-7,0.018477293775618808,3.401903424303016e-5,1.0001060315065422e-7
952.0,1.3966170317089316e-7,0.31449555652483757,1.0149975886226024e-7,0.018261518062096915,3.371143803354025e-5,1.0000999632710276e-7
953.0,1.3582270378361333e-7,0.31002611487492926,1.0138283016154513e-7,0.018049166088273345,3.344570340048814e-5,1.000094615879601e-7
954.0,1.322673155463358e-7,0.30504254410849474,1.0127551638009361e-7,0.017839683342566286,3.321993068922364e-5,1.0000898985931954e-7
955.0,1.2898463790022412e-7,0.29954000844213813,1.0117688363936567e-7,0.017632595848183108,3.3032323331267574e-5,1.0000857343540189e-7
956.0,1.259641945520701e-7,0.2935184947253141,1.0108613073057472e-7,0.01742751554519935,3.288117663868768e-5,1.0000820575673978e-7
957.0,1.231955129975898e-7,0.28698374080648303,1.0100256699388058e-7,0.017224144361802304,3.276486657771788e-5,1.0000788122662923e-7
958.0,1.2066781889726606e-7,0.27994813729612483,1.0092559338195691e-7,0.017022276730192198,3.26818387634621e-5,1.0000759505898332e-7
959.0,1.1836984214032828e-7,0.2724315361089331,1.008546863332184e-7,0.01682180034069607,3.263059791499082e-5,1.0000734315201187e-7
960.0,1.1628972642760483e-7,0.2644618889894283,1.0078938414071076e-7,0.016622694985522882,3.260969799626916e-5,1.0000712198318729e-7
961.0,1.1441502973703307e-7,0.25607563478957784,1.0072927554540211e-7,0.016425029418134653,3.2617733242024237e-5,1.0000692852178742e-7
962.0,1.1273279956906839e-7,0.24731775807102319,1.0067399031116246e-7,0.016228956240270213,3.2653330228887564e-5,1.0000676015597179e-7
963.0,1.112297047183857e-7,0.23824145551779136,1.0062319155688654e-7,0.016034704919544052,3.2715141102149585e-5,1.0000661463188047e-7
964.0,1.0989220461846062e-7,0.22890737126994123,1.0057656963262696e-7,0.015842573128724894,3.280183800968868e-5,1.0000649000267049e-7
965.0,1.0870673800956558e-7,0.21938239641623156,1.0053383733449238e-7,0.015652916675800165,3.291210873050539e-5,1.000063845857474e-7
966.0,1.0765991458358674e-7,0.20973806825279037,1.0049472626009906e-7,0.015466138355222307,3.3044653419930065e-5,1.0000629692672413e-7
967.0,1.0673869604447302e-7,0.2000486464401915,1.0045898411452117e-7,0.015282676090509989,3.319818233140351e-5,1.000062257688624e-7
968.0,1.0593055631979243e-7,0.19038897973416358,1.0042637278720972e-7,0.015102990754116457,3.337141432000282e-5,1.0000617002693396e-7
969.0,1.0522361409672471e-7,0.18083230252493013,1.0039666703377011e-7,0.014927554042114008,3.356307588932474e-5,1.0000612876458885e-7
970.0,1.0460673411274685e-7,0.1714481104720435,1.003696536127181e-7,0.014756836751061809,3.3771900513747615e-5,1.0000610117444363e-7
971.0,1.0406959646410887e-7,0.1623002571114423,1.0034513074581432e-7,0.014591297756582598,3.3996627954200965e-5,1.0000608656020813e-7
972.0,1.0360273545349485e-7,0.15344538956747567,1.0032290779045043e-7,0.014431373933082617,3.423600328794143e-5,1.0000608432025998e-7
973.0,1.031975511220055e-7,0.14493180538758357,1.0030280503283394e-7,0.01427747118760915,3.448877539093798e-5,1.0000609393215401e-7
974.0,1.0284629761624416e-7,0.13679876989729733,1.0028465353042647e-7,0.014129956713760298,3.475369464387676e-5,1.0000611493762236e-7
975.0,1.0254205300099299e-7,0.1290762907917234,1.0026829495039569e-7,0.01398915250878024,3.5029509677404346e-5,1.000061469276812e-7
976.0,1.0227867514695446e-7,0.12178530962981576,1.0025358136711677e-7,0.013855330142274788,3.5314963026561695e-5,1.000061895275156e-7
977.0,1.0205074801907488e-7,0.11493824244508054,1.0024037499561705e-7,0.013728706720846029,3.560878562578204e-5,1.0000624238086603e-7
978.0,1.0185352217807145e-7,0.10853978563105206,1.0022854784914225e-7,0.013609441960530632,3.5909690141785765e-5,1.000063051336923e-7
979.0,1.016828526854174e-7,0.10258789834688664,1.0021798131778548e-7,0.013497636258268468,3.6216363209849024e-5,1.0000637741694575e-7
980.0,1.0153513694931181e-7,0.09707487711181101,1.0020856567157287e-7,0.013393329643847462,3.652745670717375e-5,1.0000645882834267e-7
981.0,1.014072544233599e-7,0.09198844934641971,1.0020019949586151e-7,0.013296501493384188,3.6841578263639015e-5,1.0000654891310467e-7
982.0,1.0129650950773008e-7,0.08731282750068219,1.0019278906975898e-7,0.01320707089256672,3.7157281273492775e-5,1.0000664714371989e-7
983.0,1.0120057852422529e-7,0.08302968151211423,1.0018624769991654e-7,0.0131248975506496,3.747305473013529e-5,1.0000675289888451e-7
984.0,1.0111746124863398e-7,0.07911900268730132,1.0018049502286036e-7,0.013049783182645821,3.778731325866767e-5,1.000068654419129e-7
985.0,1.010454371833091e-7,0.07555984541048844,1.0017545628934771e-7,0.012981473295563085,3.8098387765941244e-5,1.0000698389905497e-7
986.0,1.0098302653180531e-7,0.0723309437091059,1.0017106164434356e-7,0.012919659333371226,3.840451716391897e-5,1.0000710723833333e-7
987.0,1.0092895568422241e-7,0.06941120750928753,1.0016724541631758e-7,0.01286398115339286,3.8703841647586496e-5,1.0000723424970482e-7
988.0,1.0088212692431765e-7,0.06678010860249955,1.0016394542979222e-7,0.01281402982295996,3.899439802156921e-5,1.0000736352755464e-7
989.0,1.008415920154748e-7,0.06441796932108196,1.0016110235548089e-7,0.012769350738667482,3.9274117568057886e-5,1.0000749345673466e-7
990.0,1.0080652930142232e-7,0.06230616816611138,1.0015865911291334e-7,0.01272944708077327,3.954082693058522e-5,1.0000762220354144e-7
991.0,1.0077622395985926e-7,0.06042727661952972,1.0015656034104945e-7,0.012693783621810265,3.979225245168696e-5,1.0000774771317464e-7
992.0,1.0075005106517235e-7,0.05876514052241728,1.0015475195285632e-7,0.012661790911017686,4.002602834586473e-5,1.0000786771529287e-7
993.0,1.0072746114402775e-7,0.05730491805336948,1.0015318078993609e-7,0.01263286985465142,4.023970901137635e-5,1.0000797973926282e-7
994.0,1.0070796793995866e-7,0.056033084753742524,1.0015179439276528e-7,0.012606396706651025,4.0430785684835216e-5,1.0000808114054828e-7
995.0,1.0069113813645287e-7,0.05493741440368511,1.0015054090065501e-7,0.012581728474745193,4.059670752203434e-5,1.0000816913937912e-7
